UKBprotID	cispQTLs	transpQTLs	allpQTLs	polygen_comp	total_herit	THcis	THtrans	protID	R2_G	R2_E	R2_GxE	R2_Covars	R2_test_lasso	R2_train_lasso
SIRPA:P78324:OID20304:v1	0.772901908753621	0.00847860544705847	0.78138051420068	0.1093	0.89068051420068	0.867765597687116	0.00951924434393559	SIRPA	0.786572156158239	0.0035143245607694	0.0325590320256818	0.011642532146914	0.834236962095293	0.837455020096789
LILRB5:O75023:OID20324:v1	0.794063235181574	0.00343758621610368	0.797500821397677	0.09	0.887500821397677	0.894718310154402	0.00387333299668389	LILRB5	0.803149210435784	6.63556725693405e-06	0.00631400632873583	0.00955450867612319	0.818973790777152	0.820047743872705
FUCA1:P04066:OID20261:v1	0.0672915052950639	0.697925513895414	0.765217019190478	0.1012	0.866417019190478	0.0776664167538359	0.805530706850044	FUCA1	0.744839931074859	0.00107758140589935	0.0623253311215947	0.0247881884377172	0.832945740493525	0.836169260008485
TLR3:O15455:OID20612:v1	0.77325134202652	0.00586061977711083	0.779111961803631	0.0818	0.860911961803631	0.898177021964638	0.00680745539280542	TLR3	0.781725631395105	0.00180569711802027	0.0280886911033796	0.0214453610075075	0.83304087490811	0.836928913719746
CD33:P20138:OID21472:v1	0.778705362277487	0.0107200822023492	0.789425444479836	0.0696	0.859025444479836	0.906498599408792	0.0124793535176836	CD33	0.724785070131306	0.00161559267148161	0.0526424564377366	0.0111328259265792	0.790099502432294	0.792339345693238
MICB_MICA:Q29980_Q29983:OID20593:v1	0.773873727739134	0.0126103477133107	0.786484075452445	0.0608	0.847284075452445	0.91335804620887	0.0148832582585443	MICB_MICA	0.643243330122756	0.000642982561474842	0.0456484633132668	0.0122461106938543	0.701742820395869	0.705240454726051
DKKL1:Q9UK85:OID21313:v1	0.732510727558744	0.0254149219493182	0.757925649508062	0.0873	0.845225649508062	0.866645171008569	0.0300688011114076	DKKL1	0.720568163607315	0.0016348358698844	0.0585859613389417	0.0437665878515651	0.824504620707369	0.828742485608786
PDGFRB:P09619:OID20268:v1	0.732571437106075	0.00421549180000169	0.736786928906077	0.0964	0.833186928906077	0.879240194115738	0.00505947903615863	PDGFRB	0.71018685589328	0.00139898740686022	0.0542983180855885	0.0175583992533115	0.783365628710467	0.788174381731924
MST1:P26927:OID30713:v1	0.689653916284686	0.00940072124131252	0.699054637525998	0.1106	0.809654637525998	0.851787767673399	0.0116107792206781	MST1	0.563843479179553	0.00242362212039713	0.0795166100199687	0.00394575548753037	0.649590427067101	0.658688770982149
DBH:P09172:OID30703:v1	0.654651391615165	0.00787125873196725	0.662522650347133	0.1283	0.790822650347133	0.827810623946855	0.00995325403048604	DBH	0.625378208662396	0.00205430431077783	0.0379687685148394	0.0185282922664945	0.683873454317995	0.687737434535517
IL17RA:Q96F46:OID21089:v1	0.722537593112286	0.00368357467871582	0.726221167791002	0.0547	0.780921167791002	0.925237556507956	0.0047169609822917	IL17RA	0.579609968779867	0.000574961512679888	0.0720896946074069	0.00282332477356252	0.65503924638796	0.66026128571541
CCL24:O00175:OID20772:v1	0.648307263293255	0.0174598500354576	0.665767113328713	0.1118	0.777567113328713	0.833763738435252	0.0224544605040113	CCL24	0.638314677702397	0.00201289513231853	0.0495701075649859	0.0415797575162716	0.731442265470999	0.736857050305096
MBL2:P11226:OID30759:v1	0.650666618947228	0.0409739684025201	0.691640587349749	0.0852	0.776840587349749	0.837580617623273	0.0527443713288796	MBL2	0.68379363976685	0.0044487967077594	0.0354304240737235	0.0240158535350843	0.747575484216807	0.752208902614851
PNLIPRP2:P54317:OID20775:v1	0.679722666313884	0.0225042516854853	0.70222691799937	0.0745	0.77672691799937	0.875111510316468	0.0289731837071514	PNLIPRP2	0.696159649401639	-5.55525237676527e-05	0.0130684606309554	0.00525675786109954	0.714378273805282	0.715305171907308
TPSAB1:Q15661:OID20642:v1	0.633602822063733	0.020421444287632	0.654024266351365	0.12	0.774024266351365	0.818582633139452	0.0263834677740733	TPSAB1	0.588117512322257	0.00291927239839806	0.0731224351921901	0.0199199098009783	0.68399003099207	0.691582383555837
ZP3:P21754:OID30265:v1	0.668224354219893	0.0107515603366132	0.678975914556506	0.0882	0.767175914556506	0.871018421643469	0.0140144654343438	ZP3	0.749713166091723	1.52754398719464e-05	0.00579292254075226	0.00387382117115539	0.759288253046293	0.760158273726671
MEP1B:Q16820:OID20168:v1	0.616615497768372	0.0264954599491301	0.643110957717503	0.118	0.761110957717503	0.810151912169997	0.0348115602337239	MEP1B	0.639324808852478	0.0034665814033438	0.0652353558551249	0.0427377084633104	0.750724496667759	0.757125281137734
CFHR4:Q92496:OID30758:v1	0.679246969034062	0.0054875502166285	0.68473451925069	0.073	0.75773451925069	0.896418140888918	0.00724204860305827	CFHR4	0.665652290669615	0.00134087358307381	0.02508556028213	0.0135485339917753	0.70561566159463	0.709740431229178
CFHR2:P36980:OID30720:v1	0.68746588280386	0.000456039145278364	0.687921921949139	0.0665	0.754421921949139	0.911248550450006	0.000604488194219134	CFHR2	0.680731792577171	0.0040674850404438	0.0597194061414075	0.0167159834934278	0.761164759154818	0.764939593976444
KLK12:Q9UKR0:OID21201:v1	0.694878891763643	0.00607194097762775	0.700950832741271	0.0514	0.752350832741271	0.923610184934304	0.00807062438610452	KLK12	0.777851333686266	-0.000301067300863692	0.0113516858987379	0.00742740811060366	0.796294872965983	0.798719653558524
IL6R:P08887:OID20385:v1	0.650323633554174	0.00524203376752452	0.655565667321699	0.0934	0.748965667321699	0.868295653497351	0.00699903079171844	IL6R	0.578726610110717	0.00255058834989591	0.0558638329755227	0.0323164671067293	0.669341534580743	0.676363709514674
MDGA1:Q8NFP4:OID20951:v1	0.663045693195035	0.00878377915130601	0.671829472346341	0.0771	0.748929472346341	0.885324610230335	0.0117284463699727	MDGA1	0.616694008623739	0.0070549714481062	0.0716193580447764	0.0695614603327102	0.764883911081044	0.771336815701369
LILRA3:Q8N6C8:OID30376:v1	0.647860284491788	0.00400699051822595	0.651867275010014	0.0966	0.748467275010014	0.865582646192674	0.00535359480903468	LILRA3	0.521664076483873	0.00024781656356815	0.0344203054362858	0.0111715692245611	0.567486335036811	0.571922118246422
ACP6:Q9NPH0:OID21432:v1	0.662147147611579	6.12887860479416e-05	0.662208436397627	0.0859	0.748108436397627	0.885095148505505	8.19250032028325e-05	ACP6	0.588185404825807	0.00207804331629112	0.106965226623724	0.012261922637066	0.709436963518848	0.71683114245089
PILRB:Q9UKJ0:OID20197:v1	0.584463162404173	0.00728623337771461	0.591749395781888	0.1524	0.744149395781888	0.785411055518052	0.00979135832000356	PILRB	0.555868414194495	0.0102605873390561	0.0855511064596489	0.0521129155658187	0.703746939428188	0.711133034865729
LRRC37A2:A6NM11:OID31440:v1	0.658038850265124	0.0169069118852838	0.674945762150408	0.0632	0.738145762150408	0.891475483579406	0.0229045708208493	LRRC37A2	0.64460521766315	0.000720630815526903	0.0285932582386683	0.0111932426199543	0.68505799545527	0.688156276583132
PSCA:O43653:OID31493:v1	0.690373743859673	0.021140491184266	0.711514235043939	0.0246	0.736114235043939	0.937862237942544	0.0287190359564289	PSCA	0.767343445604581	0.000142242259088828	0.00947643736998718	0.00329093241040199	0.7801407309346	0.781611257832772
CSF2RB:P32927:OID30553:v1	0.645406144161905	0.00528914826924853	0.650695292431154	0.0847	0.735395292431154	0.877631595965549	0.00719225200879796	CSF2RB	0.613887221665686	0.00260259004135085	0.0436996444212323	0.0164711975571643	0.676457106587446	0.681074618965817
CTSH:P09668:OID20113:v1	0.644997881102682	0.0056654778859565	0.650663358988638	0.0752	0.725863358988639	0.888594076440739	0.00780515756278197	CTSH	0.585788561085224	0.00311518466324247	0.0442663197054233	0.0535849200804794	0.686684901429111	0.692515787812418
BST1:Q10588:OID21051:v1	0.633881681617971	0.0213250721259542	0.655206753743925	0.0706	0.725806753743925	0.873347731125705	0.029381198254154	BST1	0.632745377452158	-4.78494182841156e-05	0.0555646340771343	0.00970623754537882	0.697934130307791	0.701074271394349
FGFR4:P22455:OID30646:v1	0.489361436645457	0.125971423872113	0.615332860517571	0.1096	0.724932860517571	0.675043805154693	0.173769780255477	FGFR4	0.608372459604335	0.000498782357152035	0.0225348220910869	0.0250227060941707	0.656230953037609	0.659107575046282
ADGRB3:O60242:OID20974:v1	0.590398512295134	0.0016245951910212	0.592023107486155	0.1298	0.721823107486155	0.817926866252973	0.0022506832687569	ADGRB3	0.548550090880749	0.00421049199670853	0.0531766505130473	0.0354222477570836	0.641249944414195	0.650961337281156
CEACAM21:Q3KPI0:OID20548:v1	0.662629365174858	0.000781859291887454	0.663411224466746	0.0483	0.711711224466746	0.931036834035233	0.0010985625419541	CEACAM21	0.779312180790545	0.00191207645326271	0.00540673700846369	0.0170280211959823	0.803633136589144	0.808036617337216
VNN1:O95497:OID30711:v1	0.546922700241549	0.0157358802823922	0.562658580523941	0.1424	0.705058580523941	0.775712423548014	0.022318543050279	VNN1	0.522349681795805	0.0142311195449876	0.058898660254027	0.0841667886208134	0.679620231336483	0.688906992052885
CD300LF:Q8TDQ1:OID21469:v1	0.544987023677884	0.00651297756234359	0.551500001240227	0.1501	0.701600001240227	0.776777398395814	0.00928303527769457	CD300LF	0.561624764385995	0.00705625582867673	0.0416278225559131	0.0845810160343329	0.694646542530937	0.703019845919009
APOBR:Q0VD83:OID30246:v1	0.635963556917691	0.0044653176997037	0.640428874617394	0.0604	0.700828874617394	0.907444855586014	0.00637148077287978	APOBR	0.621709957365706	0.000365787616236219	0.0389901156666711	0.0144186074389546	0.675426078240505	0.680592654733471
GC:P02774:OID30780:v1	0.626359637161631	0.00189446329275522	0.628254100454387	0.0649	0.693154100454387	0.903636921069977	0.00273310551219899	GC	0.638302144629464	0.000752638955597942	0.0310000970163387	0.0166245647815898	0.686627436871893	0.692375603415071
LILRB2:Q8N423:OID20301:v1	0.510981398442497	0.0267815280327892	0.537762926475286	0.1508	0.688562926475286	0.74209833087904	0.0388948155688286	LILRB2	0.52528446909258	0.0100061663508391	0.0450074395631969	0.0485234297314	0.628653938192615	0.638006137119974
GSTT2B:P0CG30:OID31097:v1	0.648540539601018	0	0.648540539601018	0.0387	0.687240539601018	0.943687838871572	0	GSTT2B	0.669129022904995	-0.00053236227573452	0.0395481017112412	0.00531487401805483	0.713269251761734	0.717684282040939
IL1RAP:Q9NPH3:OID21126:v1	0.576531625162285	0.00719903572465041	0.583730660886935	0.1016	0.685330660886935	0.841245924144345	0.0105044705213299	IL1RAP	0.607384354709093	0.010873406307594	0.0354329272144873	0.0886604975550021	0.742293748844889	0.750354608885825
MAN2B2:Q9Y2E5:OID30306:v1	0.437192401666801	0.0969865397864974	0.534178941453299	0.1482	0.682378941453299	0.640688589738261	0.142130030536903	MAN2B2	0.492485658725456	0.00719346543286444	0.0684663050049838	0.0553051790949312	0.623304419073523	0.632088257711127
ENPP5:Q9UJA9:OID20736:v1	0.491333184236818	0.00711238991444229	0.49844557415126	0.1834	0.68184557415126	0.720593053417431	0.0104310861345629	ENPP5	0.424942945169469	0.0201081227791652	0.101232119070897	0.11564178143262	0.661818079376373	0.675849934371595
TREH:O43280:OID30388:v1	0.541167882513851	0.0141242198759889	0.55529210238984	0.1248	0.68009210238984	0.795727344299676	0.0207680986536331	TREH	0.50155168849781	0.0122963626942604	0.0747583790802485	0.0421959735384641	0.630762353546356	0.639769253477262
SGSH:P51688:OID30341:v1	0.42052324490248	0.181143813385242	0.601667058287722	0.0765	0.678167058287722	0.620087985347213	0.267107951015204	SGSH	0.559433685291241	0.00502957518760022	0.0285320802067243	0.0452661603807137	0.638189851533931	0.645474455497342
LY75:O60449:OID20580:v1	0.56388912678093	0.0202310313804127	0.584120158161343	0.0921	0.676220158161343	0.833883935542763	0.0299178176459887	LY75	0.503713271037672	0.00199464704960656	0.0838075056866566	0.024401411520423	0.613881405138812	0.62416738846981
HDGF:P51858:OID21455:v1	0.603389313240017	0.00116257041150535	0.604551883651523	0.0713	0.675851883651523	0.892783356583988	0.00172015561342253	HDGF	0.594777976033433	0.000549488145469306	0.0322581804551029	0.0257067872854532	0.65304979854058	0.660496508415112
TNFRSF10C:O14798:OID20265:v1	0.100003235827068	0.417443454991377	0.517446690818446	0.1577	0.675146690818446	0.148120752403955	0.618300379263256	TNFRSF10C	0.465833809916429	0.00859617627618097	0.0778066341598412	0.0147934052874756	0.566981780526451	0.576722200679556
LILRA6:Q6PI73:OID30346:v1	0.647267722669523	0.00261730526606474	0.649885027935588	0.0251	0.674985027935588	0.958936414707098	0.00387757529092112	LILRA6	0.63329316055637	0.00114402765766444	0.0257141765099353	0.0104240298724227	0.670504882946727	0.672943353257606
TNN:Q9UQP3:OID30412:v1	0.541286193895555	0.0209632718257903	0.562249465721345	0.1089	0.671149465721345	0.806506183110472	0.0312348782148835	TNN	0.523338491860602	0.0170050525688926	0.0536490947374847	0.0231856138078056	0.617126390220062	0.626353992338877
TDGF1:P13385:OID20816:v1	0.658025879698822	0.0013831148136163	0.659408994512438	0.0082	0.667608994512438	0.985645617580969	0.0020717438275774	TDGF1	0.770841695671334	0.000174374632867627	0.0267477579425979	0.00892823362813653	0.806671435156141	0.808827678712208
C1QTNF9:P0C862:OID30620:v1	0.492977333814514	0.0184375727965592	0.511414906611073	0.1494	0.660814906611073	0.746014245263778	0.0279012664697813	C1QTNF9	0.481747741708492	0.0158295020377541	0.0925179094208548	0.00810431802815154	0.598132294143523	0.609079346491441
SFTPD:P35247:OID20214:v1	0.393146138036735	0.0965925838726617	0.489738721909397	0.1695	0.659238721909397	0.596363843583155	0.146521405163965	SFTPD	0.486481622115413	0.00743431130205772	0.0250505956553259	0.0513182543225598	0.570228184266624	0.57792810641863
FCGR2A:P12318:OID20391:v1	0.50160398988383	0.0258476431501664	0.527451633033996	0.131	0.658451633033996	0.761793220213536	0.0392551887692438	FCGR2A	0.566290310081942	0.00199376740337179	0.0509251856353042	0.0233459009777464	0.642467541589496	0.64840385278129
DPEP1:P16444:OID20897:v1	0.465386229421545	0.024811728198481	0.490197957620026	0.1655	0.655697957620026	0.709757021526722	0.0378401791711228	DPEP1	0.463963355334756	0.00299797636999226	0.0393642217583398	0.0611159973234877	0.567287254280676	0.576614493877914
CST7:O76096:OID20704:v1	0.477308212494041	0.0304200174769701	0.507728229971011	0.1474	0.655128229971011	0.728572194965803	0.0464336844075795	CST7	0.476008188494788	0.00440557372253704	0.0528329624569316	0.0196166129430985	0.552812873668709	0.559641161276649
IFNGR2:P38484:OID20941:v1	0.530412919776316	0.0205004877071437	0.55091340748346	0.1003	0.65121340748346	0.814499384811557	0.0314804447690435	IFNGR2	0.647760743408728	0.0131177469744482	0.0263873214757505	0.0352386865311992	0.722408827038736	0.729359556837381
KIR3DL1:P43629:OID21185:v1	0.578102455366006	0.0353092404993227	0.613411695865329	0.0376	0.651011695865329	0.888006250943907	0.0542374902380047	KIR3DL1	0.618362293340125	2.61132463915015e-06	0.0166394691459005	0.00338143073205663	0.63837531178759	0.639990559382294
F12:P00748:OID30739:v1	0.569307223643752	0.00631325170314456	0.575620475346896	0.075	0.650620475346896	0.875021990877569	0.0097034322502354	F12	0.496057963983882	0.0070180310054394	0.0818080797925501	0.0264536928736645	0.611328677664083	0.620665679080467
PGLYRP2:Q96PD5:OID30742:v1	0.54559161747934	0.00602363323353505	0.551615250712876	0.0982	0.649815250712875	0.839610361377026	0.00926976279323525	PGLYRP2	0.510102657799509	0.00502180020065078	0.0672042712328806	0.0320793197626206	0.614356954462486	0.6256143493123
SIGLEC9:Q9Y336:OID21390:v1	0.192494584915115	0.308710219463854	0.501204804378969	0.1388	0.640004804378969	0.30077053109297	0.482356096941197	SIGLEC9	0.466201013026034	0.00659862109724956	0.0616838187917667	0.0373593479899118	0.571803501859958	0.580338703768934
KLK1:P06870:OID21499:v1	0.510849049017915	0.0344162290889785	0.545265278106894	0.0894	0.634665278106894	0.804910976919514	0.0542273703575477	KLK1	0.562704159895557	0.000518984809964587	0.0556487068680273	0.00995909036105856	0.628806470883327	0.631620735063419
PLB1:Q6P1J6:OID31110:v1	0.42401493702331	0.0274079002574777	0.451422837280788	0.1817	0.633122837280788	0.669719858541859	0.0432900199512506	PLB1	0.44255204230012	0.000356067805458701	0.0392742543225075	0.107818309302032	0.589900547169321	0.597118254246971
ICAM2:P13598:OID20248:v1	0.00441588674759783	0.551470335180712	0.555886221928309	0.077	0.632886221928309	0.00697737854703692	0.871357782921019	ICAM2	0.520427152465156	0.00316730314985969	0.0370245398868672	0.00491622864744912	0.565470407393075	0.57287177920016
KIR2DS4:P43632:OID31432:v1	0.619819339630079	0.00234528730684313	0.622164626936922	0.0105	0.632664626936922	0.979696529946625	0.00370699926467829	KIR2DS4	0.791263531568911	4.22476510122242e-05	0.0174251178042151	0.00204253283784699	0.810660020098608	0.811992246227039
CLEC4C:Q8WTT0:OID20547:v1	0.382349417548684	0.0875092417743322	0.469858659323017	0.1615	0.631358659323017	0.605597803883238	0.138604643307126	CLEC4C	0.387328674711381	0.0027682509886479	0.0782103596508218	0.0233404117143765	0.491231461901431	0.501113536713776
PRSS53:Q2L4Q9:OID31093:v1	0.488826088892138	0.0359515499841553	0.524777638876294	0.1065	0.631277638876294	0.774344058443561	0.0569504569307268	PRSS53	0.395203148178516	0.00309203612687369	0.104184390387858	0.0460933669000099	0.548331946530052	0.557822040060303
IL7R:P16871:OID21136:v1	0.337501200822599	0.161544592679236	0.499045793501836	0.1318	0.630845793501836	0.534997941333846	0.256076198562726	IL7R	0.493641526881857	0.00758452745217956	0.0532057056504643	0.0394738257630437	0.593742673778834	0.602189812481763
CD70:P32970:OID20599:v1	0.434540360466582	0.0339122897951801	0.468452650261762	0.1602	0.628652650261762	0.691224892292501	0.0539443996315922	CD70	0.410024229558218	0.00129359669205785	0.0462552059938594	0.102624609105877	0.560180691562996	0.565807795957425
PILRA:Q9UKJ1:OID21129:v1	0.448235206656671	0.011554163676386	0.459789370333057	0.168	0.627789370333057	0.713989799506913	0.0184045226351256	PILRA	0.402138968939071	0.0165263882223919	0.0736417164689993	0.0821242379720448	0.574361003357892	0.585799015724164
CLEC7A:Q9BXN2:OID20636:v1	0.44265634206614	0.00535372014405288	0.448010062210192	0.1792	0.627210062210192	0.705754529042927	0.00853576890202812	CLEC7A	0.395787508681948	0.00928794992641173	0.13859658343286	0.029307507799509	0.572763467672207	0.585824157794553
SMPDL3A:Q92484:OID20676:v1	0.31682184931833	0.139356522845523	0.456178372163853	0.1703	0.626478372163853	0.505718734110531	0.222444267890983	SMPDL3A	0.459989282076071	0.0227731946435373	0.0364323428987133	0.016131310966571	0.535200048162103	0.543488976882718
UMOD:P07911:OID20237:v1	0.377778891245412	0.0497872704021943	0.427566161647606	0.1989	0.626466161647606	0.603031599108008	0.0794731997515296	UMOD	0.399751856921785	0.0173746196299772	0.0542641666639278	0.112210733544612	0.583416548175484	0.594019918091966
ABO:P16442:OID30675:v1	0.624407306302069	0.000569614556395037	0.624976920858464	0	0.624976920858464	0	0	ABO	0.640627948545052	-0.000152995736038926	0.0142974226632834	3.64316636962172e-05	0.654645426153307	0.656164436787078
KLK15:Q9H2R5:OID31427:v1	0.541283453787828	0.00505648420238313	0.546339937990211	0.0784	0.624739937990211	0.866414040263117	0.00809374252372891	KLK15	0.448769566976178	-0.000169523061147137	0.0906030219420379	0.0133195011655442	0.552442677941579	0.560764918389665
PSG1:P11464:OID20916:v1	0.51103834735561	0.0155819857185754	0.526620333074185	0.095	0.621620333074185	0.822106871614544	0.025066724638037	PSG1	0.465750272175859	0.00340136677516031	0.0973283127182884	0.0515904123451147	0.617792909976856	0.628850637734169
TMPRSS5:Q9H3S3:OID20947:v1	0.387338054813757	0.0330556034559136	0.420393658269671	0.1997	0.620093658269671	0.624644438220184	0.0533074367316593	TMPRSS5	0.380819488401333	0.0091106994117983	0.042405067598583	0.0801026549984222	0.512399655068301	0.518984604759111
PDCD6:O75340:OID20163:v1	0.526754091415415	0.00560593012372867	0.532360021539144	0.0874	0.619760021539144	0.849932349794436	0.00904532388166409	PDCD6	0.632014469020357	0.000467244855542764	0.0406865090647885	0.0028505898761263	0.675995991731781	0.681747417059032
CD200R1:Q8TD46:OID20595:v1	0.416258461621159	0.0964762050142649	0.512734666635424	0.1038	0.616534666635424	0.675158241940847	0.156481395508152	CD200R1	0.529206717426911	0.00299731152839624	0.0461487422100862	0.0181177397144094	0.596350289005202	0.602574156442733
HBZ:P02008:OID30307:v1	0.563589003508925	0.0213794306326704	0.584968434141596	0.0288	0.613768434141596	0.918243709123212	0.0348330566438648	HBZ	0.523806659747144	-0.000310850697347782	0.0775417928556037	0.0111263902231299	0.612154792330717	0.620400919990629
ENPP7:Q6UWV6:OID20689:v1	0.480637062090623	0.0121981890648907	0.492835251155513	0.1167	0.609535251155513	0.788530378151986	0.0200122782755653	ENPP7	0.491036667035825	0.0228427788342666	0.042631640247755	0.0542211085962039	0.610665440744716	0.619192279488385
CD109:Q6YHK3:OID21108:v1	0.46459546608524	0.0405586230812148	0.505154089166455	0.1011	0.606254089166455	0.766337867879814	0.0669003703331376	CD109	0.428524464341498	0.00363195215383039	0.0586360134329431	0.0317220520234696	0.522451181093105	0.533405926692779
SIGLEC5:O15389:OID21082:v1	0.49033880581601	0.00448592520007062	0.494824731016081	0.1104	0.605224731016081	0.810176419910676	0.00741199916358248	SIGLEC5	0.534427852650006	0.00413988798478529	0.0472356261833797	0.0229143385789542	0.608686807768177	0.616954821810151
ICAM5:Q9UMF0:OID20145:v1	0.368974674935563	0.0842021488675818	0.453176823803145	0.1492	0.602376823803145	0.612531326497619	0.139783181457689	ICAM5	0.427625611216846	0.00733510143765096	0.0544152786978933	0.052031689801764	0.541283633195815	0.551697963594472
CD209:Q9NNX6:OID20262:v1	0.100745189076868	0.353161314743279	0.453906503820147	0.1464	0.600306503820147	0.167822917852397	0.588301663393416	CD209	0.413718662715574	0.0148263742934611	0.0644240482111844	0.0232595774073329	0.516137340748355	0.525551841338904
FCGR3B:O75015:OID20387:v1	0.401344172200486	0.0718864530792058	0.473230625279692	0.1185	0.591730625279692	0.678254859651355	0.121485098130973	FCGR3B	0.408470862171053	0.00477639766820171	0.0676215279454889	0.0239999728031915	0.504723506341175	0.513511474866854
CHIT1:Q13231:OID20312:v1	0.498316626269048	0.0105137026536929	0.508830328922741	0.0829	0.591730328922741	0.842134671677629	0.0177677265129089	CHIT1	0.469785206029854	0.000908537189157821	0.0384041454208161	0.039896817243194	0.548905883734405	0.553976881267763
VMO1:Q7Z5L0:OID21381:v1	0.439508817802278	0.0246248340017941	0.464133651804072	0.1268	0.590933651804072	0.743753239404277	0.0416710639622849	VMO1	0.407911170891176	0.0039530499878728	0.0730370132598537	0.0446597605201949	0.529415998645606	0.541922220192384
IL17RB:Q9NRM6:OID20585:v1	0.410323299190144	0.0148586356880959	0.425181934878239	0.1601	0.585281934878239	0.701069475645965	0.0253871421662571	IL17RB	0.353391788576097	0.0115477994070397	0.0751945035059199	0.102760450032566	0.5427452129472	0.553451046089554
CLEC4M:Q9H2X3:OID30405:v1	0.107508721907816	0.353307917489596	0.460816639397412	0.1239	0.584716639397412	0.183864652831859	0.604237837072161	CLEC4M	0.428461117131653	0.0199766150764765	0.0506247114248857	0.0285418519923863	0.527378467008616	0.535298774144836
CPVL:Q9H3G5:OID21435:v1	0.355493151013047	0.120626485948746	0.476119636961794	0.1046	0.580719636961794	0.612159686682741	0.207718971894664	CPVL	0.409642505337164	0.00232687630530939	0.0777479483950297	0.0110932414787647	0.500752587825151	0.51027542070534
PM20D1:Q6GTS8:OID20149:v1	0.474069209885172	0.0156196205858258	0.489688830470998	0.0906	0.580288830470998	0.816953877089773	0.0269169761085148	PM20D1	0.550998864835161	-6.81016221156632e-05	0.019413123121883	0.0208032714121207	0.590982382863412	0.593362129517421
LAIR2:Q6ISS4:OID20965:v1	0.505664272205737	0.00794846518416347	0.5136127373899	0.0666	0.5802127373899	0.871515290202829	0.0136992255977002	LAIR2	0.486465200882168	0.00123295858359671	0.026720454616507	0.0108988566610156	0.525225724685703	0.529011926714526
CD101:Q93033:OID31480:v1	0.48509201480189	0.0173425149530882	0.502434529754978	0.0692	0.571634529754978	0.848605165628844	0.030338466363328	CD101	0.428693577316556	0.00199055153683647	0.0550037124734884	0.012822039578064	0.498371901595339	0.512180709990721
HSD17B14:Q9BPX1:OID31098:v1	0.505375859409882	0.00609530073288966	0.511471160142772	0.0594	0.570871160142772	0.88527130935024	0.0106771915599401	HSD17B14	0.414894425051573	0.00558693213741114	0.0606088901691849	0.0216871201728082	0.502717319792757	0.514099106325358
FOLR3:P41439:OID21485:v1	0.41876059578392	0.0284089163332103	0.44716951211713	0.1228	0.56996951211713	0.734707009552931	0.0498428700645522	FOLR3	0.757040516366296	0.000216259206566247	0.129813927048816	0.00989004175175248	0.896947040476251	0.900658057355453
FCRL3:Q96P31:OID20443:v1	0.49347954383622	0.00722162227309253	0.500701166109312	0.0669	0.567601166109312	0.869412491201933	0.0127230574993246	FCRL3	0.431929875712548	0.000424411452900984	0.0330159665133484	0.0139020540994617	0.479258917914035	0.485834617143999
SNCG:O76070:OID20971:v1	0.447820411240776	0	0.447820411240776	0.1191	0.566920411240776	0.789917601062669	0	SNCG	0.421410121992751	0.0102028282471041	0.0399660330711439	0.173674476007987	0.645146032719954	0.652505874763689
LRRN1:Q6UXK5:OID20438:v1	0.325601692589147	0.011509251662938	0.337110944252085	0.2281	0.565210944252085	0.576071103895554	0.0203627544370494	LRRN1	0.311925095200807	0.018106016503133	0.0481501911595021	0.0411437826600547	0.419228394803731	0.431854509872221
XPNPEP2:O43895:OID21508:v1	0.3903484630417	0.0628555200332203	0.45320398307492	0.1107	0.56390398307492	0.692225050288106	0.111464933605318	XPNPEP2	0.0559403164445017	0.00742270943949923	0.0202416453174169	0.0393326185527576	0.12286147211551	0.136064712596298
CST5:P28325:OID20995:v1	0.342395131399385	0.0367343548134801	0.379129486212865	0.1826	0.561729486212866	0.609537401548538	0.065395098023321	CST5	0.332145545609664	0.00220978831565668	0.0513203758762439	0.0810010043040689	0.466479389513293	0.478281591443267
MSMB:P08118:OID20275:v1	0.44915780816276	0.0109066807495363	0.460064488912297	0.0971	0.557164488912297	0.806149381558059	0.0195753336161615	MSMB	0.439284436630876	0.00464932387022578	0.0584496638130413	0.163213079664269	0.665510314646153	0.673314471683376
SIRPB1:O00241:OID20739:v1	0.368459627682257	0.0217625623442602	0.390222190026518	0.1668	0.557022190026518	0.661481058168825	0.0390694710801812	SIRPB1	0.320625347316731	0.0190257747401273	0.0625493134217455	0.0618271380440628	0.463931478550231	0.476570354640302
FGFBP2:Q9BYJ0:OID30395:v1	0.162809358488846	0.262420468210946	0.425229826699793	0.1314	0.556629826699793	0.29249125842596	0.471445214797081	FGFBP2	0.365990395787953	0.0141602558942449	0.0705585645448242	0.0359899812907095	0.486362586563191	0.502354467342987
ADAM15:Q13444:OID20109:v1	0.403189722778209	0.0572698314702855	0.460459554248494	0.0903	0.550759554248495	0.732061241004447	0.103983364480039	ADAM15	0.413162136562691	0.000273352050644118	0.0420755089529358	0.0241431366795884	0.479428883362816	0.487794949032701
AFAP1:Q8N556:OID30569:v1	0.509343451622136	0.00142077221725978	0.510764223839396	0.0398	0.550564223839396	0.925129947729251	0.00258057490069356	AFAP1	0.454531215027309	-0.00062043837546978	0.0659111208148466	0.0136984032378313	0.533380886303981	0.543911674732635
FCAR:P24071:OID20564:v1	0.360535674807493	0.0378837054347098	0.398419380242203	0.1499	0.548319380242203	0.657528600663791	0.0690905826052981	FCAR	0.378370827906445	0.0110152711274488	0.0486833215234875	0.0294436546953681	0.467324228245441	0.477195462159616
GPC5:P78333:OID20944:v1	0.389329535125961	0.0101620426056546	0.399491577731616	0.1482	0.547691577731616	0.710855435715214	0.0185543160034392	GPC5	0.358560373077643	0.00271775419688688	0.0609542585958244	0.0299735083087984	0.452062547164427	0.463741287730752
TOP1:P11387:OID31449:v1	0	0.469114222405294	0.469114222405294	0.0753	0.544414222405294	0	0.861686199770251	TOP1	0.457995081039591	0.000323706951233246	0.0280614838868186	0.0419258441086815	0.527834970078443	0.532909157013085
IL18R1:Q13478:OID20652:v1	0.363048762118612	0.0359945453053587	0.399043307423971	0.1444	0.543443307423971	0.668052687665868	0.0662342231722017	IL18R1	0.359933682530291	0.039275239608964	0.067503238332772	0.113214817585805	0.579849217968506	0.591381871639853
RNASE10:Q5GAN6:OID30238:v1	0.488931851891177	0	0.488931851891177	0.052	0.540931851891177	0.90386959130212	0	RNASE10	0.406931036477415	0.00217298258400229	0.028734801268234	0.0222052390252452	0.459960858912504	0.466066675615376
CD177:Q8N6Q3:OID21119:v1	0.503557420377399	0	0.503557420377399	0.0365	0.540057420377399	0.932414594036142	0	CD177	0.541082414927153	9.21621766548418e-05	0.0444267357539037	0.00457483202273837	0.590013374838676	0.594665439611956
COL2A1:P02458:OID30286:v1	0.339352548713275	0.0294369901755452	0.368789538888821	0.1687	0.537489538888821	0.631365866980102	0.0547675592652497	COL2A1	0.338521673360486	-0.000760720905638054	0.0390408618833297	0.0172909439124209	0.393943208261062	0.406971264801213
CNTN2:Q02246:OID21426:v1	0.365142022333331	0.0168288258653016	0.381970848198633	0.1538	0.535770848198633	0.681526483870876	0.031410491858382	CNTN2	0.363938894946079	0.0122453216537561	0.0580287061404265	0.079531761114433	0.513639734372242	0.524528553156039
VSTM1:Q6UX27:OID20851:v1	0.450143094410408	0.00422928372790615	0.454372378138314	0.0808	0.535172378138314	0.841117951521163	0.00790265697683878	VSTM1	0.394718528686039	0.0022349243443602	0.0396585808443631	0.00954646553082175	0.446056863893455	0.452945966880442
IL1RL1:Q01638:OID20250:v1	0.326181134497117	0.0554025314656254	0.381583665962743	0.1534	0.534983665962743	0.609702978333236	0.103559295340212	IL1RL1	0.265937358205455	0.00763760112648633	0.138191411062889	0.160203248906473	0.5719648616177	0.584734024248906
PDCD1LG2:Q9BQ51:OID21273:v1	0.279315334604856	0.155623689706652	0.434939024311509	0.0995	0.534439024311509	0.522632745549754	0.291190730143883	PDCD1LG2	0.326984455003924	0.0132979313904026	0.0788911864312937	0.0201861447138719	0.439331269341056	0.452435266818547
PON1:P27169:OID30704:v1	0.457759058214091	0.00487042697142575	0.462629485185517	0.0713	0.533929485185517	0.857339912694726	0.00912185430204045	PON1	0.376676351255062	0.0205148010398158	0.0644349570169517	0.0403389959182708	0.501450137784751	0.517915458697302
FLT4:P35916:OID21491:v1	0.0519984612409778	0.325628796580545	0.377627257821523	0.1551	0.532727257821523	0.0976080357772843	0.611248611366605	FLT4	0.335666117556888	0.0110205855818077	0.0651836181092643	0.0501722708828957	0.46192035824091	0.472084191611604
TXNDC15:Q96J42:OID21495:v1	0.34512279835969	0.0667856979498334	0.411908496309524	0.1182	0.530108496309524	0.651041816462752	0.125984960465221	TXNDC15	0.378677502478549	0.00787381595137053	0.046322966541758	0.018680694334503	0.451246637381713	0.458675416115106
CRTAC1:Q9NQ79:OID20279:v1	0.296754130197041	0.0985804590961112	0.395334589293152	0.1327	0.528034589293152	0.561997521022794	0.186693184679577	CRTAC1	0.37818377876724	0.0185766096096255	0.0292566787472695	0.12169496340708	0.547574279637428	0.554487703054688
MUC2:Q02817:OID30377:v1	0.0306135520426114	0.380065922663564	0.410679474706175	0.1171	0.527779474706175	0.0580044384250724	0.720122590737644	MUC2	0.418351832126601	0.000154123730000765	0.0156803933196213	0.0114241947469168	0.445489305834729	0.448947898686347
PON2:Q15165:OID20088:v1	0.456299927047479	0.00672594020773803	0.463025867255217	0.0645	0.527525867255217	0.864981141913788	0.0127499723240756	PON2	0.40523882656424	0.016589235785585	0.0502483573587199	0.030996029527978	0.502928130571833	0.515001634991997
LPA:P08519:OID30747:v1	0.476193799454051	0.00287885922944403	0.479072658683495	0.047	0.526072658683495	0.905186368449053	0.00547236048466844	LPA	0.455335499656047	0.00145981899268278	0.045287570389284	0.0143331616867349	0.516349712823721	0.519711200073405
HEPACAM2:A8MVW5:OID31151:v1	0	0.374037931352619	0.374037931352619	0.152	0.526037931352619	0	0.711047453157689	HEPACAM2	0.368996075834229	0.00808911067584124	0.0287990763574604	0.0209691572407342	0.426685692158552	0.435823306265028
LILRB1:Q8NHL6:OID20323:v1	0.302926182895006	0.0845635460968615	0.387489728991868	0.1374	0.524889728991868	0.577123472156376	0.161107260108287	LILRB1	0.364484928253123	0.0144368063524667	0.0437512096339344	0.0659233553399361	0.488487737320841	0.499833710763681
CCL8:P80075:OID21466:v1	0.361454806242175	0.0302360688521799	0.391690875094355	0.1323	0.523990875094355	0.689811260887106	0.057703426317749	CCL8	0.3658875184274	0.00693879008819352	0.053113495041825	0.0282309483846409	0.453996021467748	0.465217934070276
PINLYP:A6NC86:OID30651:v1	0.327219284446972	0.0465485854763354	0.373767869923307	0.1499	0.523667869923307	0.6248603422908	0.088889519769759	PINLYP	0.347342292239572	0.00353004683944197	0.0268572938008654	0.0206300318462677	0.398155757233168	0.402790646908473
CDSN:Q15517:OID20667:v1	0.25983732937701	0.0854169877612542	0.345254317138264	0.1783	0.523554317138264	0.496294884544692	0.163148282738152	CDSN	0.325943020488573	0.00210930411001788	0.0396358146481879	0.0324472239198801	0.39996907316613	0.410068164661371
PSAPL1:Q6NUJ1:OID31473:v1	0.218819489926333	0.110428300949308	0.329247790875642	0.1919	0.521147790875642	0.419879914599022	0.211894404778661	PSAPL1	0.317235167071228	0.00254214761272769	0.0285152179016248	0.0387356514594075	0.386753913906843	0.393980326313607
SERPINI2:O75830:OID31504:v1	0.068157857412033	0.328091924722647	0.39624978213468	0.1235	0.51974978213468	0.131135903765268	0.631249759018909	SERPINI2	0.376792864794747	0.00112541125274401	0.0488096767477164	0.017692928036363	0.444330370680547	0.453249131038781
CAPG:P40121:OID21431:v1	0.416810687878613	0.0130792135981078	0.429889901476721	0.0874	0.517289901476721	0.805758408754419	0.0252841077329565	CAPG	0.352495079496172	0.00898098245056966	0.0571140556551373	0.0813138066969189	0.499795327896045	0.513232620013457
TACSTD2:P09758:OID21447:v1	0.303191944721487	0.0841101821415828	0.38730212686307	0.1298	0.51710212686307	0.586328945426622	0.162656809500718	TACSTD2	0.333074332140406	0.0111815677588889	0.0714858557419105	0.0360648042167205	0.451780595577264	0.467204060893742
OSCAR:Q8IYS5:OID20776:v1	0.335016751350516	0.0278887863374274	0.362905537687943	0.1532	0.516105537687943	0.649124504362671	0.0540369833316727	OSCAR	0.32097645313964	0.0203157298256231	0.0581062596874555	0.0298856244152422	0.428956531374158	0.441934078303719
ADAM23:O75077:OID20651:v1	0.356924849438462	0.01975237905579	0.376677228494252	0.1389	0.515577228494252	0.692282028205288	0.0383111936760222	ADAM23	0.316321651853959	0.00735377662882923	0.0365367112450183	0.0124225819439002	0.372467621902359	0.387006024284713
CCL15:Q16663:OID20328:v1	0.373568519513573	0.030077491132389	0.403646010645962	0.1118	0.515446010645962	0.724748105132123	0.0583523599197044	CCL15	0.470066386325656	0.015594542351699	0.0456289368462421	0.062595850529136	0.593806967682523	0.606520567611878
NAAA:Q02083:OID20931:v1	0.255913473679064	0.111193970349071	0.367107444028136	0.1476	0.514707444028136	0.497201811724866	0.216033344066018	NAAA	0.32408990328849	0.00566157881262237	0.0445647066053823	0.0218065009797311	0.395873737540302	0.406248523376257
SERPINA12:Q8IW75:OID20219:v1	0.418445192500124	0.0105676052151357	0.42901279771526	0.0848	0.51381279771526	0.81439231245465	0.0205670338732824	SERPINA12	0.39493711318717	-0.000303116463141372	0.0679417683372581	0.0920453400945693	0.554377487995336	0.570545818811478
LRIG1:Q96JA1:OID21429:v1	0.335941639217907	0.0298604396501958	0.365802078868103	0.1452	0.511002078868103	0.657417363080079	0.0584350649146834	LRIG1	0.317934198669223	0.0270194022644377	0.0650151888718994	0.0449477967474278	0.454607908327604	0.468584045586213
CRISP3:P54108:OID30715:v1	0.260252259754375	0.0795206207063257	0.339772880460701	0.1708	0.510572880460701	0.509725975887211	0.15574783493117	CRISP3	0.278479393207564	0.0118626244461816	0.0693475418578883	0.0457115811031144	0.405332043675007	0.422907961249365
CCL25:O15444:OID20674:v1	0.276624603518115	0.133562396990078	0.410187000508193	0.0986	0.508787000508193	0.543694322460702	0.262511418052488	CCL25	0.34559541940927	0.00409987559675526	0.0638412031336043	0.0728872789537796	0.486182599626902	0.49814160640579
CA6:P23280:OID21096:v1	0.299521180407635	0.0239562043998072	0.323477384807443	0.185	0.508477384807443	0.589055067849403	0.0471136084230752	CA6	0.298099927165663	0.0348303440072461	0.0661386761365765	0.134892640905582	0.533859047557952	0.545460156886328
OLFM4:Q6UX06:OID30665:v1	0.373810292432365	0.0409460994923155	0.414756391924681	0.0927	0.507456391924681	0.73663530183269	0.0806889028178659	OLFM4	0.421523658391062	0.0035900080885147	0.0402304203188109	0.0211153403167511	0.486403466413672	0.495639791743107
LCP1:P13796:OID30367:v1	0.389096645624844	0.0109852175735242	0.400081863198368	0.1066	0.506681863198368	0.76793087316905	0.0216807002014663	LCP1	0.475301983464134	0.000598917394052746	0.0122193965763201	0.0373966828988386	0.525175403723124	0.529479536448693
SLAMF8:Q9P0V8:OID21214:v1	0.413888789940918	0.0122345490429313	0.426123338983849	0.0752	0.50132333898385	0.825592502395448	0.0244045072143059	SLAMF8	0.445236092081531	0.00975683106335775	0.0225877195139694	0.0384288014700054	0.515756647144965	0.521452365007098
PVR:P15151:OID21011:v1	0.402503364569153	0.00261583965015022	0.405119204219303	0.0929	0.498019204219303	0.808208521195721	0.00525248751049835	PVR	0.323601384771283	0.0179079132748144	0.0473324704456084	0.0176818993293727	0.40645963547737	0.418975037794381
CLUL1:Q15846:OID20198:v1	0.354305711948326	0.0203062430679497	0.374611955016276	0.1226	0.497211955016276	0.712584861192101	0.0408402148481828	CLUL1	0.301440649936025	0.00949450675845172	0.0586942495177731	0.120368603107044	0.489944607094858	0.49887648327378
IDUA:P35475:OID21468:v1	0.285331292741116	0.0560850595586225	0.341416352299738	0.1555	0.496916352299738	0.574203870370933	0.112866198302913	IDUA	0.288656139360827	0.0153573420223866	0.0568099307820187	0.0285078903771483	0.389130953312349	0.40161673829977
FCRLB:Q6BAA4:OID21193:v1	0.393747617280753	0.0112489412632151	0.404996558543968	0.088	0.492996558543968	0.798682283794556	0.0228174843581832	FCRLB	0.33383394492951	0.0024116049177612	0.0290631379790844	0.0386008310792377	0.403809873604827	0.407832296054765
CD276:Q5ZPR3:OID20680:v1	0.346372270807428	0.0129917370918009	0.359364007899229	0.1324	0.491764007899229	0.704346526471302	0.0264186416311767	CD276	0.345465249183222	0.0125210686777095	0.0467084916571322	0.0732759920658606	0.477770952930621	0.491261190894352
TYRO3:Q06418:OID20161:v1	0.286887363127905	0.0720628185055023	0.358950181633407	0.1316	0.490550181633407	0.584827758441844	0.146902032052157	TYRO3	0.32306512853022	0.00715720598210942	0.0385675072944627	0.0274140586838299	0.395829956314977	0.409549914149523
KLB:Q86Z14:OID20888:v1	0.299030758651782	0.109781245110522	0.408812003762304	0.0807	0.489512003762304	0.610875231564259	0.224266706979119	KLB	0.362350515186275	0.00686090185953262	0.0508840743403524	0.0344581663463726	0.454472800296027	0.465826176991961
TCTN3:Q6NUS6:OID30326:v1	0.313686750048929	0.0467167096959468	0.360403459744876	0.1289	0.489303459744876	0.641088354888163	0.0954759439475556	TCTN3	0.32223322862119	0.0129228982788108	0.0450350262940758	0.0990163416896108	0.479167239148583	0.491906627268621
IL5RA:Q01344:OID20601:v1	0.217870273621984	0.0920906931667276	0.309960966788712	0.179	0.488960966788712	0.445578049006373	0.188339559641212	IL5RA	0.278081710963198	0.00180251156036176	0.0514116077407153	0.0463145872381768	0.377345762515837	0.387654058414657
CRYGD:P07320:OID31144:v1	0.374965796040993	0.0243961901839721	0.399361986224966	0.0868	0.486161986224966	0.771277489119609	0.0501811965460481	CRYGD	0.342343340313599	0.00291379400155606	0.0604149519423193	0.0193441925806339	0.424528676113653	0.440251580418331
SPINK4:O60575:OID20509:v1	0.361559256626732	0.0136374412160431	0.375196697842775	0.1093	0.484496697842775	0.746257421849472	0.0281476453333199	SPINK4	0.347796019644723	0.014441353697511	0.0380643384160709	0.0624199650054384	0.462627535488617	0.476025875338222
ICAM4:Q14773:OID20578:v1	0.0105349231629479	0.372296896428103	0.38283181959105	0.0976	0.48043181959105	0.021928029604524	0.774921396224351	ICAM4	0.364595205711819	0.00284378374576914	0.0419879028956093	0.0179392863085823	0.426989624670718	0.437381241581663
MIA:Q16674:OID21531:v1	0.30295927237809	0.00995267133131555	0.312911943709405	0.1672	0.480111943709405	0.631017987258114	0.0207298973952198	MIA	0.311140555954572	0.0215196646341904	0.0554470584471614	0.0311914321493946	0.419127561561273	0.431961597957465
CPQ:Q9Y646:OID30406:v1	0.190411694076259	0.142740314910251	0.33315200898651	0.1467	0.47985200898651	0.396813372686352	0.297467369599496	CPQ	0.277609057773645	0.00841304723895726	0.070455575794255	0.0292673436334382	0.385718280498893	0.397482738298473
FUT8:Q9BYC5:OID20992:v1	0.351348285762603	0.0338099680448858	0.385158253807489	0.0903	0.475458253807489	0.73896768632996	0.0711102768205919	FUT8	0.373749768224689	0.000308635944482818	0.0470513960126091	0.00878406716213669	0.429434111366959	0.438211870547146
SELE:P16581:OID20290:v1	0.00687547248298135	0.333108699678129	0.33998417216111	0.1345	0.47448417216111	0.0144904148259908	0.702043859884587	SELE	0.329542406876531	0.0160695495171332	0.0483703211941665	0.129946256743216	0.523753657311493	0.53551241410836
LECT2:O14960:OID30320:v1	0.351193581730312	0.010471096491277	0.361664678221589	0.1124	0.474064678221589	0.74081364392678	0.0220879069298275	LECT2	0.3101606366581	0.00875675195377122	0.0510134439403341	0.258651066103023	0.628295514970352	0.638412100988423
FCN2:Q15485:OID20382:v1	0.324158873627373	0.0819233474230203	0.406082221050393	0.0679	0.473982221050393	0.683905132367631	0.172840549254083	FCN2	0.359360786685287	0.00554198859739383	0.0587251423501414	0.0441275482018182	0.467706760131223	0.479289169152619
CRELD1:Q96HD1:OID30619:v1	0.339355558914582	0.00424079990105102	0.343596358815633	0.1301	0.473696358815633	0.716398917996881	0.00895257019001402	CRELD1	0.302720279319194	0.0285212024160922	0.046962588252478	0.119127898296592	0.497191397388509	0.512137319722608
FCRL2:Q96LA5:OID20639:v1	0.236240833740742	0.117668671931032	0.353909505671775	0.1177	0.471609505671774	0.500924665214781	0.249504453400323	FCRL2	0.275868927236949	0.00271805642286243	0.0490203272589552	0.0243264228957628	0.351733151506918	0.363068719127583
CTSC:P53634:OID20679:v1	0.328206174552013	0.0294362324278574	0.357642406979871	0.1136	0.47124240697987	0.696469947718505	0.0624651601635563	CTSC	0.302777254406001	0.00727696102262456	0.029008728059019	0.0466619569421889	0.385641952020797	0.396172300407029
NCAM2:O15394:OID21095:v1	0.252313593646123	0.0333856767945023	0.285699270440626	0.1835	0.469199270440626	0.53775359328495	0.0711545795097887	NCAM2	0.242536108365998	0.0150539854112046	0.0627240445870764	0.0883222497368822	0.408599372840229	0.420181173505375
VEGFA:P15692:OID20650:v1	0.266306493471128	0.0804022909328018	0.34670878440393	0.1222	0.46890878440393	0.567928139392085	0.171466804647321	VEGFA	0.293092973853889	0.0113592376439402	0.0492951970804558	0.0451841516620213	0.398714078908967	0.409471798389916
CCL16:O15467:OID20334:v1	0.32187818092376	0.00678520736445331	0.328663388288214	0.1392	0.467863388288214	0.687974714374266	0.0145025397034774	CCL16	0.352677320051146	0.0246390529515517	0.0391608009519302	0.16215106546533	0.578522892735364	0.589594574204069
CTBS:Q01459:OID30710:v1	0.222629368004739	0.0935295553652253	0.316158923369965	0.1499	0.466058923369965	0.477685024020048	0.200681825141195	CTBS	0.221626697188447	0.0114013318379398	0.0633644550676359	0.0557156340754639	0.351780566467908	0.363051002637814
PLXNB2:O15031:OID20317:v1	0.31116355412456	0.0403009368969803	0.35146449102154	0.1105	0.46196449102154	0.673565956198246	0.0872381702062491	PLXNB2	0.309545403861152	0.0141519061297266	0.044237793302696	0.0920786720803828	0.45951814010202	0.469193673554809
TCN2:P20062:OID20341:v1	0.299281556453432	0.0619427277626698	0.361224284216102	0.1001	0.461324284216102	0.648744422726372	0.134271552315796	TCN2	0.27989007308022	0.00739356268809069	0.0488824741074476	0.0678574530677978	0.40399820866882	0.41463401182687
LTA:P01374:OID20586:v1	0.304850664800098	0.0377791114737915	0.342629776273889	0.1183	0.460929776273889	0.661382016289944	0.0819628355954656	LTA	0.322295044957323	0.0090912315208798	0.047247411519373	0.0476799153797521	0.426216545216588	0.43466832825687
HMCN2:Q8NDA2:OID30592:v1	0.332677924090827	0.0227124277863129	0.35539035187714	0.1049	0.46029035187714	0.722756674638327	0.0493436972851764	HMCN2	0.299100392587168	0.0115817116033498	0.0615543360387767	0.0372037578227694	0.409348780908211	0.423206372579743
MEGF10:Q96KG7:OID20746:v1	0.166845536403806	0.0783657484015599	0.245211284805366	0.2148	0.460011284805366	0.362698790040334	0.170356143403562	MEGF10	0.194963881673909	0.0336134017817542	0.07466716348417	0.0568291804119262	0.359903817180284	0.374836033433498
XCL1:P47992:OID21398:v1	0.308781211067938	0.0384304332428003	0.347211644310739	0.1123	0.459511644310739	0.671976901762971	0.083633208687117	XCL1	0.272944231816202	0.00777728286349049	0.0414737500234949	0.0302903377305106	0.3523229653091	0.363402456030632
KAZALD1:Q96I82:OID21339:v1	0.296825661509589	0.0295780261813838	0.326403687690973	0.1322	0.458603687690973	0.647237842774616	0.0644958315322462	KAZALD1	0.310794167984982	0.0131247408938861	0.0804037036588082	0.0301892916365841	0.434419031712261	0.449221173938529
VNN2:O95498:OID21310:v1	0.309557912017601	0.0293262973935986	0.3388842094112	0.1189	0.4577842094112	0.676209239317698	0.0640614000891773	VNN2	0.317833998736937	0.00768252317234902	0.0559050483429359	0.0343237943162963	0.415629167957147	0.429777205019359
CD6:P30203:OID20649:v1	0.313279612298693	0.0288526660894208	0.342132278388114	0.1149	0.457032278388114	0.685464959725787	0.063130477766647	CD6	0.320647737287547	0.00373653426997395	0.0467701052123548	0.0838398125510721	0.454942310840594	0.465074151768142
LAMB1:P07942:OID30280:v1	0.303586355920071	0.0338944396713221	0.337480795591393	0.115	0.452480795591393	0.670937548903668	0.0749080182000254	LAMB1	0.293932791337761	0.00843468463787062	0.063560394271358	0.0272457777788978	0.393053626865612	0.40491053249065
VCAN:P13611:OID21026:v1	0.241616255025983	0.0462266801900838	0.287842935216067	0.1644	0.452242935216067	0.534262088385188	0.102216478335915	VCAN	0.254642450545345	0.00266431942031633	0.0403410389429172	0.0636617659602245	0.361242732012019	0.373600167855567
CDH17:Q12864:OID20134:v1	0.0901449323846	0.253049250773908	0.343194183158508	0.1086	0.451794183158508	0.199526544928918	0.560098514338614	CDH17	0.309571330187007	0.00780030121388436	0.0483339364709946	0.0439907726406212	0.409380726325887	0.422637124861882
ARSA:P15289:OID21138:v1	0.256754518879385	0.05687946459731	0.313633983476695	0.1376	0.451233983476695	0.569005279480786	0.126053149098083	ARSA	0.311064570609973	0.0119144146837419	0.0655847183220572	0.0739783998377004	0.462476565690862	0.472755776393994
CRISP2:P16562:OID21456:v1	0.250544935776099	0.0347768052364865	0.285321741012585	0.164	0.449321741012585	0.557606972703956	0.0773984476204377	CRISP2	0.25926389766289	0.00314841193503294	0.05468306236734	0.271886401281178	0.588799983834666	0.594590467412088
TCN1:P20061:OID30687:v1	0.194550439320832	0.11815666388336	0.312707103204192	0.136	0.448707103204192	0.433580030116657	0.263326929838218	TCN1	0.255411478454482	0.00150301378185306	0.0372138806158449	0.0163529912817933	0.310355039725666	0.320788656854403
KIR2DL2:P43627:OID31431:v1	0.204112109200286	0.187688386259446	0.391800495459733	0.0563	0.448100495459733	0.455505207578214	0.418853333484681	KIR2DL2	0.34562604739963	0.00154929790597128	0.0549435207804888	0.0305713225126178	0.432363348342306	0.441216604662879
KDR:P35968:OID21497:v1	0.181065963990317	0.118297951903313	0.29936391589363	0.1485	0.44786391589363	0.404287904349323	0.264138162743634	KDR	0.281899988168839	0.00748538913270543	0.0357812691417959	0.0437468780717683	0.368724501446407	0.381591267743558
FAM3D:Q96BQ1:OID31514:v1	0.0742196646423226	0.330274741441133	0.404494406083455	0.0433	0.447794406083455	0.165744957136624	0.737558881831095	FAM3D	0.386469927303772	0.00490601518829224	0.0527747278170939	0.0204738298369812	0.464429976394256	0.476097170223685
SLAMF7:Q9NQ25:OID20602:v1	0.288654031867231	0.046126965906424	0.334780997773655	0.1122	0.446980997773655	0.645785913282607	0.103196704415121	SLAMF7	0.273512905588803	0.0022011083849243	0.0281894073755809	0.0201477922022906	0.323991869788148	0.330954438040122
COL28A1:Q2UY09:OID30969:v1	0.3542329397128	0.0142160468818106	0.368448986594611	0.0774	0.445848986594611	0.794513277732057	0.0318853407975481	COL28A1	0.326471306350447	0.000999793496433773	0.0641617185415841	0.0248290743320556	0.416296523749669	0.424074532823396
GFRAL:Q6UXV0:OID31091:v1	0.195346202409726	0.0614105075361596	0.256756709945886	0.1879	0.444656709945886	0.439319137753481	0.138107682089477	GFRAL	0.21887537379982	0.00984253685278144	0.051617220956807	0.0639674481038766	0.344083683422786	0.362577968061328
ASAH2:Q9NR71:OID20996:v1	0.283968804504161	0.0408217288104781	0.324790533314639	0.1194	0.444190533314639	0.639295039417271	0.0919013930933154	ASAH2	0.278879718735925	0.0121038961963491	0.0912604583363626	0.0814527944334338	0.463561823561454	0.479975607343407
PRR4:Q16378:OID30607:v1	0.326851964635026	0.0215020614619014	0.348354026096927	0.0956	0.443954026096927	0.736229306238266	0.0484330813506508	PRR4	0.289567988542066	0.00412082056962008	0.0350011738721745	0.0327157012795901	0.361138311176163	0.368122429420409
ALPI:P09923:OID30497:v1	0	0.425131291317926	0.425131291317926	0.0188	0.443931291317926	0	0.957651104196356	ALPI	0.425221828622423	0.00487770371041957	0.0471389784416003	0.0112547015559947	0.48843886545897	0.495195111300975
SIGLEC8:Q9NYZ4:OID30261:v1	0.245341989284778	0.0483014581314495	0.293643447416227	0.1498	0.443443447416227	0.553265564559112	0.108923603252868	SIGLEC8	0.176051709219157	0.00875040982334287	0.0979813425361857	0.0950671629056499	0.377737964625687	0.397411884345454
CR1:P17927:OID30697:v1	0.192490401562324	0.0962138654611562	0.288704267023481	0.1538	0.442504267023481	0.435002362479163	0.217430367639936	CR1	0.203679441044258	0.0132691448060612	0.0881575025148531	0.0676092072838037	0.372519657225306	0.388867012967879
WFIKKN2:Q8TEU8:OID20785:v1	0.235070927842698	0.00508217020831691	0.240153098051015	0.2006	0.440753098051015	0.533339252479831	0.0115306511305081	WFIKKN2	0.202272773452894	0.0169313247484243	0.0501341953741838	0.126793696230717	0.396015763332527	0.407746667885854
CD48:P09326:OID20692:v1	0.240447227285275	0.0635184373571328	0.303965664642408	0.1362	0.440165664642408	0.546265296455178	0.144305752264287	CD48	0.259999028507046	0.012685553764739	0.0458416242392316	0.0274130134940852	0.345774040593311	0.358935092473293
SIGLEC6:O43699:OID21394:v1	0.236293896761465	0.0818852232528263	0.318179120014291	0.1219	0.440079120014291	0.536935032849982	0.186069321466937	SIGLEC6	0.283566294498957	0.00651981072557942	0.0484066986654848	0.0312441300433936	0.369660769220483	0.380439513295484
FUT3_FUT5:P21217_Q11128:OID21013:v1	0.224865791181861	0.0389820873591895	0.263847878541051	0.176	0.439847878541051	0.511235366026381	0.088626293909819	FUT3_FUT5	0.250723881289102	0.0119990047941428	0.0567544296660487	0.103911697615378	0.423286502828806	0.432982638490688
GASK1A:Q9UFP1:OID30109:v1	0.354054451826459	0	0.354054451826459	0.0857	0.439754451826459	0.805118516381001	0	GASK1A	0.30364478543711	0.0064348347969144	0.045255755361841	0.0409437992439978	0.39623100188348	0.408269634414666
SPARCL1:Q14515:OID20361:v1	0.298766657561729	0.0243956460705733	0.323162303632302	0.1162	0.439362303632302	0.680000662532404	0.055525123272728	SPARCL1	0.251876373031371	0.00534205684152397	0.0513644142901727	0.0325244924474655	0.340245566279022	0.35167872214614
CPA4:Q9UI42:OID30606:v1	0.266638083286795	0.0121995009172454	0.278837584204041	0.1604	0.439237584204041	0.6070475134089	0.0277742646712544	CPA4	0.231830631038017	0.00497924574181232	0.0393117431096889	0.0155703385728406	0.29158549375196	0.304588409125483
HGFAC:Q04756:OID30718:v1	0.292098221093042	0.0214027152697211	0.313500936362764	0.1257	0.439200936362764	0.66506739150433	0.0487310328774966	HGFAC	0.259454876379079	0.00387290662921293	0.0419041099239907	0.0452363754109276	0.350191741882588	0.362135675313435
CGREF1:Q99674:OID20152:v1	0.246430905542321	0.0744497817065561	0.320880687248878	0.1175	0.438380687248878	0.562139055643247	0.169829063807022	CGREF1	0.255956414562151	0.0254885375676602	0.0607786826618437	0.0424324764502582	0.384293059667103	0.402483711900606
CD300C:Q08708:OID21010:v1	0.149572057920214	0.119344062081981	0.268916120002196	0.169	0.437916120002196	0.341554126665773	0.272527218412017	CD300C	0.210907902225112	0.0220657137476114	0.0526269320190432	0.0795070684985231	0.364946964610386	0.380703593583181
AHSG:P02765:OID30706:v1	0.340024708598673	0.00133027234391208	0.341354980942585	0.0952	0.436554980942585	0.77888175245306	0.00304720459503138	AHSG	0.259239114135221	0.0108066185049588	0.0561973538964962	0.0190896776353373	0.345051383875939	0.358394004895081
TEK:Q02763:OID21496:v1	0.17967132718439	0.145150278771904	0.324821605956295	0.1116	0.436421605956295	0.411692099410823	0.332591871692165	TEK	0.27937945958734	0.00425083580262159	0.0567944505867111	0.0206623516064853	0.361080491485485	0.374233480390749
LILRA2:Q8N149:OID21152:v1	0.280846334101306	0.0436647574510353	0.324511091552341	0.1114	0.435911091552341	0.6442743475537	0.100168952562181	LILRA2	0.311519664521672	0.0193972571213026	0.0612431298571161	0.090149106856818	0.482241045700294	0.495182828508719
SERPINB8:P50452:OID20630:v1	0.35022204612167	0.00451390605749263	0.354735952179163	0.0808	0.435535952179163	0.804117419857918	0.0103640262873999	SERPINB8	0.231102071810973	0.00858826449811334	0.0362238652497864	0.0688908011447672	0.344580384136824	0.35678369491641
MMP1:P03956:OID20672:v1	0.237785063190401	0.0389630257609563	0.276748088951357	0.1587	0.435448088951357	0.54606982835321	0.0894780038070365	MMP1	0.239912094360599	0.00842246739852662	0.0694345458663682	0.0174991881453766	0.335223267372811	0.350994332426576
PVALB:P20472:OID21420:v1	0.34781416892419	0.00802009256311686	0.355834261487306	0.0793	0.435134261487306	0.799326092446379	0.0184313056289887	PVALB	0.316561726408154	0.000734801352876926	0.0710318558476467	0.0130183764919093	0.401201728000714	0.411407253681314
CNTN5:O94779:OID21006:v1	0.241367053852826	0.0215284764848457	0.262895530337672	0.171	0.433895530337672	0.556279189290073	0.0496167279439166	CNTN5	0.219851924990004	0.0194219018720488	0.0597033068106618	0.153847219943319	0.452692791589992	0.464279774409762
TGOLN2:O43493:OID30691:v1	0.276258855345042	0.0083204005966414	0.284579255941683	0.1493	0.433879255941683	0.636718284089095	0.0191767651545888	TGOLN2	0.221771676929126	0.00758683799288829	0.0696409518634904	0.0487024159310879	0.347331452922111	0.359702117340094
SCG3:Q8WXD2:OID20728:v1	0.241750694743143	0.0192770696655205	0.261027764408663	0.1723	0.433327764408663	0.557893388329376	0.0444861170892817	SCG3	0.202620969987835	0.00887810623738899	0.0610576009417362	0.0874601014669306	0.35972510196932	0.373669315320747
CDHR5:Q9HBB8:OID20193:v1	0.255932664565117	0.034414127733234	0.290346792298351	0.1417	0.432046792298351	0.592372560397074	0.0796537049845037	CDHR5	0.259488372680812	0.0529646069383932	0.056477267625691	0.0706424330622126	0.439415368860076	0.455752222351508
PRSS27:Q9BQR3:OID20212:v1	0.0295073600244466	0.266483199974405	0.295990559998851	0.1331	0.429090559998851	0.0687672085457336	0.621041861128611	PRSS27	0.229228871460954	0.00615567416646794	0.0939808479911825	0.00605221046235686	0.335140197446743	0.350042062525368
CLEC10A:Q8IUN9:OID20928:v1	0.235162611401597	0.0586306480593388	0.293793259460936	0.1352	0.428993259460936	0.548173208355529	0.136670324687648	CLEC10A	0.228800358480301	0.0111533404873954	0.0961437273556605	0.0221751888217699	0.358254133525516	0.374438938482791
PTPRH:Q9HD43:OID31433:v1	0.260798078314988	0.0386551282149393	0.299453206529927	0.1266	0.426053206529927	0.612125608533986	0.0907284058011756	PTPRH	0.277147235039484	0.00423076347887456	0.0489294738757209	0.0446624369541118	0.374653666446957	0.387236945224819
ENTPD6:O75354:OID20100:v1	0.327648855868511	0.0198454098551683	0.347494265723679	0.0771	0.424594265723679	0.771675178679263	0.0467397029522848	ENTPD6	0.38560496534049	0.00177815481236093	0.088368471727878	0.0116194786921848	0.487194701886385	0.496279563424542
GPR37:O15354:OID20095:v1	0.28673214914641	0.0252884180448884	0.312020567191299	0.112	0.424020567191299	0.676222266871903	0.0596396024192841	GPR37	0.239431322690818	0.0291644041392255	0.071927272727468	0.0848742498191636	0.425251112897825	0.440248254263504
SCN4B:Q8IWT1:OID30277:v1	0.303498583568554	0.00228930743054678	0.305787890999101	0.1174	0.423187890999101	0.717172182909172	0.00540967139948634	SCN4B	0.282505219581783	0.0177987034610583	0.0320390857962927	0.0750193356434236	0.406910811576681	0.423526343271039
IL13RA1:P78552:OID21504:v1	0.35177489605197	0.00696606603291982	0.358740962084889	0.0637	0.422440962084889	0.832719664106059	0.0164900344856235	IL13RA1	0.000167047304289676	0.00572262313500187	0.00634928197292036	0.0719203441621028	0.0841350561598596	0.0986981506646659
CD207:Q9UJ71:OID21298:v1	0.2293907389486	0.0565395870562308	0.285930326004831	0.1355	0.421430326004831	0.544314741473946	0.134161173431032	CD207	0.244444676055071	0.00520765125558432	0.0630027603207348	0.0158990910675111	0.328187745462669	0.343727807519208
MANSC4:A6NHS7:OID30141:v1	0.337004837448994	0.0197636478382244	0.356768485287219	0.0638	0.420568485287219	0.80130787074748	0.046992698049468	MANSC4	0.275897641938589	0.00722480989783963	0.0783288694281371	0.0398155745046221	0.401065558885715	0.41182826767927
CCN4:O95388:OID21444:v1	0.229137050603665	0.027216107108368	0.256353157712033	0.1626	0.418953157712033	0.546927613232509	0.0649621720409013	CCN4	0.166768711480051	0.00759287320594602	0.100619890731756	0.0540651049880979	0.328694064654834	0.345088593907682
IL2RA:P01589:OID20267:v1	0.239956066890106	0.019783934859055	0.259740001749161	0.1592	0.418940001749161	0.572769527589249	0.0472237904627226	IL2RA	0.213665640367678	0.0219209733170576	0.0446779213202926	0.0565337387166541	0.336553571519943	0.350992625874534
LRPAP1:P30533:OID21059:v1	0.0377152955740971	0.261858819912167	0.299574115486264	0.1183	0.417874115486264	0.0902551610075423	0.626645226894353	LRPAP1	0.560143943443126	0.00308147550698564	0.0650523452418457	0.0233007985888637	0.651497908447736	0.660869189440232
IL31RA:Q8NI17:OID30475:v1	0.317695929142466	0.000968488339991135	0.318664417482457	0.0988	0.417464417482457	0.761013192593393	0.00231993027293597	IL31RA	0.243689106074682	0.00290954893302463	0.0644587916471799	0.0331615043400757	0.344171838164706	0.357497248429485
LYPD3:O95274:OID21530:v1	0.116197279844795	0.157779610092589	0.273976889937385	0.1424	0.416376889937385	0.2790675531062	0.37893459965157	LYPD3	0.252249649016743	0.00122830877778459	0.0405051071045125	0.0322836740291588	0.326205037753232	0.33925487228371
NELL1:Q92832:OID21494:v1	0.0920266521182845	0.12872185713988	0.220748509258164	0.1941	0.414848509258164	0.221831946034583	0.310286416046333	NELL1	0.168893909773044	0.0155275147505211	0.0578272803528182	0.018184810993643	0.260183596912572	0.273747439669196
SERPINA11:Q86U17:OID20281:v1	0.258350112648302	0.0144055901935828	0.272755702841885	0.1417	0.414455702841885	0.623347949797334	0.0347578525154921	SERPINA11	0.234397474181137	0.0170149830034987	0.0418933272396192	0.21571739536752	0.508983934618476	0.521494131173797
IL12B:P29460:OID20666:v1	0.154019026988544	0.101764459441335	0.25578348642988	0.1573	0.41308348642988	0.372852055451722	0.246353250092	IL12B	0.231640146134333	0.0245429819171432	0.0565493547757249	0.0753118020212646	0.387979622460688	0.398634594092808
VIT:Q6UXI7:OID30334:v1	0.250712660831402	0.0336243013929057	0.284336962224308	0.1278	0.412136962224308	0.608323649202205	0.0815852604227365	VIT	0.173767392476596	0.00439284412873029	0.0519404110519504	0.216883412199012	0.446757631500808	0.458888225170329
MELTF:P08582:OID30347:v1	0.268873477317304	0.0344603003592254	0.303333777676529	0.1084	0.411733777676529	0.653027494694737	0.0836955873615461	MELTF	0.250836094231131	0.00841504489165924	0.0469488677518329	0.0344253254276054	0.340454223432556	0.353400800329739
PYDC1:Q8WXC3:OID30202:v1	0.0497339185112149	0.257719395267741	0.307453313778956	0.1024	0.409853313778956	0.121345654260191	0.628808860642116	PYDC1	0.249317995402273	0.000423036845060479	0.0203723341315279	0.0411347879330031	0.311089017224567	0.315212181055248
LGALS3:P17931:OID20284:v1	0.241962272008396	0.0303878844153888	0.272350156423785	0.1368	0.409150156423785	0.591377684230381	0.0742707388431596	LGALS3	0.214632085464979	0.00894445203430018	0.0523566404969417	0.111617773857647	0.387442646560329	0.400815610273853
CLPS:P04118:OID21156:v1	0.317881353589742	0.0153898128716273	0.333271166461369	0.0756	0.408871166461369	0.777460920858981	0.0376397607217465	CLPS	0.26871454070699	0.0108954746819903	0.06803430563242	0.0189337765924364	0.366502079647601	0.377824846621202
GM2A:P17900:OID30413:v1	0.268955686141168	0.00122526283143431	0.270180948972603	0.1386	0.408780948972603	0.657945745312104	0.00299735796033007	GM2A	0.152877843265994	0.0128214020897818	0.0431528553421853	0.108154938311108	0.316985624780363	0.332301361322155
OSMR:Q99650:OID20356:v1	0.244287640836505	0.0125416207163051	0.25682926155281	0.151	0.40782926155281	0.59899488307038	0.0307521355102204	OSMR	0.230037927882315	0.0112338892704269	0.0336251958840399	0.0885367900498692	0.363314181622941	0.378485189710932
TIMP3:P35625:OID20684:v1	0.229533947774684	0.0391151084603589	0.268649056235043	0.1377	0.406349056235043	0.564868908276523	0.0962598727871381	TIMP3	0.246241456243002	0.00468730431556279	0.0508850955989417	0.0244229231069769	0.326178346786829	0.33481528525976
LEFTY2:O00292:OID21454:v1	0.296724446285353	0.00651980407043523	0.303244250355788	0.1025	0.405744250355788	0.731309059894655	0.0160687528282117	LEFTY2	0.259857709664208	0.00216365167853391	0.0390877079490264	0.128259292597751	0.429064275398279	0.440628720922486
ALPP:P05187:OID21383:v1	0.226077725557797	0.0499689939904286	0.276046719548225	0.1292	0.405246719548225	0.557876756682525	0.123305116562411	ALPP	0.271229229361204	0.0283543788051084	0.0722607146188537	0.0562461607656371	0.427991372428729	0.440382291710796
FGL1:Q08830:OID30702:v1	0.288347468602074	0.0090406218552167	0.297388090457291	0.1075	0.404888090457291	0.712165843841955	0.0223286929605807	FGL1	0.272108303327544	0.0117174043106057	0.0436599761475917	0.145038493100971	0.472164795074899	0.487297964848354
TGFBI:Q15582:OID20417:v1	0.204672061255424	0.0789777206069676	0.283649781862392	0.121	0.404649781862392	0.505800498182467	0.195175492850816	TGFBI	0.251526629942502	0.0173820859575194	0.0456657555586891	0.0568199078135422	0.371268542608747	0.386755657284433
FCRL6:Q6DN72:OID20529:v1	0.292743737240064	0.0349540576004366	0.327697794840501	0.0765	0.404197794840501	0.724258620350917	0.0864776058816198	FCRL6	0.312209918687113	0.00477888994675989	0.0326023481263126	0.0272163361084267	0.376616795927	0.382601557943051
HSBP1:O75506:OID30232:v1	0.244512305253157	0.0522769533802688	0.296789258633426	0.1062	0.402989258633426	0.606746457913843	0.129722944868418	HSBP1	0.253190695546928	0.00129423261830029	0.0574853714882096	0.0106314126916359	0.322515400347536	0.334694130121823
DYNLT1:P63172:OID30925:v1	0.003537051471769	0.321950165491599	0.325487216963368	0.0766	0.402087216963368	0.00879672698495969	0.800697341047104	DYNLT1	0.310489750630904	0.00414602704273814	0.0559996282417135	0.0246144643413776	0.39499188236524	0.413274893704936
MLN:P12872:OID20541:v1	0.112415028470026	0.0812742117118071	0.193689240181833	0.2083	0.401989240181833	0.279646859252195	0.202180067493955	MLN	0.164412362942534	0.0076901225670455	0.0564606703245993	0.151513362169041	0.379908139244358	0.393115746187476
CDH6:P55285:OID20157:v1	0.26155005708034	0.0109523833190861	0.272502440399427	0.1294	0.401902440399427	0.650779967447825	0.0272513481336445	CDH6	0.231261707046209	0.0161755097576063	0.043671133107444	0.040113650877675	0.331121757424012	0.347424108055938
ITGB7:P26010:OID21393:v1	0.0119202254499835	0.242066508606172	0.253986734056155	0.1476	0.401586734056155	0.0296828167842731	0.602775161821762	ITGB7	0.212067319581731	0.00384525166342082	0.0489136488905557	0.0204622037314241	0.285161936751423	0.30048435537277
CLEC4D:Q8WXI8:OID20609:v1	0.207339345296648	0.0426394690601418	0.24997881435679	0.1516	0.40157881435679	0.516310467295801	0.106179578044816	CLEC4D	0.176698554386929	0.021626274306481	0.0754927694435091	0.0932014105528515	0.36690745023055	0.387119352545187
GRN:P28799:OID21159:v1	0.0281819813011929	0.232470457105183	0.260652438406376	0.1396	0.400252438406376	0.0704105174559356	0.580809596140813	GRN	0.214346777886067	0.0127575553265603	0.0334099596608715	0.0461577090560825	0.306544891920782	0.321659214347645
ADAM22:Q9P0K1:OID21001:v1	0.237113792541324	0.00759589570581081	0.244709688247135	0.1553	0.400009688247135	0.592770124094669	0.0189892793324493	ADAM22	0.195271557500517	0.0311264043444063	0.0492251549454142	0.0433958887329652	0.318670227687048	0.332649363851854
CPPED1:Q9BRF8:OID21053:v1	0.363371026483809	0	0.363371026483809	0.0363	0.399671026483809	0.90917530269993	0	CPPED1	0.32027653939573	0.00586877498466968	0.0350428669392494	0.0678041793306894	0.428963170567765	0.440758465319016
PTPRM:P28827:OID20598:v1	0.00951891625604039	0.292692974076767	0.302211890332807	0.0966	0.398811890332807	0.0238681856955089	0.733912356104818	PTPRM	0.272623017621655	0.00884519568342514	0.0419478155911056	0.0445749148014043	0.367802020500575	0.380431855906219
APOE:P02649:OID30727:v1	0.368209718754802	0.00471376264277245	0.372923481397575	0.025	0.397923481397575	0.92532794863371	0.0118459021976208	APOE	0.15064332787874	0.000359699466996122	0.0384850985156255	0.0206237669211017	0.209677261743958	0.216552846449179
VEGFD:O43915:OID20662:v1	0.268916373761313	0.0260129607157755	0.294929334477088	0.1029	0.397829334477088	0.675959137389352	0.0653872363383341	VEGFD	0.0154129197455508	0.00240076951205827	0.0137488487914806	0.0873686776702661	0.118867478705439	0.133641071658318
PAM:P19021:OID20291:v1	0.275382907704205	0.0126714077316214	0.288054315435827	0.1082	0.396254315435827	0.694965069090341	0.0319779677798198	PAM	0.220050964368801	0.00405473066288835	0.0815601276805356	0.0358699903282107	0.341134706362067	0.359817751381103
LILRB4:Q8NHJ6:OID20429:v1	0.0858090997613017	0.197863481463891	0.283672581225192	0.1121	0.395772581225193	0.216814160030142	0.499942368042185	LILRB4	0.234500384556248	0.0200272045307681	0.055423368777557	0.133952987278837	0.443514618878057	0.454982524136267
CTRC:Q99895:OID20752:v1	0.0729544429998087	0.159256370876607	0.232210813876416	0.1622	0.394410813876416	0.18497069662666	0.403782972660857	CTRC	0.210862517510349	0.00165737378810563	0.0457472632802404	0.0308391906142121	0.289049535643165	0.299457236732427
SSC5D:A1L4H1:OID20351:v1	0.131872574097526	0.0944120958307113	0.226284669928237	0.1678	0.394084669928237	0.33463005328662	0.239573124851326	SSC5D	0.182519658404885	0.0252726585851017	0.05090286367291	0.129086490062641	0.387466543609012	0.401823940552978
DPP7:Q9UHL4:OID20142:v1	0.22867756324011	0.0521493707211732	0.280826933961284	0.1121	0.392926933961284	0.581984953117627	0.132720274976903	DPP7	0.242640682363118	0.0138642774938385	0.0316326504772139	0.0180477785446994	0.306038522765428	0.31676977137495
ADAMTS8:Q9UP79:OID21502:v1	0.222290696918506	0.00579423810610663	0.228084935024612	0.1646	0.392684935024612	0.566079004035572	0.0147554377295972	ADAMTS8	0.175500826484347	0.0275992055773653	0.052462475672711	0.0263827322416749	0.281649109463374	0.299326693080481
IL12A_IL12B:P29459_P29460:OID21327:v1	0.146248718874919	0.0939861651522835	0.240234884027202	0.1513	0.391534884027202	0.373526663500967	0.240045444190239	IL12A_IL12B	0.219091126134328	0.0283850258867796	0.0480696197203144	0.0737422909096336	0.369205964456053	0.380781822973098
CST1:P01037:OID30581:v1	0.199997382415734	0.0326829123577199	0.232680294773454	0.1587	0.391380294773454	0.511005242436899	0.0835067906948102	CST1	0.167080841803745	0.00114495416219598	0.0689320321915821	0.0668341077433161	0.303855872809979	0.31704844565446
B3GNT7:Q8NFL0:OID30281:v1	0.226222435498268	0.0420203083287054	0.268242743826974	0.1231	0.391342743826974	0.578067280067646	0.107374696456066	B3GNT7	0.227948870250218	0.0109903347734858	0.0635306455310629	0.0897949911446253	0.391995682954968	0.409462246756983
MSLN:Q13421:OID21380:v1	0.24423952788465	0.01822596736915	0.262465495253801	0.1286	0.3910654952538	0.624548907660952	0.0466059204669065	MSLN	0.246246723161897	0.00723922292043612	0.0524128887493461	0.0799821750815958	0.385860290103992	0.396520110924145
WFDC12:Q8WWY7:OID21462:v1	0.191701571890452	0.0848738187505457	0.276575390640998	0.1142	0.390775390640998	0.490567155664536	0.217193356550229	WFDC12	0.235792053346186	0.00996209778530479	0.0448036592062303	0.197845903844056	0.48818094076954	0.496640410971734
STAB2:Q8WWQ8:OID30401:v1	0.136178430414874	0.0993943804649496	0.235572810879824	0.1546	0.390172810879824	0.349020809799119	0.254744507288499	STAB2	0.205216187804451	0.0118467018734346	0.0428184248158421	0.11567450360735	0.375200737826504	0.38963282436669
SIGLEC1:Q9BZZ2:OID20690:v1	0.154009111395382	0.0747579430809251	0.228767054476307	0.1614	0.390167054476307	0.394726078556523	0.191604960550211	SIGLEC1	0.158257056000458	0.0245460244251658	0.0711014768581202	0.0872190271639433	0.341075942377391	0.355122137089283
CDH5:P33151:OID20243:v1	0.0216742713752789	0.219023374165689	0.240697645540968	0.1488	0.389497645540968	0.0556467327168969	0.562322716640535	CDH5	0.211809891853547	0.0172212400481259	0.060356014656229	0.00934814922943085	0.298418830510441	0.315549532454182
C7:P10643:OID30766:v1	0.314108812653126	0.00494496400431476	0.319053776657441	0.07	0.389053776657441	0.807366054512553	0.0127102326233649	C7	0.27690322011029	0.0127219494282353	0.0632132477065772	0.0585464326436423	0.411273437880866	0.423679461013571
SMPD1:P17405:OID21028:v1	0.105143402055509	0.110874748321799	0.216018150377309	0.1729	0.388918150377309	0.270348406093942	0.285085044794732	SMPD1	0.182784286905164	0.0237573531077845	0.0421714853420554	0.0361882469264395	0.284874626153176	0.301348045782135
GPC1:P35052:OID21438:v1	0.0789637916819833	0.0736927481332658	0.152656539815249	0.2349	0.387556539815249	0.203747798242873	0.190147089682438	GPC1	0.12736821937873	0.0278999064365179	0.0504257130634781	0.0614924247176821	0.267128126823629	0.287465691673527
VWC2:Q2TAL6:OID20936:v1	0.173942194466124	0.0212031054628495	0.195145299928973	0.1921	0.387245299928973	0.449178323140468	0.0547536805914456	VWC2	0.167101410150756	0.0347503802951005	0.0405347706600363	0.123931259890822	0.366250950810977	0.381719511418978
LY9:Q9HBG7:OID20670:v1	0.190161626905716	0.0514759334399012	0.241637560345617	0.1438	0.385437560345617	0.49336558361152	0.133551938720614	LY9	0.190182628106938	0.00567047671092714	0.0314267971510768	0.0241113034582103	0.251237175871542	0.26432167425072
NT5E:P21589:OID21498:v1	0.226484900314539	0.0285248137406088	0.255009714055148	0.1283	0.383309714055148	0.590866581278329	0.0744171428342795	NT5E	0.174728341990274	0.00940035241262819	0.0575249872277372	0.049507072148458	0.291040199411731	0.30456420422224
LEG1:Q6P5S2:OID30608:v1	0.0772566292283243	0.167737951539102	0.244994580767426	0.1383	0.383294580767426	0.201559409145942	0.437621505640022	LEG1	0.230750992272595	0.00199409460461431	0.0517323720642189	0.0191856397437707	0.303550279541871	0.31076429078728
EDAR:Q9UNE0:OID20525:v1	0.143626162267005	0.101271973535676	0.244898135802681	0.1375	0.382398135802681	0.375593259537009	0.264833857840596	EDAR	0.227591250002749	0.000837474972983852	0.047601365215243	0.00964729420736628	0.285588168132108	0.300461683563169
TSPAN8:P19075:OID31470:v1	0.118141125284871	0.0652876653843327	0.183428790669204	0.1979	0.381328790669204	0.309814333917831	0.171210952285448	TSPAN8	0.145577542338965	0.00501952715054892	0.0574204011898458	0.0602152140087035	0.267859343641537	0.280682117241069
NPTX1:Q15818:OID21074:v1	0.178048459235731	0.090442533817743	0.268490993053474	0.1127	0.381190993053474	0.467084643867107	0.237263039961323	NPTX1	0.234397886650748	0.00540912772067921	0.065895894871807	0.0837487268517463	0.389196056454987	0.402964767418799
SFTPA2:Q8IWL1:OID21218:v1	0.290776318584512	0.00906086068440215	0.299837179268914	0.0786	0.378437179268914	0.768360865457907	0.0239428396065798	SFTPA2	0.266037416646693	0.00393073544567308	0.0590433119962729	0.0232726652524776	0.352128001988421	0.360311480118851
LRP11:Q86VZ4:OID20185:v1	0.220944560522404	0.00849541534862496	0.229439975871029	0.1482	0.377639975871029	0.585066663063925	0.0224960700440419	LRP11	0.193409362198285	0.0193416876541726	0.04118944243293	0.0766052183565774	0.330493046899272	0.346512424187522
CSTB:P04080:OID20294:v1	0.307214068392396	0	0.307214068392396	0.0701	0.377314068392396	0.814213129399941	0	CSTB	0.251882411622058	0.0174773664956603	0.0506310413294557	0.103280112196944	0.423117042616777	0.437955031191743
FLRT2:O43155:OID20946:v1	0.165979989312077	0.0648456692172817	0.230825658529358	0.1462	0.377025658529358	0.44023526133342	0.171992721848749	FLRT2	0.169742170964518	0.0235952737919045	0.0594365593926109	0.035785039913716	0.288153443230234	0.306884769372179
HNMT:P50135:OID20975:v1	0.261441306932772	0.00466611478282863	0.266107421715601	0.1105	0.376607421715601	0.694201154458933	0.0123898641231565	HNMT	0.208913138079174	0.01553085067071	0.0442044997481316	0.163037182004493	0.431624592593627	0.444670682399428
SUSD5:O60279:OID30650:v1	0.205160838902552	0.00918339330602457	0.214344232208577	0.1621	0.376444232208577	0.544996632565959	0.0243950963258119	SUSD5	0.175140800475685	0.0120036061225314	0.0421005163658917	0.211663229477587	0.440689040604862	0.456571014450878
LAIR1:Q6GTX8:OID20737:v1	0.242416046087638	0.00457546142875897	0.246991507516397	0.129	0.375991507516397	0.644738089136405	0.0121690552506945	LAIR1	0.178975023779851	0.0257014972097698	0.0540963613615156	0.16526071112286	0.423750338787047	0.44035712974209
ULBP2:Q9BZM5:OID20919:v1	0.196630691783368	0.0269344317324196	0.223565123515788	0.1519	0.375465123515788	0.523698952227983	0.0717361748015645	ULBP2	0.168841374208562	0.0255791971857113	0.04854106875209	0.0900787483168841	0.332871569980874	0.352095073254662
SHMT1:P34896:OID20714:v1	0.294482711257744	0.00485096722428046	0.299333678482024	0.0758	0.375133678482024	0.785007393762581	0.0129313028995686	SHMT1	0.267897281296318	0.0034915942210473	0.0394054911217218	0.0293942628637226	0.339952653830103	0.353462009192565
ITGA2:P17301:OID30570:v1	0.23287503942609	0.0252652388294767	0.258140278255567	0.1167	0.374840278255567	0.621264717094558	0.067402678674384	ITGA2	0.232410134105418	0.0114683407201217	0.0413307938270819	0.0861790601227287	0.371267604521344	0.381398544099578
BPIFA2:Q96DR5:OID30279:v1	0.0219402052365324	0.145449338205417	0.16738954344195	0.2062	0.37358954344195	0.0587281031326338	0.389329253879447	BPIFA2	0.147564985481028	0.00691202541158772	0.0333352381250732	0.0941934943489307	0.281642860099504	0.293665095960666
BTD:P43251:OID30754:v1	0.267319671728147	0.0227367245651157	0.290056396293263	0.0829	0.372956396293263	0.716758512214786	0.0609634927597203	BTD	0.273909077790019	0.00589676700745913	0.0486748233079375	0.0402752033952734	0.36873041669677	0.380446140009121
TNFRSF10A:O00220:OID20967:v1	0.21586056539686	0.00636018689154482	0.222220752288405	0.1503	0.372520752288405	0.579459168572014	0.0170733760534789	TNFRSF10A	0.196124796555557	0.0301562534241382	0.025827918485813	0.15265213612118	0.404588440502926	0.417544265620108
TNFRSF11A:Q9Y6Q6:OID20646:v1	0.199885354235826	0.0180334169590493	0.217918771194876	0.1544	0.372318771194876	0.536866174096831	0.0484354224235727	TNFRSF11A	0.188315495117135	0.0342234472108698	0.0254565187081002	0.139830466601125	0.387657838778182	0.401391582525669
TIMD4:Q96H15:OID20375:v1	0.0395084094707387	0.14367165698244	0.183180066453179	0.189	0.372180066453179	0.106154017992548	0.386027275322963	TIMD4	0.164368186162759	0.0124589820740776	0.0472574233367843	0.0626771394740998	0.286636473448337	0.299927062301124
FRZB:Q92765:OID20968:v1	0.22756627425295	0.0152085839354234	0.242774858188374	0.1291	0.371874858188374	0.611943155720617	0.0408970480271605	FRZB	0.158144702937136	0.00897240143225718	0.0966848290541877	0.105604554535896	0.368831859176964	0.38506214379219
FCN1:O00602:OID30690:v1	0.18868320306639	0.0626755735027246	0.251358776569115	0.1203	0.371658776569115	0.507678588430433	0.168637410049347	FCN1	0.170380853981619	0.00812238340938918	0.0259788145438811	0.0520953817784592	0.256551442712406	0.267106461557095
ANG:P03950:OID20403:v1	0.220043015924718	0.00349452133074146	0.22353753725546	0.1469	0.37043753725546	0.594008419219603	0.0094334968227898	ANG	0.179599090591782	0.0160295887945531	0.03919355183363	0.112290511590017	0.347027511956571	0.359717519858837
GBP4:Q96PP9:OID20845:v1	0.350819569573541	0	0.350819569573541	0.0189	0.369719569573541	0.948880174176875	0	GBP4	0.269934704575323	-0.00025335543080166	0.0366968095533931	0.0033031897065013	0.309473380498731	0.316315889821677
SUSD2:Q9UGT4:OID21098:v1	0.203954683268245	0.00642153927233069	0.210376222540575	0.1588	0.369176222540575	0.552458882277632	0.0173942385241912	SUSD2	0.185112943543661	0.00983873845918526	0.0204605472170323	0.0941731084947945	0.309537191486073	0.324231849039624
ADA:P00813:OID20645:v1	0.261449757285057	0.00358906393402824	0.265038821219085	0.1041	0.369138821219085	0.708269470064449	0.00972280271734985	ADA	0.218262868585024	0.00302150589794358	0.0411065487712976	0.0421120621722552	0.304217961716004	0.322834107345334
GPA33:Q99795:OID21376:v1	0.0226807110424831	0.109910417236419	0.132591128278902	0.2365	0.369091128278902	0.061450165839111	0.297786667885894	GPA33	0.118728867016709	0.00699907291516048	0.0320195854044936	0.0268035118689003	0.184440613092373	0.193513048372852
LRRC25:Q8N386:OID21333:v1	0.0619617188818607	0.154710803968931	0.216672522850792	0.1522	0.368872522850792	0.16797596742364	0.419415365431031	LRRC25	0.163710782952924	0.0195604699369689	0.0566432587980719	0.0702396866141667	0.30997893160434	0.325886802484094
CR2:P20023:OID20393:v1	0.0454933114587107	0.102309924066425	0.147803235525136	0.2203	0.368103235525136	0.123588458530688	0.277938127657232	CR2	0.15825335446259	0.00719935285257674	0.0275285381399898	0.0435831118060937	0.236498730997568	0.246065643185294
TNC:P24821:OID20359:v1	0.0604775730722733	0.149745335765562	0.210222908837836	0.1578	0.368022908837836	0.164331001195694	0.40689134336348	TNC	0.168882537977313	0.00935208712764111	0.0758041473810821	0.0224336821212123	0.276372479498994	0.292250223009539
RGMA:Q96B86:OID21065:v1	0.0649768691838696	0.073801569130804	0.138778438314673	0.2291	0.367878438314673	0.176625924263302	0.200614011163318	RGMA	0.124857263324409	0.0428330183453222	0.0453124977269579	0.0392680088676769	0.251931917555826	0.27100024760223
CD244:Q9BZW8:OID20628:v1	0.135860420748909	0.0812827554959137	0.217143176244822	0.15	0.367143176244822	0.370047516989156	0.221392526826405	CD244	0.169481644445691	0.00473605132284871	0.0623738060027338	0.0238533386562068	0.260320165052779	0.276310861203631
CA5A:P35218:OID20075:v1	0.255382996481251	0.00463703130052767	0.260020027781778	0.1062	0.366220027781778	0.697348525770489	0.0126618725049378	CA5A	0.255576386722025	0.0183832061706404	0.0141480145907927	0.137254238185005	0.425332612394864	0.438046148483195
GP2:P55259:OID20090:v1	0.043098945337035	0.211818763591391	0.254917708928426	0.1112	0.366117708928426	0.117718821805094	0.578553723094559	GP2	0.230086879191219	0.0010099881131616	0.0372040748035242	0.0629738309747058	0.331067542387148	0.335520075010399
ICAM1:P05362:OID20411:v1	0.162008816799813	0.0402915767981932	0.202300393598007	0.1637	0.366000393598007	0.44264656441259	0.110086157017763	ICAM1	0.142508780967573	0.0265086387127754	0.056575017313909	0.0820283525961073	0.307491150419831	0.323729015179582
FABP9:Q0Z7S8:OID20501:v1	0.0105160113844426	0.154421162353992	0.164937173738435	0.2005	0.365437173738435	0.0287765234085616	0.422565555589922	FABP9	0.134061732269486	0.00434809029865293	0.0491746917685578	0.0460002001536185	0.233322943222095	0.241878016032126
SPINK2:P20155:OID30627:v1	0.182286253890253	0.0315113493377791	0.213797603228032	0.1515	0.365297603228032	0.499007527778559	0.086262129998451	SPINK2	0.18860581540056	0.0131928861173206	0.0532117277079511	0.216996647021806	0.471814437538023	0.489972182067832
SIGLEC10:Q96LC7:OID20537:v1	0.178835179241771	0.0329225531892828	0.211757732431054	0.153	0.364757732431054	0.490284820145861	0.0902586847710097	SIGLEC10	0.155470268521133	0.0191032142003132	0.0669213028476575	0.0608290431516477	0.302249436991826	0.318797983973754
KIR2DL3:P43628:OID21196:v1	0.137331558437761	0.180956330583083	0.318287889020845	0.046	0.364287889020845	0.376986341233823	0.496739902799043	KIR2DL3	0.279388647219418	0.000439195459150858	0.0592266955362797	0.0323103527140829	0.371165625110222	0.377443691733994
BTN3A2:P78410:OID20540:v1	0.273734124641478	0.0114425289257809	0.285176653567259	0.0786	0.363776653567259	0.752478538568081	0.0314548193612026	BTN3A2	0.225287913543126	0.00966586497836825	0.0754941427759665	0.0401392363846359	0.350546570625165	0.364018635087081
CD163:Q86VB7:OID20360:v1	0.0130293272057193	0.170275501907523	0.183304829113243	0.1798	0.363104829113243	0.035883100859713	0.468943093715834	CD163	0.144775534721842	0.0256805201405403	0.0508831021342901	0.0935715719238492	0.314788828823088	0.331972957002454
PRTN3:P24158:OID20329:v1	0.181332164280423	0.0386169456004837	0.219949109880906	0.1426	0.362549109880906	0.500158900789988	0.106515074918178	PRTN3	0.164385291147698	0.0126767515389126	0.0339238294943814	0.0224002873943281	0.233214875745936	0.248834599403742
SCGB1A1:P11684:OID20688:v1	0.0674911481534381	0.0538422851143761	0.121333433267814	0.2395	0.360833433267814	0.187042391117193	0.14921645321711	SCGB1A1	0.12173301378855	0.0113989703912583	0.0401768219894504	0.0756895083368266	0.248940410944549	0.262780170539286
IL1RL2:Q9HB29:OID20487:v1	0.162612751629756	0.02735993719805	0.189972688827806	0.1707	0.360672688827806	0.450859620555832	0.0758580786556653	IL1RL2	0.189577320835735	0.0368033805516943	0.0403129561847981	0.0982709072131721	0.364775050300641	0.37879421355577
BPIFB1:Q8TDL5:OID20308:v1	0.156356392695566	0.0457129606106696	0.202069353306236	0.1583	0.360369353306236	0.433878162116348	0.126850300091482	BPIFB1	0.18236259149185	0.00916338551052017	0.0639218329142958	0.100010755568069	0.355389748298199	0.366892638713734
BCHE:P06276:OID30717:v1	0.166966141673801	0.076410840632712	0.243376982306513	0.1165	0.359876982306513	0.463953378189643	0.212324889863702	BCHE	0.213419593797475	0.0159448815058584	0.0438619213362055	0.132375606668806	0.40550107132144	0.429844959859899
CTRB1:P17538:OID21150:v1	0.19362767737546	0.0288587031816013	0.222486380557062	0.1373	0.359786380557062	0.538174005018379	0.0802106603838617	CTRB1	0.185868138445052	0.00225898123958338	0.0390196907108069	0.0180888642539393	0.245157279835912	0.263689797022432
SERPINA9:Q86WD7:OID21284:v1	0.270709472780509	0.00287987919911225	0.273589351979621	0.0861	0.359689351979621	0.752620202101079	0.00800657340358359	SERPINA9	0.213335768166329	0.00872357476074728	0.0467546595503335	0.0393939003540661	0.307988258610785	0.324550620346179
FGF5:P12034:OID20490:v1	0.241934065636644	0.00127631640398123	0.243210382040625	0.1164	0.359610382040625	0.672767188376983	0.0035491645061489	FGF5	0.194419009559103	0.00537654385303606	0.0331043565696353	0.151012424383593	0.383659026522428	0.394992860502137
CBLIF:P27352:OID20179:v1	0.0318878354435849	0.153112495685474	0.185000331129059	0.1738	0.358800331129059	0.0888734838767888	0.426734543983461	CBLIF	0.150563375459616	0.0031457504304645	0.0293868031377809	0.0369260433986619	0.219884808248537	0.229197855394244
IL10RB:Q08334:OID20696:v1	0.179004283563695	0.0167317916291469	0.195736075192842	0.1627	0.358436075192842	0.499403648104866	0.0466799878336605	IL10RB	0.155336777591537	0.0265165692148927	0.0326862110662615	0.106245796685823	0.320705430535649	0.335577953715794
NID2:Q14112:OID21085:v1	0.198331818480295	0.040469421226683	0.238801239706978	0.1192	0.358001239706978	0.553997574540883	0.113042684600218	NID2	0.216488146229179	0.000838650393633786	0.0412204286199117	0.012733716002644	0.271228673747092	0.280050552147735
OBP2B:Q9NPH6:OID20980:v1	0.191992162707397	0.0205677216443445	0.212559884351742	0.1452	0.357759884351742	0.536650896607052	0.0574902959889229	OBP2B	0.196905708523704	0.00908956000711421	0.0364303651916015	0.349266366120974	0.591673558832072	0.600715834786055
AFP:P02771:OID20978:v1	0.0314289460693403	0.151718064713903	0.183147010783243	0.1743	0.357447010783243	0.0879261684143693	0.424449107523535	AFP	0.172903945191175	0.00928972646432863	0.0591292942041178	0.0837745590669314	0.325018175351529	0.344550558504886
VSIG10:Q8N0Z9:OID31400:v1	0.318224695452505	0.00846496693586856	0.326689662388374	0.0307	0.357389662388374	0.890413822621125	0.0236855394173928	VSIG10	0.203441328338077	0.000327797474640391	0.0186505462016904	0.0101510136198917	0.232234072043986	0.235489289531705
HAVCR1:Q96D42:OID21422:v1	0.182573451730429	0.0260183393051358	0.208591791035565	0.1486	0.357191791035565	0.511135631647959	0.0728413697014252	HAVCR1	0.156670312907428	0.0313344314215121	0.051530030379083	0.225896694476285	0.465331612586417	0.47878088348311
CRH:P06850:OID21257:v1	0.0497054284362203	0.104032345697055	0.153737774133276	0.2031	0.356837774133276	0.139294189234729	0.291539610540784	CRH	0.148983254584247	0.00474720468569209	0.0455634391984333	0.0477582494017064	0.246874226819859	0.261492134206908
CRHBP:P24387:OID20747:v1	0.194447756808197	0.0133130766676654	0.207760833475863	0.1485	0.356260833475863	0.545801667028805	0.0373689033896212	CRHBP	0.162344548500741	0.0211562114112809	0.0437248213419571	0.124011548710752	0.350767958749929	0.367614198307439
MATN3:O15232:OID20979:v1	0.229445985104476	0.0151526731604028	0.244598658264879	0.1116	0.356198658264879	0.644151738869981	0.0425399501340482	MATN3	0.136745913625873	0.00287894392407445	0.103534271421768	0.0588368914988853	0.301927458498962	0.324605919063853
CTSB:P07858:OID20276:v1	0.220883475676493	0.0152275608939537	0.236111036570447	0.1198	0.355911036570447	0.620614291158045	0.0427847392446334	CTSB	0.18842355817759	0.0055253006560879	0.0434730938212715	0.115143729762324	0.352423475675099	0.37165024175072
CLSTN2:Q9H4D0:OID20664:v1	0.216536136655432	0.00919531875749565	0.225731455412928	0.13	0.355731455412928	0.608706745947109	0.0258490460080957	CLSTN2	0.219879691426132	0.00442635728542066	0.0528950145262045	0.0330901484407096	0.310088037942228	0.330443989164027
SRPX:P78539:OID30310:v1	0.271415934643711	0.0126018170920106	0.284017751735721	0.0715	0.355517751735721	0.763438487441469	0.0354463793452945	SRPX	0.00341065969363638	0.00459765772521109	0.00959948225340403	0.138165974015989	0.155164874309408	0.170131675746942
SERPINA4:P29622:OID30774:v1	0.248702530382186	0.00933116160676217	0.258033691988949	0.0974	0.355433691988949	0.69971568815125	0.0262528899681583	SERPINA4	0.215971272293517	0.00558276268110471	0.0359083150206913	0.0322033969946717	0.28953695742463	0.313091147804104
AMY2A:P04746:OID20333:v1	0.194240003026553	0.0217631315091875	0.216003134535741	0.1394	0.355403134535741	0.546534299086267	0.0612350578663761	AMY2A	0.207719581261262	0.00811092086500992	0.0517758796571582	0.0641240570655836	0.3316689523645	0.340493335735051
LRP1:Q07954:OID21293:v1	0	0.23382955391205	0.23382955391205	0.1214	0.35522955391205	0	0.658249155614859	LRP1	0.245331853219213	0.0112614322222594	0.0477938238283903	0.0821999577462981	0.386379535988705	0.395049491220674
SEMA3G:Q9NS98:OID30599:v1	0	0.270614619421572	0.270614619421572	0.0846	0.355214619421572	0	0.761834126822365	SEMA3G	0.252057533141504	0.00903513540308324	0.0359985874696788	0.0154520538296763	0.312313552184669	0.323885376067984
RNASET2:O00584:OID20321:v1	0.124848189675202	0.0644627673019984	0.189310956977201	0.1659	0.355210956977201	0.351476178374801	0.18147741795627	RNASET2	0.140347837177363	0.0223955999730615	0.0402982417011262	0.0834060657249334	0.286342673650354	0.305167688069263
CLEC4A:Q9UMR7:OID20573:v1	0.131931507242577	0.0616174061765751	0.193548913419152	0.1608	0.354348913419152	0.372320902495665	0.173889078936412	CLEC4A	0.187600706299635	0.028200315963526	0.0648703170157111	0.035857527812729	0.316189878227673	0.330282779290207
PRTG:Q2VWP7:OID21443:v1	0.175833082715671	0.0382329680354174	0.214066050751088	0.1395	0.353566050751088	0.497313252621808	0.108135291706311	PRTG	0.167484723383166	0.0129671820291583	0.0651108082422346	0.0227138275789322	0.267676224812027	0.284824801629526
KEL:P23276:OID20881:v1	0.0858903466561133	0.196649148445559	0.282539495101673	0.0707	0.353239495101672	0.243150462638362	0.556702042587163	KEL	0.223906692942988	0.000635436307195638	0.0591238771105421	0.113511952696376	0.396955053029513	0.414017932030337
TFRC:P02786:OID20369:v1	0.147435634567082	0.0650460396439448	0.212481674211027	0.1407	0.353181674211027	0.417449843331873	0.184171615894995	TFRC	0.131037736217263	0.0171223072810923	0.0732042744118069	0.047142625128914	0.268350532493209	0.287447667713572
ICAM3:P32942:OID20277:v1	0.0781499638398324	0.122650830811587	0.200800794651419	0.1519	0.352700794651419	0.221575808801534	0.347747531821711	ICAM3	0.172536175509533	0.0034472745189613	0.0330658003076179	0.0181527265264701	0.227017230878199	0.236964293323326
CES1:P23141:OID20244:v1	0.163493670165988	0.0461251604370786	0.209618830603066	0.1427	0.352318830603066	0.464050331587826	0.13091880544144	CES1	0.11238111393277	0.0357075949589467	0.0692889993164343	0.156666540669497	0.37386563147917	0.391968038705765
FCRL5:Q96RD9:OID21111:v1	0.134990423816706	0.0568508034527282	0.191841227269434	0.1604	0.352241227269434	0.383232890888863	0.161397357979456	FCRL5	0.182336546616402	0.00672953678063245	0.0279214115551829	0.107655064058654	0.324449950584329	0.330605201943478
LBP:P18428:OID20355:v1	0.266994591557163	0.0012508810586338	0.268245472615796	0.0839	0.352145472615796	0.758194020141396	0.00355217134936321	LBP	0.209631194297032	0.00670351886357257	0.0503523744229103	0.0447752962345552	0.311379594083094	0.318589862841526
GAL:P22466:OID20727:v1	0.00606191127010838	0.108921004622065	0.114982915892173	0.237	0.351982915892173	0.0172221747034034	0.309449691176011	GAL	0.138121021513594	0.00435687937903835	0.0282962636048553	0.100741014434202	0.271028235804015	0.279608285885292
AMY2B:P19961:OID20340:v1	0.189846112139282	0.0216369444026338	0.211483056541915	0.1394	0.350883056541916	0.541052377992504	0.0616642610671317	AMY2B	0.188356502732017	0.00846865513696781	0.0649012557076498	0.0574271601030573	0.318940057435308	0.334192100207278
ADAMTS13:Q76LX8:OID20249:v1	0.135893199877594	0.0224076666459673	0.158300866523562	0.192	0.350300866523562	0.387932811089561	0.0639669175481762	ADAMTS13	0.136598671551815	0.00982723175201354	0.0368543805391938	0.0257047122127189	0.208767416352762	0.222814793640397
FGF2:P09038:OID20503:v1	0.230293745083268	0.0124806738290498	0.242774418912318	0.1072	0.349974418912318	0.658030223463177	0.0356616745527813	FGF2	0.201546654475136	0.000820465342168646	0.0386657343883117	0.0206613578594685	0.261483908400165	0.27670626005813
FCRL1:Q96LA6:OID20172:v1	0.0786634890845126	0.0815094708109649	0.160172959895477	0.1896	0.349772959895477	0.224898714606239	0.233035369101494	FCRL1	0.134953170649134	0.0171411235204388	0.0432667718197245	0.0576667420208588	0.252691668883321	0.264768068743869
OGN:P20774:OID21123:v1	0.183588587679702	0.00337354668282463	0.186962134362526	0.1615	0.348462134362526	0.526853765662537	0.00968124324037723	OGN	0.158932574470646	0.0262820108965956	0.0262656664785209	0.197690615003295	0.408973638246231	0.423179104054899
BCAM:P50895:OID21076:v1	0.0620139532167108	0.129353519791275	0.191367473007986	0.157	0.348367473007986	0.17801304088826	0.371313425660467	BCAM	0.123479310114709	0.0126280428356825	0.067586900363936	0.037914153738893	0.241512021686407	0.264650258664861
CRNN:Q9UBG3:OID21427:v1	0.226135552374999	0.00796256896628649	0.234098121341285	0.113	0.347098121341285	0.651503244964701	0.0229403977627907	CRNN	0.225775700921347	0.00405971242744274	0.0207210809432997	0.0965596535516443	0.34687225763341	0.356772852012143
TNXB:P22105:OID21107:v1	0.17706750473725	0.0288550657982342	0.205922570535485	0.1408	0.346722570535485	0.510689293932565	0.083222346193586	TNXB	0.17504374920703	0.00725352000716192	0.0441796400895681	0.0555806282606053	0.282036895600229	0.294745088341621
KLK13:Q9UKR3:OID21291:v1	0.150155765229257	0.0393104460274033	0.18946621125666	0.157	0.34646621125666	0.433392233789928	0.113461124779877	KLK13	0.137538586290869	0.0104568881654784	0.0620686595627296	0.0568437780149633	0.266872115213624	0.283931865340811
KIT:P10721:OID20370:v1	0.00315510013656113	0.113354934392208	0.116510034528769	0.2299	0.346410034528769	0.00910799290457359	0.327227629379755	KIT	0.118728554864703	0.0127389696986596	0.0374620709510566	0.0983847370240265	0.267296119480167	0.281496272597799
GHR:P10912:OID30574:v1	0.217770633491956	0.0032959952559162	0.221066628747872	0.1253	0.346366628747872	0.628728680586824	0.00951591458978407	GHR	0.156991008420285	0.0222153598477829	0.0797143930776903	0.188058087980002	0.4467873328715	0.465154685095515
FAM3B:P58499:OID21372:v1	0.2231879402482	0.0728737001529302	0.29606164040113	0.0493	0.34536164040113	0.646244151460978	0.211006931946144	FAM3B	0.262021264874055	0.00932625899262712	0.0534480488405604	0.0437634162726516	0.368413028634128	0.386281924886437
IL1R2:P27930:OID20757:v1	0.160617658527858	0.0317241164497877	0.192341774977646	0.1528	0.345141774977646	0.465367191607742	0.091916188504977	IL1R2	0.136950178777048	0.0162207368509074	0.0756613401699588	0.0560154671675181	0.284772528692402	0.304122727650956
CD300A:Q9UGN4:OID30576:v1	0.0618027238290138	0.157814213271913	0.219616937100927	0.1253	0.344916937100927	0.17918147003297	0.457542661135642	CD300A	0.170707935351088	0.0220258272582004	0.04005293671211	0.0628605407539952	0.295402127942122	0.311187641286334
APOL1:O14791:OID30708:v1	0.0456114689691587	0.192725600670899	0.238337069640058	0.1065	0.344837069640058	0.132269622337204	0.558888871408363	APOL1	0.0950837180617774	0.00786672031282601	0.0710649298472036	0.106111264555247	0.279768114516921	0.297533214236362
ADGRD1:Q6QNK2:OID30588:v1	0.161238111503942	0.023479071289432	0.184717182793374	0.16	0.344717182793374	0.467740279719648	0.0681111138678154	ADGRD1	0.160897622417883	0.0410435083802918	0.0388815221322975	0.204621481306116	0.445361413305552	0.461555944774894
F11:P03951:OID30773:v1	0.0975429033001431	0.141026757850262	0.238569661150405	0.106	0.344569661150405	0.283086163112792	0.409283734904054	F11	0.130951919475157	0.00309035217379167	0.0569884307814757	0.0636391008099128	0.254541885465365	0.265670786469824
AOC3:Q16853:OID20389:v1	0.191628975480921	0.0238039300794229	0.215432905560344	0.1289	0.344332905560344	0.556522401392563	0.0691305701402136	AOC3	0.193770014840283	0.00862139042982442	0.0353671187296163	0.110358461818262	0.348081918686289	0.362959698198193
ENDOU:P21128:OID31498:v1	0.071657976723185	0.0371392703719253	0.10879724709511	0.2349	0.34369724709511	0.208491564389386	0.108058096728507	ENDOU	0.116535730014312	0.00182996209892011	0.0108738448971605	0.219253258282083	0.348432302163702	0.353571531265489
CHGB:P05060:OID21038:v1	0.189385828118396	0.0147079228116668	0.204093750930063	0.1395	0.343593750930063	0.551191130821657	0.0428061417643785	CHGB	0.137732365480625	0.00544355546875526	0.0600516363897824	0.113511179700728	0.316268694869127	0.333326363323305
ADGRE1:Q14246:OID31483:v1	0.135318587036355	0.0687375386635614	0.204056125699916	0.1395	0.343556125699916	0.393876216762762	0.20007659162975	ADGRE1	0.159560427590652	0.0103243978847462	0.0501457630377414	0.0347869100322585	0.254706504461548	0.271439742442938
CTSS:P25774:OID21056:v1	0.178340303389083	0.016570859860322	0.194911163249405	0.1479	0.342811163249405	0.520228984665051	0.0483381570869856	CTSS	0.141058425014622	0.0205862439566337	0.0594251228251306	0.0766088528615071	0.297531338822226	0.3161000947637
SOD3:P08294:OID30683:v1	0.163655399186018	0.0208647883858327	0.18452018757185	0.1581	0.34262018757185	0.477658366676651	0.0608977203990852	SOD3	0.186200416256055	0.000625960298985057	0.0672212416735079	0.0385197506115701	0.292346958229668	0.305507323881414
TREM2:Q9NZC2:OID20731:v1	0.0599687662741003	0.128950226025839	0.188918992299939	0.1527	0.341618992299939	0.175542834636805	0.377467965576754	TREM2	0.154297043609024	0.0258050324637462	0.0405648243357696	0.165427649736346	0.385864910418164	0.399826982127857
ITPA:Q9BY32:OID30082:v1	0.287811863988103	0.00124061829248844	0.289052482280591	0.0517	0.340752482280591	0.844636147803922	0.00364081953030899	ITPA	0.23801637751065	0.00426785842154739	0.0363424089752919	0.0232654954991466	0.301643228661218	0.315515724566307
ISLR2:Q6UXK2:OID20889:v1	0.0450601788188178	0.204229991301727	0.249290170120545	0.0905	0.339790170120545	0.132611778624531	0.601047379414401	ISLR2	0.184523653770783	0.0028440953227287	0.0623717828822395	0.0167627285124702	0.266438349409623	0.280902299862801
L1CAM:P32004:OID21484:v1	0.0209723060364228	0.141311104441838	0.162283410478261	0.1769	0.339183410478261	0.0618317564731456	0.41662150941458	L1CAM	0.130995023177838	0.0153295518440441	0.0227459058782976	0.0689061612758223	0.237963296363855	0.251651216606422
PNLIPRP1:P54315:OID31122:v1	0.0470801800102318	0.112320554787397	0.159400734797629	0.1797	0.339100734797629	0.138838330852714	0.331230644057521	PNLIPRP1	0.140422294080252	0.00236188392260382	0.0361227396089277	0.0094929377190522	0.188342682774499	0.203378212139767
CCER2:I3L3R5:OID30221:v1	0.00977050128512235	0.108360371885925	0.118130873171047	0.2208	0.338930873171047	0.0288274160264872	0.319712308507343	CCER2	0.0926562020161329	0.0357341829371465	0.0428423314380117	0.0292421105145162	0.200248292245915	0.218857439828468
CFHR5:Q9BXR6:OID30716:v1	0.207430520835009	0.0135905823959604	0.221021103230969	0.1169	0.337921103230969	0.613843050498181	0.0402182114878787	CFHR5	0.175459391793627	0.0131124259055373	0.0621280511663318	0.0245006894431973	0.274903464230356	0.295198704448652
NCAM1:P13591:OID20354:v1	0.125776355671642	0.0246572163681931	0.150433572039835	0.1874	0.337833572039835	0.372302713765852	0.0729862820302706	NCAM1	0.109430725560276	0.0138736680742442	0.0594530286663754	0.125755400575562	0.308246333544477	0.325777438916231
ACP5:P13686:OID20314:v1	0.117425662602786	0.022698603999599	0.140124266602385	0.1973	0.337424266602385	0.348005980083105	0.0672702180793258	ACP5	0.0768206385664895	0.037476711224209	0.0645136455470179	0.103512147244859	0.282299996580348	0.300228507034756
EGFLAM:Q63HQ2:OID31496:v1	0.229515257973171	0.00547225942887003	0.234987517402042	0.1024	0.337387517402042	0.680271931043833	0.0162195076777221	EGFLAM	0.17483443887218	0.00327715186400258	0.06507650723341	0.0200226500186826	0.263191040451756	0.273718240276803
EPCAM:P16422:OID20743:v1	0	0.112495277831291	0.112495277831291	0.2248	0.337295277831291	0	0.333521650687204	EPCAM	0.103739948714437	0.00869150138994563	0.0301217049577149	0.037551287088385	0.1799613810611	0.189562084988952
FETUB:Q9UGM5:OID20404:v1	0.199902092715553	0.016263774705316	0.216165867420869	0.121	0.337165867420869	0.592889470825421	0.0482367175234101	FETUB	0.121975841493281	0.0233049576257654	0.0922486492269632	0.0996803658028039	0.337073190779805	0.355359705762481
CEACAM5:P06731:OID21171:v1	0.0984330103582701	0.105026214709955	0.203459225068225	0.1335	0.336959225068225	0.292121429049286	0.311688201113028	CEACAM5	0.175397384502728	0.0194229298162369	0.0694096065598422	0.0325747669884495	0.296692085054104	0.316175753519695
GGH:Q92820:OID20416:v1	0.12922395213035	0.0658206884947231	0.195044640625074	0.1417	0.336744640625074	0.383744643687519	0.195461725456254	GGH	0.169153260784108	0.0574581171089234	0.0432860060532986	0.108983429620255	0.378421397517973	0.395685278010673
ENTPD2:Q9Y5L3:OID21260:v1	0.248405264777392	0.00484749818220517	0.253252762959598	0.0829	0.336152762959598	0.738965411411027	0.0144205216090631	ENTPD2	0.198603759175538	0.00269263261424956	0.0650869315550533	0.0204311423636569	0.286657010459768	0.304616024255131
NPTXR:O95502:OID20191:v1	0.194816195191981	0.0138550156098146	0.208671210801796	0.1266	0.335271210801796	0.581070455545769	0.0413247996351389	NPTXR	0.238839208178419	0.00845870711599294	0.0460766516728558	0.0646892529722206	0.358026906672191	0.375267037584864
CSF1R:P07333:OID30681:v1	0.0719624325933297	0.129640121488624	0.201602554081953	0.1329	0.334502554081953	0.215132684983023	0.387560931618064	CSF1R	0.142863277081341	0.0211463777729436	0.061186070681888	0.0660592762759605	0.290794489953307	0.309418896013915
GAS6:Q14393:OID20318:v1	0.0579300744673785	0.0832091118694073	0.141139186336785	0.1932	0.334339186336785	0.173267378861849	0.248876336576321	GAS6	0.106976440943197	0.00898153400355792	0.0469837597926725	0.0607512305448267	0.223548916118827	0.242542313369499
FCER2:P06734:OID21133:v1	0.119486902408314	0.0371816607532888	0.156668563161603	0.1773	0.333968563161603	0.357778891753042	0.111332816482182	FCER2	0.111515073450323	0.0225784971493736	0.064024254111954	0.0514924149897721	0.249476446535565	0.262454400194786
AMY1A_AMY1B_AMY1C:P0DUB6_P0DTE7_P0DTE8:OID30707:v1	0.161057787448514	0.0234520567140346	0.184509844162548	0.1489	0.333409844162548	0.483062483811944	0.0703400248212255	AMY1A_AMY1B_AMY1C	0.174421417206745	0.00389406598152268	0.03779669682238	0.0603815460749655	0.276240335257061	0.283998076499367
NCR3LG1:Q68D85:OID31490:v1	0.0844446395196637	0.108492122074374	0.192936761594038	0.14	0.332936761594038	0.253635672778694	0.325864051644327	NCR3LG1	0.13122999244622	0.0120475365912049	0.0547242979854055	0.116188339874757	0.314069595880922	0.332126121070926
CCL23:P55773:OID20693:v1	0.173370813385585	0.0157017730483342	0.18907258643392	0.1436	0.33267258643392	0.521145475928847	0.0471988786832398	CCL23	0.144860040020173	0.00664978201028061	0.0389679364923323	0.0862020135526158	0.276566653245289	0.290470777714319
MSR1:P21757:OID21063:v1	0.11245307141983	0.0731345527893468	0.185587624209177	0.147	0.332587624209177	0.338115621972466	0.219895592817818	MSR1	0.110945540963635	0.0302886872589975	0.0761524038995971	0.156466400262439	0.37382237088843	0.394611024752228
KLK4:Q9Y5K2:OID21391:v1	0.262680711712282	0.0136082807525246	0.276288992464807	0.0556	0.331888992464806	0.79147159946902	0.0410025070474961	KLK4	0.16980863093066	0.00972455911844228	0.0518316550762361	0.172671379972152	0.403939440973686	0.416783088242733
RETN:Q9HD89:OID20327:v1	0.108439787682189	0.0530366271860924	0.161476414868282	0.1703	0.331776414868282	0.326845980674187	0.159856532319057	RETN	0.109369114992366	0.0239692294857312	0.0686774702756074	0.0361766931845015	0.238151915839532	0.264252103116379
KLK7:P49862:OID30652:v1	0.133953443004798	0.0485093458724223	0.18246278887722	0.1493	0.33176278887722	0.403762710875848	0.14621695831709	KLK7	0.134161064891805	0.00307738169844008	0.0469106293918367	0.0538889171427711	0.238004498461045	0.249593438886344
CD80:P33681:OID30291:v1	0.105859603190524	0.0425634805146008	0.148423083705124	0.183	0.331423083705124	0.319409263854143	0.128426421113354	CD80	0.108351122832195	0.0331508453885761	0.0500495052962259	0.0797419094534558	0.271115865145059	0.293716667436741
MILR1:Q7Z6M3:OID20482:v1	0.195655797830103	0.0477231606402787	0.243378958470382	0.0872	0.330578958470382	0.591857989798927	0.144362366138177	MILR1	0.251628583693614	0.010301195935854	0.0396373468934619	0.0304595546929414	0.3319779850835	0.344393485509492
MENT:Q9BUN1:OID30595:v1	0.024007799768646	0.17289595666502	0.196903756433666	0.1331	0.330003756433666	0.0727500802660463	0.523921177545062	MENT	0.142508741722607	0.00859080148564927	0.0472167884646382	0.145311894605978	0.343127668245369	0.356998907356761
ENG:P17813:OID20287:v1	0.0437645359901024	0.158117859391308	0.20188239538141	0.1279	0.32978239538141	0.132707314286702	0.479461188971098	ENG	0.177229257181199	0.0148697240048648	0.033627128118962	0.0308804802574187	0.25649669138939	0.274155635971822
SPAG1:Q07617:OID30979:v1	0.301917778893625	0	0.301917778893625	0.0277	0.329617778893625	0.915963270873992	0	SPAG1	0.185290569236633	-0.000277148494597856	0.0203451480484656	0.00430715703742217	0.209387058816784	0.213392634507684
KLK10:O43240:OID21523:v1	0.253303192026192	0.0105480437466728	0.263851235772865	0.0653	0.329151235772865	0.76956476080493	0.032046192146007	KLK10	0.220648291719506	0.00316421324393735	0.0302486955621763	0.0104629395891873	0.26444021714335	0.273511571862088
LGALS3BP:Q08380:OID30765:v1	0.022452726479235	0.171069964123073	0.193522690602308	0.1355	0.329022690602308	0.0682406627887369	0.519933636825815	LGALS3BP	0.180583464616433	0.0172407912194643	0.0238479390811468	0.0922179398332525	0.313723935413497	0.323714758299485
PLA2G2A:P14555:OID20274:v1	0.210861751330752	0.015354091793745	0.226215843124497	0.1024	0.328615843124497	0.641666419141169	0.0467235287494281	PLA2G2A	0.131898443291925	0.00368675272171019	0.0458278999310677	0.0799911932329455	0.260964472239294	0.273808962125743
CXCL1:P09341:OID20762:v1	0.230087988039572	0.0130117575748431	0.243099745614415	0.0853	0.328399745614415	0.700633880239742	0.039621704184024	CXCL1	0.16691963540522	0.00160949928962215	0.0791117198210719	0.0168802005803534	0.264204644016122	0.275990849103556
DSG3:P32926:OID21460:v1	0.035495898772789	0.0621094341211886	0.0976053328939777	0.2299	0.327505332893977	0.108382658868886	0.189644038991252	DSG3	0.0846131374523458	0.00694475457017876	0.0217478408507824	0.125771852512442	0.238994444186235	0.250840755672115
KLK14:Q9P0G3:OID21407:v1	0.168406683216837	0.0217864615680344	0.190193144784871	0.137	0.327193144784871	0.514701135708586	0.066585935296288	KLK14	0.172415823860024	0.0126883152633302	0.0331108803845371	0.0592050328877275	0.277290561885158	0.2892269820463
CREG1:O75629:OID21515:v1	0.0249416651190773	0.154336207808817	0.179277872927894	0.1471	0.326377872927894	0.0764195957750715	0.472875830779478	CREG1	0.144085422851991	0.0218013353594284	0.032447922812531	0.0904961759660946	0.28865150650706	0.304875131457348
CTSE:P14091:OID30628:v1	0.157227681557823	0.0602579421077751	0.217485623665598	0.1086	0.326085623665598	0.482166860931779	0.184791777786468	CTSE	0.134764179945671	0.00653505335881437	0.075433775575679	0.0225943787405725	0.239129698333485	0.262195290949655
EBI3_IL27:Q14213_Q8NEV9:OID21389:v1	0.0851449846193215	0.0990380475485473	0.184183032167868	0.1417	0.325883032167868	0.261274678994215	0.303906732700126	EBI3_IL27	0.160186663813518	0.0174110289617123	0.041609640611164	0.0600918002300541	0.279154724814473	0.297537862852861
TNFRSF13C:Q96RJ3:OID20480:v1	0.142332421600744	0.0412723971021667	0.18360481870291	0.1418	0.32540481870291	0.437401087568685	0.126834007150483	TNFRSF13C	0.130958030553376	0.00538979532191803	0.0459944553446721	0.0410257251677863	0.223281405117573	0.240620640049158
COCH:O43405:OID30305:v1	0.112967082377742	0.0748299285768263	0.187797010954568	0.1374	0.325197010954568	0.347380444998998	0.230106446418969	COCH	0.158560517422552	0.0085978195990432	0.0412825129194615	0.0590256745024026	0.267197761943408	0.28847669299419
ECHDC3:Q96DC8:OID30293:v1	0.197832853793913	0.00956254767151931	0.207395401465432	0.1171	0.324495401465432	0.609663042682556	0.0294689774595711	ECHDC3	0.117944498616584	0.0220446925280019	0.0487245794972595	0.0482419218359407	0.236827978266565	0.255985257682532
CLEC6A:Q6EIG7:OID21228:v1	0.184598930754482	0.0356564798807398	0.220255410635221	0.1041	0.324355410635222	0.569125486123265	0.109930276208156	CLEC6A	0.184220881159264	0.0134918487672764	0.03379492185439	0.0452226257240015	0.276454439453485	0.292195409206681
CNTN1:Q12860:OID20307:v1	0.0626939713728826	0.0644444352366427	0.127138406609525	0.1971	0.324238406609525	0.193357634675227	0.198756328439067	CNTN1	0.112252745263584	0.0279735512235778	0.0318301555674344	0.157723639269646	0.329612331879484	0.345421724106188
OXT:P01178:OID21047:v1	0.187434706672145	0.0147912023854811	0.202225909057626	0.122	0.324225909057626	0.578099101385607	0.045620050626035	OXT	0.162667835657942	0.0753169361073917	0.0593134906369632	0.177823057483741	0.4749949916035	0.492256797044074
CPB2:Q96IY4:OID30734:v1	0.221943317979123	0.0119143903195819	0.233857708298705	0.0903	0.324157708298705	0.684676971416045	0.0367549190241777	CPB2	0.182308323579631	0.00758067244980967	0.0441186854687086	0.0433898651327578	0.277293186341737	0.295471868138516
PTPRB:P23467:OID30324:v1	0.116571672015346	0.0742320042452034	0.190803676260549	0.132	0.322803676260549	0.361122504445258	0.22996021949046	PTPRB	0.173345276754605	0.00799873859252673	0.0400345401464643	0.0772379953938403	0.297787608135895	0.311408409682071
CELA3A:P09093:OID20298:v1	0.0386885487668694	0.107504518520293	0.146193067287162	0.1762	0.322393067287162	0.120004282636787	0.33345791032329	CELA3A	0.124792598331704	0.000440306236593117	0.0289666314081507	0.0223501998512478	0.176448395762887	0.190360689302975
SDC4:P31431:OID20216:v1	0.0445517520539277	0.0759303680238009	0.120482120077728	0.2015	0.321982120077728	0.138367161639822	0.235821690985421	SDC4	0.117673458027842	0.00137481420719824	0.0405615611781698	0.00869063492939431	0.168214017048426	0.180644865986357
MMP12:P39900:OID21439:v1	0.14963669506571	0.00972776852970586	0.159364463595416	0.1621	0.321464463595416	0.465484406556483	0.0302607897025559	MMP12	0.121042485224227	0.0255061380205778	0.0387844979014383	0.167326612549621	0.352502649621157	0.365139248269817
INHBC:P55103:OID21093:v1	0.174729806341576	0.00921360547175792	0.183943411813334	0.1373	0.321243411813334	0.543917166597356	0.028681072149463	INHBC	0.161057292036058	0.0476102167367004	0.0410130474651223	0.173201566488412	0.422684696009254	0.43801734794716
LPO:P22079:OID20963:v1	0.0521039843382821	0.105829266609154	0.157933250947437	0.163	0.320933250947436	0.162351467741233	0.329754758339103	LPO	0.141891821162763	0.00392857226475572	0.0303987583185033	0.0490583794653046	0.224890191888944	0.236757276741045
SMOC2:Q9H3U7:OID20730:v1	0.119520995829413	0.0166949498370984	0.136215945666511	0.1843	0.320515945666511	0.372901871015714	0.052087735611348	SMOC2	0.0552458570405216	0.0124728555262564	0.0808086826953389	0.177861994733567	0.326124616925471	0.342884717845673
SERPINE2:P07093:OID30359:v1	0.156379416528295	0.0353054869156835	0.191684903443978	0.1287	0.320384903443978	0.488098580324147	0.110197098977408	SERPINE2	0.188165607352071	0.000988476642244634	0.0203641675447182	0.00218916099447287	0.211428495864511	0.219335569338481
PLG:P00747:OID30785:v1	0.203791934444952	0.00930723773428332	0.213099172179235	0.1064	0.319499172179235	0.637848082844569	0.029130710013427	PLG	0.139065455342132	0.0197320276192785	0.082826422835966	0.0404909705198342	0.281701249856424	0.302034998265794
MME:P08473:OID21307:v1	0.00450629734871643	0.168157905385343	0.17266420273406	0.1466	0.31926420273406	0.0141146339305383	0.526704541083221	MME	0.162370596930685	0.025453884809021	0.0308508838600154	0.115039988736954	0.333440405250674	0.34720578324822
DSG4:Q86SJ6:OID21325:v1	0.00550193108437168	0.0722832054497698	0.0777851365341415	0.2414	0.319185136534141	0.017237428860611	0.226461690023081	DSG4	0.0913556823953616	0.00126711025257124	0.0186480919499884	0.0775552975153612	0.188747581248202	0.196925704496311
AMN:Q9BXJ7:OID20492:v1	0.269686109148116	0.0263568211871795	0.296042930335296	0.0226	0.318642930335296	0.846358363778339	0.0827158511235294	AMN	0.232201516201073	0.00383156935526614	0.0402284918879158	0.0272104295729697	0.303330394963707	0.312751877780322
SPINK5:Q9NQ38:OID21148:v1	0.107230567157299	0.0382034452697259	0.145434012427025	0.173	0.318434012427025	0.336743447535691	0.119972879085838	SPINK5	0.109212996741061	0.00633938514666222	0.058357314812569	0.0485046462903748	0.222312628489262	0.235493133992082
CD160:O95971:OID20647:v1	0.0961422506429762	0.0653897058356486	0.161531956478624	0.1567	0.318231956478624	0.302113752832468	0.205478125324729	CD160	0.101944575350802	0.0145998336760537	0.0669553197072805	0.034042551092704	0.217491994603048	0.233737722372007
LILRA5:A6NI73:OID20209:v1	0.0947359632162918	0.0433554757042306	0.138091438920522	0.1801	0.318191438920522	0.297732596256164	0.136255946581453	LILRA5	0.121622485010566	0.023868565640493	0.032361045051275	0.113133158103777	0.290783307073653	0.302491317136502
ERBB4:Q15303:OID21510:v1	0.0509173802069052	0.0727175878060994	0.123634968013004	0.1944	0.318034968013004	0.160099942861701	0.228646517269528	ERBB4	0.11071742595174	0.0211294186942584	0.0300268141138787	0.0809144049107647	0.242385657715684	0.260195733721631
F7:P08709:OID20372:v1	0.169779121269647	0.0235098329785534	0.1932889542482	0.1245	0.3177889542482	0.534251172043713	0.0739793899827986	F7	0.162253998323612	0.0151661895200806	0.038480531136917	0.0895399682018344	0.305226350533941	0.320114361623263
NOTCH2:Q04721:OID30407:v1	0.0260285757397952	0.201001757387144	0.227030333126939	0.0906	0.317630333126939	0.0819461273851103	0.632816631234066	NOTCH2	0.2288435186247	0.00307080677421437	0.0351879210321803	0.0716926969163117	0.338121959321321	0.351126277284772
NOMO1:Q15155:OID21106:v1	0.185951684214038	0.0132196308433041	0.199171315057342	0.1182	0.317371315057342	0.585912070158075	0.0416535150346389	NOMO1	0.186375383926164	0.0228700085165331	0.0203263454509165	0.115990273512015	0.345491102586755	0.363136071201048
CEACAM16:Q2WEN9:OID31495:v1	0.139970374197976	0.0258374263894899	0.165807800587466	0.1511	0.316907800587466	0.441675382993119	0.0815297898682012	CEACAM16	0.144839956868744	0.102204066560991	0.0533262371773098	0.0767270496750639	0.376767674903862	0.397431640373552
GPNMB:Q14956:OID20173:v1	0.157524895264497	0.0161647339298592	0.173689629194356	0.1426	0.316289629194356	0.498040026369944	0.0511073789268197	GPNMB	0.102091294606841	0.00729248194204249	0.0529705330899195	0.0393974189770563	0.201499924728687	0.219784307281474
PROC:P04070:OID20402:v1	0.0341983139479378	0.133724106263145	0.167922420211083	0.1482	0.316122420211083	0.108180602707972	0.42301367354411	PROC	0.123502725407414	0.0103866375772227	0.0440645588325142	0.0706359506295612	0.248326111408924	0.271869876182048
CST6:Q15828:OID20293:v1	0.0221078127800064	0.0394234707034125	0.061531283483419	0.2539	0.315431283483419	0.0700875719613541	0.124982754621054	CST6	0.0473935503881589	0.00533381266225627	0.0341003710559955	0.106171320601503	0.192693428486602	0.207471580534507
C4BPB:P20851:OID21481:v1	0.037617591344658	0.0824024164331508	0.120020007777808	0.1951	0.315120007777808	0.119375445595895	0.261495349071115	C4BPB	0.100508281890805	0.0585926792656912	0.0359532380735949	0.0652824506694868	0.260086882867971	0.274200784358011
PON3:Q15166:OID20777:v1	0.132580276196883	0.0201305268779226	0.152710803074806	0.162	0.314710803074806	0.421276533571582	0.0639651600175214	PON3	0.104662402307491	0.0301416999073553	0.0478233386960747	0.235337711437029	0.417755320258121	0.430624133961072
MYOC:Q99972:OID21121:v1	0.0945669656696359	0.0290536464060441	0.12362061207568	0.1906	0.31422061207568	0.300957232069993	0.0924625733942832	MYOC	0.100927323151028	0.00498947639009689	0.0400917479130659	0.0923118119927981	0.238123371465396	0.254043245673155
HSDL2:Q6YN16:OID30256:v1	0.230171540605714	0.00231102246765141	0.232482563073366	0.0814	0.313882563073366	0.733304642194842	0.0073626978352131	HSDL2	0.187337233708267	0.00545042728610963	0.0346598041582421	0.0441132107018778	0.271414505424965	0.28676091344049
ADAM8:P78325:OID21039:v1	0.141515612534434	0.0265678498446442	0.168083462379079	0.1453	0.313383462379079	0.451573326365425	0.0847774469110527	ADAM8	0.126080994387933	0.0123908856890645	0.033999003617316	0.0420930804905403	0.21439481784527	0.226807564347544
PLTP:P55058:OID20238:v1	0.0977166846591313	0.0481003040843072	0.145816988743438	0.1674	0.313216988743438	0.311977600739827	0.153568630735119	PLTP	0.132009531948053	0.0321344180359248	0.0290408224877149	0.110358587750855	0.303144560061105	0.322702467830961
ANPEP:P15144:OID20350:v1	0.161957316292104	0.0140430844691257	0.17600040076123	0.1372	0.31320040076123	0.517104435046918	0.0448373770754896	ANPEP	0.124573911275923	0.0012730391810617	0.0436343451599174	0.0327301972257226	0.201961577197634	0.219094568449324
CTSZ:Q9UBR2:OID20365:v1	0.0725159900001242	0.0861226029662682	0.158638592966392	0.1544	0.313038592966392	0.231651916503181	0.27511816402623	CTSZ	0.123945467287311	0.0324344910418641	0.031145270788608	0.100888326000015	0.288312382852421	0.310416796433963
LTBR:P36941:OID20768:v1	0.0810198752358917	0.0611880773019411	0.142207952537832	0.1707	0.312907952537832	0.258925586834025	0.195546571461916	LTBR	0.119690465175561	0.020187327922155	0.0325326735081012	0.078104787443761	0.250288527011417	0.272233450057698
FASLG:P48023:OID20665:v1	0.00248802172415203	0.15406738584261	0.156555407566762	0.1557	0.312255407566762	0.00796790596371042	0.493401818220457	FASLG	0.137599654507905	0.00987819225257866	0.0412426977204144	0.132569146626241	0.321194411133161	0.333464271765636
CCL4:P13236:OID20695:v1	0.123510578231311	0.0982095873835099	0.221720165614821	0.0905	0.312220165614821	0.395588087617901	0.314552351831972	CCL4	0.126287035779973	0.00721868898962957	0.0185193995244475	0.0361879328181368	0.187690629658861	0.197779530194168
DRAXIN:Q8NBI3:OID20917:v1	0.142452535783832	0.0495871979008614	0.192039733684693	0.12	0.312039733684693	0.456520501737692	0.158913088776597	DRAXIN	0.16200582444543	0.0128699602340297	0.0427951619906833	0.0532662588560865	0.270827472673432	0.290316663243546
CCL17:Q92583:OID20745:v1	0.0365749598934914	0.134501443873376	0.171076403766867	0.1405	0.311576403766867	0.117386809306837	0.431680455410914	CCL17	0.154992360094215	0.00792228301408484	0.044380347932524	0.0220471010786264	0.229042151329098	0.247015824588255
CD58:P19256:OID20716:v1	0.0223790901329922	0.122391689840268	0.14477077997326	0.1663	0.31107077997326	0.0719421159869658	0.393452865777971	CD58	0.117831182327576	0.0120294052497497	0.0260178720220429	0.0367513167403684	0.192476234297945	0.212297980127971
IL34:Q6ZMJ4:OID20809:v1	0.29794515133211	0	0.29794515133211	0.0131	0.31104515133211	0.957883927963844	0	IL34	0.272354927791776	0.000215146049303131	0.0274703821408424	0.00103485317732865	0.300805416567189	0.306280465295338
TOR1AIP1:Q5JTV8:OID30195:v1	0.252564329771246	0.0049083085248599	0.257472638296106	0.0532	0.310672638296106	0.812959683725104	0.0157989726799877	TOR1AIP1	0.158752853004	0.00235235123545514	0.0395932685469918	0.0263226000483706	0.226730927688933	0.244673064197588
KLK8:O60259:OID21517:v1	0.162303693936175	0.0123959577147257	0.174699651650901	0.1358	0.310499651650901	0.52271779718019	0.0399226139186225	KLK8	0.133181766981338	0.0119772193994418	0.0421426842304381	0.085711404832049	0.272679487733243	0.288690576441683
CTRL:P40313:OID31157:v1	0.00313574626569345	0.165565118299324	0.168700864565018	0.1416	0.310300864565018	0.0101055028321921	0.533563187235765	CTRL	0.160051813179504	0.0184159063243332	0.0307465274265952	0.0350664425508364	0.244211963489939	0.262808083203411
C8B:P07358:OID30719:v1	0.223218506068604	0.0242770188813123	0.247495524949916	0.0625	0.309995524949916	0.720070091672026	0.0783140946477681	C8B	0.185336115232264	0.00202135492779676	0.0479612447304214	0.0476870190152103	0.282710190875313	0.295470559646005
GNLY:P22749:OID21132:v1	0.196332411657875	0.0375215967117016	0.233854008369576	0.0761	0.309954008369576	0.63342433508321	0.12105536853378	GNLY	0.255917419863357	0.00405623362997704	0.028084450290962	0.034965413378359	0.322625883631232	0.327477908969395
AGER:Q15109:OID20756:v1	0.0224416541266459	0.0425810673231032	0.0650227214497491	0.2449	0.309922721449749	0.0724104835607692	0.137392531673439	AGER	0.0759544623343488	0.0289987883140239	0.035630807488124	0.0870203194064557	0.227407379384358	0.243617392966839
HPGDS:O60760:OID21266:v1	0.199461188538496	0.00388135590437496	0.203342544442871	0.1064	0.30974254444287	0.643957997107771	0.0125309098604981	HPGDS	0.117493107322735	0.0128201170065346	0.0842715741707433	0.00652889810115765	0.221050405821004	0.242629952399968
SUMF2:Q8NBJ7:OID21032:v1	0.125407204755103	0.0490538444614744	0.174461049216578	0.1351	0.309561049216578	0.405112998138745	0.158462586251136	SUMF2	0.114714428704506	0.0153364939599703	0.0772935065047936	0.0388802180031069	0.246123566741449	0.267528910334734
TNR:Q92752:OID20957:v1	0.0878820100545186	0.0786333437360529	0.166515353790571	0.1423	0.308815353790571	0.284577852026481	0.254628996812702	TNR	0.134618352211111	0.0153964829920326	0.0552901947433589	0.0604584590836032	0.265608506758515	0.281884311124689
CHI3L1:P36222:OID20399:v1	0.203681235104865	0.0150042158851585	0.218685450990023	0.0897	0.308385450990023	0.660476149088674	0.0486540977759807	CHI3L1	0.144630049973507	0.0670833132548482	0.0344275780174277	0.111668785580709	0.357563558626337	0.377621413692397
CLEC1A:Q8NC01:OID20099:v1	0.0923201432502134	0.113995610772761	0.206315754022974	0.1019	0.308215754022974	0.299530903418167	0.369856534861822	CLEC1A	0.13441218285088	0.00638804313428038	0.0648111144192476	0.0411925518835902	0.246667305395206	0.262345404536855
CD1C:P29017:OID21483:v1	0.0374857576398114	0.0995219021181679	0.137007659757979	0.1712	0.308207659757979	0.121625003315125	0.322905349582543	CD1C	0.106133049304435	0.0031290586673342	0.041796764959797	0.069932871116701	0.220835936923653	0.233616076354938
AAMDC:Q9H7C9:OID30236:v1	0.229473671973136	0.00132634318179364	0.230800015154929	0.0774	0.308200015154929	0.744560871801974	0.00430351433022123	AAMDC	0.177447580211891	0.00188685692583209	0.0385293135477577	0.0281782510510863	0.245744438934271	0.263503302208263
NCAN:O14594:OID21055:v1	0.0174392278657708	0.0345135828836009	0.0519528107493717	0.2562	0.308152810749371	0.0565927918144306	0.112001518985564	NCAN	0.04191990140469	0.0204546871071367	0.0237594434553491	0.196970329768256	0.282937955727742	0.294584717272688
IGF2R:P11717:OID21146:v1	0.155349053372625	0.0317096776012459	0.187058730973871	0.1208	0.307858730973871	0.504611491385022	0.103000741609427	IGF2R	0.14781419527522	0.0159255543530869	0.0471397707888846	0.0767074944968689	0.287304184055174	0.304464515765314
LGALS4:P56470:OID20748:v1	0.0154581588932673	0.152172845963154	0.167631004856421	0.1401	0.307731004856421	0.0502326988483973	0.49449955825593	LGALS4	0.109585487447841	0.033838998797413	0.0451021992321413	0.14874310568559	0.337008785031621	0.352260183137946
CD300E:Q496F6:OID21418:v1	0.117455892712682	0.0227284941164061	0.140184386829088	0.1674	0.307584386829088	0.381865587923835	0.0738935235000579	CD300E	0.136529147015574	0.0370239224599286	0.0192414120414262	0.145473364818098	0.337825084110279	0.351830404813966
PRG3:Q9Y2Y8:OID30383:v1	0.0226879704938736	0.108964825657652	0.131652796151525	0.1757	0.307352796151525	0.0738173550979779	0.354526872773046	PRG3	0.133034146039481	0.00267062512112209	0.0315665974002963	0.044656106265613	0.211791364018093	0.220053743616421
PAMR1:Q6UXH9:OID21153:v1	0.133532369701233	0.0351550502970913	0.168687419998324	0.1382	0.306887419998324	0.435118421282835	0.114553572438007	PAMR1	0.142793599124742	0.0165631383199198	0.0481427855177563	0.183096175526683	0.390344744661507	0.407366510800398
KLRD1:Q13241:OID20632:v1	0.10965063914821	0.0849625123433447	0.194613151491555	0.1116	0.306213151491555	0.358085988841778	0.277461996421429	KLRD1	0.1673812006545	0.00773333094805141	0.0618650791541796	0.08079095647976	0.317394702809767	0.331365895758157
CHL1:O00533:OID20366:v1	0.142013209052909	0.0216520004099459	0.163665209462855	0.1424	0.306065209462855	0.463996575442672	0.0707430957211544	CHL1	0.113278653677413	0.00341296310008491	0.0447486217288826	0.0408116412479856	0.201974118816681	0.218945815684681
CLGN:O14967:OID30957:v1	0.277931432558718	0	0.277931432558718	0.0277	0.305631432558718	0.909367960722828	0	CLGN	0.237855652331082	0.00395470426516046	0.0331287917782605	0.0154680046812836	0.290333300503803	0.296847142019223
IGFBPL1:Q8WX77:OID20155:v1	0.177987267841307	0.00401697914154558	0.182004246982853	0.1234	0.305404246982853	0.582792379607283	0.013152990442111	IGFBPL1	0.124301429067938	0.0151474086859591	0.0534979971223512	0.145776488190325	0.338668686655202	0.354325978810339
KLKB1:P03952:OID30760:v1	0.11552724692006	0.0930554686398759	0.208582715559936	0.0967	0.305282715559936	0.378427080970389	0.304817350924036	KLKB1	0.138444739044254	0.00371762797213029	0.0583450075202337	0.0975346542452605	0.298017404769092	0.321164606272963
CLSTN3:Q9BQT9:OID31092:v1	0.148857115305566	0.0300761949077152	0.178933310213281	0.1263	0.305233310213281	0.487683061857018	0.0985351005324403	CLSTN3	0.133096285178987	0.0106277131298777	0.0384791719038857	0.0553149960674071	0.237298166544978	0.255733862795632
PAEP:P09466:OID20925:v1	0.275229076676047	0.00106159997978394	0.276290676655831	0.0284	0.304690676655831	0.903306526136135	0.00348418924870186	PAEP	0.091571356604504	1.68273468534357e-05	0.108791216910407	0.36652486929735	0.56681212106438	0.583838682299352
CXCL6:P80162:OID20613:v1	0.170530536699158	0.0164612642901008	0.186991800989259	0.1171	0.304091800989259	0.560786368275617	0.0541325489097362	CXCL6	0.154943491338435	0.00480451503678633	0.0462081178576338	0.021148426010437	0.226941325507728	0.244402466261443
CNTN4:Q8IWV2:OID21117:v1	0.138511626681958	0.0378570405495776	0.176368667231535	0.1277	0.304068667231535	0.455527456817795	0.124501616342965	CNTN4	0.156966458303324	0.018012465902684	0.0312179459176702	0.0592590429414976	0.265260692451828	0.283257890916821
LYPD8:Q6UX82:OID21251:v1	0.209390324341776	0.0361767011850549	0.245567025526831	0.0585	0.304067025526831	0.688632132928533	0.118976074838679	LYPD8	0.21870008488282	0.00060240793806661	0.0368994558647779	0.0235830999396009	0.279684873992082	0.285076750626654
C1RL:Q9NZP8:OID30721:v1	0.179274645356657	0.0146649311226053	0.193939576479262	0.1101	0.304039576479262	0.589642465078505	0.0482336256760493	C1RL	0.157269057415165	0.0270550455493751	0.0755306458247541	0.0843830390516836	0.344059266156307	0.361480679745894
CD22:P20273:OID20637:v1	0.0357466473995437	0.0989290433986183	0.134675690798162	0.1689	0.303575690798162	0.117752008751289	0.325879332230172	CD22	0.104769442711485	0.0172117465855592	0.0435839613433348	0.104850463148928	0.270338227807329	0.282045287888036
CYTL1:Q9NRR1:OID30374:v1	0.200165246252018	0.00108847488676999	0.201253721138788	0.1011	0.302353721138788	0.662023425734976	0.00360000493021998	CYTL1	0.179428633158229	0.00872305634305448	0.0268311836204508	0.104747273584909	0.319700117821058	0.336832738290074
CNTN3:Q9P232:OID21092:v1	0.077429679992323	0.0371068169064214	0.114536496898744	0.1875	0.302036496898744	0.256358687732631	0.122855407500177	CNTN3	0.10056873022436	0.018341296791519	0.0368053259350349	0.241136008804489	0.396716536750601	0.414242830679756
TCL1A:P56279:OID20987:v1	0.0636481286627769	0.0524832796411924	0.116131408303969	0.1859	0.302031408303969	0.210733476429446	0.173767622168527	TCL1A	0.0877279756119199	0.00419580690629303	0.0496859673390141	0.0683730647404491	0.209839767655677	0.228063052892884
RTN4R:Q9BZR6:OID21424:v1	0.103270702581227	0.0190446551232921	0.122315357704519	0.1797	0.302015357704519	0.341938580097848	0.0630585651936439	RTN4R	0.0678444848625723	0.0362227535641381	0.0537741535879273	0.206134044565906	0.363720757615297	0.378824016772938
PCDH17:O14917:OID20132:v1	0.120423480923778	0.0808444168914976	0.201267897815276	0.1007	0.301967897815276	0.398795639520084	0.267725203494819	PCDH17	0.175020713694014	0.0247588951611416	0.0445868686884367	0.0189895776672923	0.263254321599404	0.279198314453705
CFB:P00751:OID30755:v1	0.140217493987441	0.0255304546030108	0.165747948590452	0.1349	0.300647948590452	0.466384336380249	0.0849181067847194	CFB	0.131024339514091	0.0341092703472621	0.0449113800562378	0.152143565710163	0.362112496037316	0.375295257400615
MATN2:O00339:OID20767:v1	0.10318584494107	0.0706072369449451	0.173793081886015	0.1267	0.300493081886016	0.343388421102524	0.23497125624918	MATN2	0.135977590810607	0.0103728980832872	0.0478805641354933	0.0775694230274094	0.271591432024774	0.287800603539955
DSCAM:O60469:OID30993:v1	0.117149679894012	0.0331043424253961	0.150254022319409	0.1494	0.299654022319409	0.390949799329374	0.110475214613035	DSCAM	0.103381270296298	0.0128033267329545	0.0773132367107107	0.0217250918538627	0.21488283985299	0.23688120140879
ANGPTL7:O43827:OID21412:v1	0.144386107596632	0.0214866876544709	0.165872795251103	0.1337	0.299572795251103	0.481973363020521	0.0717244289037016	ANGPTL7	0.136810172766654	0.00741229489360343	0.0424306471692822	0.0574127124460693	0.243790020380762	0.263009333149696
SBSN:Q6UWP8:OID30398:v1	0.163483728166804	0.0096458075104448	0.173129535677249	0.1264	0.299529535677249	0.545801694638096	0.0322031932131006	SBSN	0.106759276630056	0.0055080108341364	0.0623074697914079	0.0134277317757056	0.187626563758272	0.200521107774371
GLA:P06280:OID30594:v1	0.175714609278426	0.00596736841913556	0.181681977697562	0.1173	0.298981977697562	0.587709702877717	0.0199589569414511	GLA	0	0.022818787251091	0.00845942937434905	0.110006785436782	0.141136270689931	0.156553347868424
C1QA:P02745:OID20654:v1	0.114746230503388	0.0430076681772309	0.157753898680619	0.141	0.298753898680619	0.384082788576618	0.143956843298663	C1QA	0.111396228668808	0.0169453046673546	0.0468968889631409	0.0379929413850439	0.213119717292979	0.234496986907786
CD5L:O43866:OID30775:v1	0.0425598986276153	0.0822321276627915	0.124792026290406	0.1739	0.298692026290406	0.142487562042369	0.275307408383377	CD5L	0.120701414375307	0.00533339582058197	0.0404781942634014	0.0214133166311001	0.187786757552451	0.201615069886806
CD300LG:Q6UXG3:OID21130:v1	0.0895933676472599	0.0335299751069098	0.123123342754169	0.1749	0.298023342754169	0.300625336321936	0.112507882090859	CD300LG	0.109852022160945	0.00910243430076509	0.0233703985322005	0.0956870038214807	0.237829513345518	0.255486633057352
NCR1:O76036:OID20566:v1	0.0556848088499519	0.0728637177148318	0.128548526564783	0.1694	0.297948526564783	0.186894056808984	0.244551361119045	NCR1	0.118496469681168	0.0169518070450696	0.0319437220542872	0.0485468932986368	0.215877852530941	0.22680666397788
EPPK1:P58107:OID30250:v1	0.220426537375829	0.00949430682722107	0.22992084420305	0.068	0.29792084420305	0.739882897302734	0.0318685550607198	EPPK1	0.181781569910016	0.000742185371814467	0.0752095597212493	0.0153608113949495	0.273024117006421	0.288905725394127
CD55:P08174:OID20377:v1	0.0947928675793757	0.0306901647925162	0.125483032371892	0.1719	0.297383032371892	0.318756812799032	0.103200793090766	CD55	0.0761441913773728	0.00376124953439117	0.0405650334689962	0.0708629700893257	0.191090905759278	0.210780513411842
THBS2:P35442:OID21104:v1	0.115989172344338	0.0492881625782042	0.165277334922543	0.1321	0.297377334922543	0.39004039219919	0.165742835078679	THBS2	0.0898258383425815	0.0140259933204681	0.0707197232158361	0.0468798797824066	0.221283900368718	0.241418702097619
BMP10:O95393:OID30575:v1	0.112121404467036	0.0409407092021092	0.153062113669146	0.1432	0.296262113669146	0.378453400870047	0.138190836131785	BMP10	0.141998736007698	0.00502046447260369	0.0388491861698758	0.1333756695564	0.319005361830964	0.330195151869067
MASP1:P48740:OID20954:v1	0.049887955399186	0.160675717127854	0.21056367252704	0.0852	0.29576367252704	0.168675060641955	0.54325710711874	MASP1	0.0940846939587559	0.00307966815611737	0.101609154697697	0.0556258294603177	0.25428418009262	0.272493393413914
GFRA3:O60609:OID20933:v1	0.00672606352399424	0.0753383585259086	0.0820644220499028	0.2136	0.295664422049902	0.0227489783091284	0.254810362381689	GFRA3	0.0997666063871401	0.0111547734140564	0.0264016918314915	0.0829480651281924	0.220013177194484	0.237200499705229
ENPP6:Q6UWR7:OID30273:v1	0.101483152775497	0.0471792895257046	0.148662442301202	0.1469	0.295562442301202	0.343356050198279	0.159625455651178	ENPP6	0.136518012654267	0.0160668272962827	0.0303049105257429	0.163375331402551	0.34620511125382	0.36534521951456
ACHE:P22303:OID30585:v1	0.108528793861478	0.0248872460725742	0.133416039934052	0.1619	0.295316039934052	0.367500505173082	0.0842732622248755	ACHE	0.0916909446894527	0.0108394009869428	0.0448877341477256	0.0999410606724604	0.246949383196811	0.269773935291757
RNASE6:Q93091:OID30689:v1	0.127137979329403	0.00983564387643312	0.136973623205836	0.1583	0.295273623205836	0.430576825484932	0.0333102691992798	RNASE6	0.0669061459864356	0.0295127454806295	0.0516335732636137	0.140732851286404	0.288654472462136	0.30615650861774
CCL14:Q16627:OID20401:v1	0.126848249283906	0.0253295109921062	0.152177760276013	0.1428	0.294977760276013	0.430026484590614	0.0858692227115874	CCL14	0.0995848816648584	0.0108272342515351	0.049781081009741	0.0518709506526801	0.211945205105406	0.228332800008501
THBS4:P35443:OID20368:v1	0.0518375969694515	0.0478023330393068	0.0996399300087583	0.1953	0.294939930008758	0.175756456468651	0.162074809734603	THBS4	0.0550852733205248	0.00552900600945065	0.057921945189357	0.111441093849493	0.229888640439401	0.248494291209358
GCNT1:Q02742:OID21379:v1	0.15180821257366	0.0215895598571962	0.173397772430856	0.1214	0.294797772430856	0.514957122375361	0.0732351526240246	GCNT1	0.142317054463267	0.00649648357158294	0.0324285970213364	0.0696103730823102	0.250795996874256	0.265767075151426
EPHA4:P54764:OID30622:v1	0.024860716016524	0.160286845260055	0.185147561276579	0.1093	0.294447561276579	0.0844317266841681	0.5443646555099	EPHA4	0.136819586569675	0.0271012755916342	0.0581458875687985	0.00613057960848503	0.228143175576523	0.248680463958422
HAVCR2:Q8TDQ0:OID21137:v1	0.0869896613800233	0.0204648620673042	0.107454523447327	0.1866	0.294054523447327	0.295828339452854	0.0695954676275197	HAVCR2	0.0463787616126859	0.0416902661858944	0.0289938899045104	0.116318305833705	0.233342461216607	0.25383706522966
IGDCC4:Q8TDY8:OID30402:v1	0.0998278371957911	0.00557001017392558	0.105397847369716	0.1879	0.293297847369716	0.340363347672146	0.0189909684775296	IGDCC4	0.0681285628104226	0.0195519826296861	0.045465574903907	0.123196080511447	0.256155887318259	0.27568149439296
HEG1:Q9ULI3:OID30579:v1	0.0134757025890022	0.112257270783936	0.125732973372939	0.1671	0.292832973372939	0.046018392101767	0.383349147778419	HEG1	0.106377328821645	0.0172399711883588	0.0303897957399548	0.119471339841972	0.2732688364343	0.293183561903395
TNFSF12:O43508:OID20624:v1	0.0784672869207636	0.049447213826275	0.127914500747038	0.1635	0.291414500747038	0.269263494848792	0.169680004596605	TNFSF12	0.0948147926410711	0.00417058389304644	0.0422397309678852	0.0356009708462564	0.176696774919306	0.194740050272289
FLT3LG:P49771:OID20661:v1	0	0.115414849004519	0.115414849004519	0.1751	0.290514849004519	0	0.397276935757331	FLT3LG	0.120909921006975	0.00998748624101269	0.0214938547943361	0.103061613848998	0.255197483878201	0.269563267945745
DLK1:P80370:OID20295:v1	0.133775326764186	0.0118130846123753	0.145588411376561	0.1447	0.290288411376561	0.460835918767191	0.0406943031461612	DLK1	0.109511476215895	0.0147031747217998	0.0493185575533075	0.112463824573408	0.285948807468024	0.303429279073953
CNTNAP2:Q9UHC6:OID20556:v1	0.158308716051523	0.0137250500782326	0.172033766129756	0.1182	0.290233766129756	0.545452440501866	0.047289639180358	CNTNAP2	0.134372248327141	0.00968272413572049	0.0357529384341443	0.0790135857415493	0.258721648010536	0.275250183780391
ECM1:Q16610:OID30736:v1	0.249255202826631	0.0019052249766113	0.251160427803242	0.0386	0.289760427803242	0.860211329463815	0.00657517312165558	ECM1	0.158042486585321	0.000103058211854744	0.0249660379314478	0.00756759880946577	0.190324221148669	0.194537488679463
BLMH:Q13867:OID20336:v1	0.180401000135284	0.0182240454784292	0.198625045613713	0.091	0.289625045613713	0.622877761669457	0.0629228920441344	BLMH	0.130249831620671	0.00333561949208255	0.0573464872212169	0.0457302758763559	0.23654992039617	0.253103745103533
LGMN:Q99538:OID20773:v1	0.0777231545719042	0.0673610576791426	0.145084212251046	0.1445	0.289584212251046	0.268395690385649	0.232613018353175	LGMN	0.13406548340157	0.011097700736555	0.0337730188035142	0.0206535624863835	0.199542428000269	0.212497018176983
ART3:Q13508:OID20346:v1	0.0621051792992323	0.00768122716234589	0.0697864064615782	0.2195	0.289286406461578	0.21468405674112	0.0265523266588956	ART3	0.047509792989935	0.0171234581901953	0.0330750886580204	0.204566754614896	0.30180428626247	0.32060694365106
GALNT3:Q14435:OID20471:v1	0.102247232593034	0.0770908089312132	0.179338041524247	0.1099	0.289238041524247	0.353505479618809	0.266530669772739	GALNT3	0.157994183337293	0.0128120820781991	0.0201560098019507	0.0121055174818088	0.202893675892634	0.219459828109771
LY6D:Q14210:OID20708:v1	0.127605678101226	0.015421047836223	0.143026725937449	0.1456	0.288626725937449	0.442113174678358	0.0534290363656935	LY6D	0.0917508912418653	0.00731870459920834	0.0425874638527967	0.0627531061776672	0.203803655190064	0.221978084188058
CPXM1:Q96SM3:OID21479:v1	0.101342205896576	0.0667635002189363	0.168105706115513	0.1205	0.288605706115513	0.351144151862385	0.231331185781249	CPXM1	0.159199010195715	0.00320141394875503	0.0332131176916415	0.00592975519670379	0.201361712332161	0.210081661238182
KLK11:Q9UBX7:OID21518:v1	0.106595332421681	0.062984106910175	0.169579439331856	0.1182	0.287779439331856	0.370406352410603	0.218862428311093	KLK11	0.113347735560398	0.00475198954442913	0.0380929343934924	0.0368220255515308	0.192956534603242	0.212572560000179
IL1R1:P14778:OID21116:v1	0.036934705995515	0.0982755064183216	0.135210212413836	0.1521	0.287310212413836	0.128553404646525	0.342053648537794	IL1R1	0.093413410207526	0.0190047536233519	0.0456864092670976	0.0323545860148108	0.19042839729346	0.210768324306025
ASGR2:P07307:OID30679:v1	0.0756342657534261	0.0845840543072529	0.160218320060679	0.127	0.287218320060679	0.263333709832462	0.294493938580879	ASGR2	0.11170095666413	0.0131640097860347	0.0538320389320343	0.0425868893282672	0.22117681644646	0.238594963712373
CTSF:Q9UBX1:OID21500:v1	0.0370115840160447	0.084211683034632	0.121223267050676	0.1648	0.286023267050676	0.129400605753821	0.294422491928643	CTSF	0.110313574178243	0.0182508741630006	0.0272760318476788	0.0760307770651315	0.231525246116519	0.243144639098595
CELA2A:P08217:OID30411:v1	0.0121987079781661	0.0889173827459111	0.101116090724077	0.1847	0.285816090724077	0.0426802701949437	0.311099989229614	CELA2A	0.0857544338276356	0.00836931857082154	0.042002059165985	0.0252531092393334	0.160876202438145	0.190797970057961
CCL18:P55774:OID20395:v1	0.153749360097899	0.00801000962042283	0.161759369718322	0.1238	0.285559369718322	0.538414692011538	0.0280502426809666	CCL18	0.127494585963811	0.0100218520095074	0.0166753076354342	0.093858594279233	0.247915719344606	0.261900245182955
ERMAP:Q96PL5:OID30539:v1	0.0119767609484066	0.16074193645609	0.172718697404496	0.1122	0.284918697404496	0.0420357142493997	0.564167735990615	ERMAP	0.134213806466268	0.00440048588558111	0.0384009478107932	0.0956770876740155	0.272661826001294	0.288986711938067
CRELD2:Q6UXH1:OID20751:v1	0.112093827078365	0.0388799492404356	0.150973776318801	0.1339	0.284873776318801	0.393485944992429	0.136481320754934	CRELD2	0.093309896213264	0.0100492817675034	0.067799449297057	0.032257000529641	0.203024387367822	0.222367596503566
F13B:P05160:OID30781:v1	0.118703974840673	0.0467825723927353	0.165486547233408	0.1186	0.284086547233408	0.417844406912886	0.16467718323282	F13B	0.105652162292398	0.00496056051446805	0.052250968167804	0.0529560641061087	0.21579155467562	0.23272239210256
MET:P08581:OID20269:v1	0.0321464825375192	0.0944022699990919	0.126548752536611	0.157	0.283548752536611	0.113371976599927	0.332931353619349	MET	0.0925867265216878	0.0105168892836967	0.0433954328945849	0.112146158038596	0.258573046627914	0.273745477784174
DNER:Q8NFT8:OID20712:v1	0.0739721690913525	0.0208139868563522	0.0947861559477047	0.1886	0.283386155947704	0.261029579387791	0.0734474370730841	DNER	0.0473083101751248	0.0241365997488232	0.0578888315031993	0.115838044354317	0.245109701556487	0.267790118300342
TPK1:Q9H3S4:OID30338:v1	0.133813797877882	0.017905558215854	0.151719356093736	0.1312	0.282919356093736	0.472975054536556	0.0632885584891603	TPK1	0.122155061832147	0.00726252432257436	0.0397966309951138	0.0255905698637814	0.194750499460311	0.214942790473274
RET:P07949:OID21346:v1	0.120177716766485	0.0164048820105131	0.136582598776999	0.1458	0.282382598776999	0.425584711263995	0.0580945216934853	RET	0.0912210380160513	0.0137651863924541	0.0525970250462949	0.135998383069876	0.293551163950935	0.3133659396557
HDDC2:Q7Z4H3:OID31447:v1	0.26622970796128	0	0.26622970796128	0.0157	0.28192970796128	0.944312360291749	0	HDDC2	0.211337415199561	-3.24579075627874e-06	0.02463785618828	0.0362777503472436	0.272189149177008	0.285820964823477
KLRK1:P26718:OID31082:v1	0.16076660653736	0.0348450052142403	0.195611611751601	0.0857	0.281311611751601	0.571489408262742	0.123866217243135	KLRK1	0.125376940802064	0.00635344702946408	0.0376529938023797	0.00390835646663146	0.173083114018935	0.18512823092598
DKK3:Q9UBP4:OID20264:v1	0.0955799849541227	0.0535099280230219	0.149089912977144	0.1322	0.281289912977144	0.339791725705744	0.190230525711633	DKK3	0.129227492755532	0.00145331991228801	0.033164308224129	0.127581133341542	0.291278814170946	0.30367730298253
STX7:O15400:OID30560:v1	0.211436629930052	0.00541554559889712	0.21685217552895	0.0642	0.28105217552895	0.752303836581666	0.0192688264686258	STX7	0.160997011878676	0.000708404764844759	0.0460359964360956	0.0904218151988664	0.297882847366228	0.314129721533921
CD36:P16671:OID30485:v1	0.0525938317021064	0.0867723339936306	0.139366165695737	0.1407	0.280066165695737	0.187790737133325	0.309827978606669	CD36	0.114894815158122	0.00446703325138052	0.0575538767177658	0.0360760525533987	0.212695397562339	0.228088205415745
MARCO:Q9UEW3:OID20210:v1	0.0497935089915745	0.0718976797823255	0.1216911887739	0.1578	0.2794911887739	0.178157705829703	0.25724488882005	MARCO	0.104573766939039	0.0122416340934778	0.0365253706736811	0.0813621401927166	0.234691326177443	0.250039836684184
SPINK1:P00995:OID21097:v1	0.168324630659726	0.00257026686744726	0.170894897527173	0.108	0.278894897527173	0.603541449313629	0.0092158977816969	SPINK1	0.0868282353004193	0.0237274339997263	0.0609417697172741	0.0604658387123358	0.231663725578762	0.253348377752329
TNFSF10:P50591:OID20611:v1	0.0216273384923125	0.15764760322945	0.179274941721763	0.0995	0.278774941721763	0.0775799229254187	0.565501340456897	TNFSF10	0.124450696801629	0.0124959608157115	0.071180212110195	0.0857728779960754	0.293815073871347	0.311752326007198
IGFBP3:P17936:OID20398:v1	0.120167405219499	0.0283128156483383	0.148480220867838	0.1297	0.278180220867838	0.431976812889909	0.10177867987886	IGFBP3	0.101952520544406	0.00483004801401504	0.050767572681813	0.0911513207733416	0.248565223959214	0.263603099175764
TIE1:P35590:OID20303:v1	0.0200499507755716	0.179741354239479	0.199791305015051	0.0783	0.278091305015051	0.0720984454170059	0.646339353291723	TIE1	0.0952303754318344	0.00225808338098142	0.0159450803852241	0.00365437897711346	0.117028063356633	0.123516705884866
CNDP1:Q96KN2:OID20347:v1	0.11664734670281	0.0659399474425516	0.182587294145362	0.0955	0.278087294145362	0.419463057675107	0.23711959816504	CNDP1	0.109442996231782	0.0346694552290602	0.0577187214366325	0.0309479016739274	0.232506307388132	0.251324028654323
FGFBP3:Q8TAT2:OID31108:v1	0.0840327530951689	0.0766926278247219	0.16072538091989	0.1173	0.27802538091989	0.302248495504738	0.275847577551992	FGFBP3	0.116408171749725	0.00996346020515265	0.0623799576541786	0.0722826222057588	0.260839549744355	0.275938425257001
WIF1:Q9Y5W5:OID21464:v1	0.028434381066791	0.05878175152843	0.087216132595221	0.1907	0.277916132595221	0.102312812146839	0.211508957682727	WIF1	0.0826410914818474	0.00773100366749901	0.0445511892126486	0.0810186740672592	0.215496594643493	0.231787001827549
PLAU:P00749:OID21124:v1	0.0305288280888143	0.111692204485462	0.142221032574276	0.1354	0.277621032574276	0.109965832940436	0.402318957788543	PLAU	0.102023440416623	0.0147519150570564	0.0215954367013569	0.0699108229590708	0.208240060899223	0.22463845513306
WFIKKN1:Q96NZ8:OID20939:v1	0.0553318817405921	0.0371745843730099	0.092506466113602	0.1851	0.277606466113602	0.199317697873612	0.13391108965667	WFIKKN1	0.0856745816678114	0.00793504311997449	0.0345713792104132	0.149687813566824	0.277723736463655	0.294854100692787
ESM1:Q9NQ30:OID20758:v1	0.0340221953682203	0.0214579494064273	0.0554801447746476	0.2214	0.276880144774647	0.122876977675343	0.0774990544153751	ESM1	0.0631499670666333	0.014652971062719	0.0352407287446038	0.0723635021495862	0.185213438074104	0.200398810011394
GALNT2:Q10471:OID21423:v1	0.0792563773601293	0.0702298451205683	0.149486222480697	0.1272	0.276686222480697	0.286448586595808	0.253824872416506	GALNT2	0.122720615369045	0.00929836769831319	0.0393709262968089	0.0604543789147212	0.231732342753811	0.245106784848688
PODXL2:Q9NZ53:OID21487:v1	0.0527073868348997	0.0367408210608754	0.0894482078957751	0.1868	0.276248207895775	0.19079720819324	0.132999310079641	PODXL2	0.043225866630066	0.011471328116502	0.0518780815505941	0.0516304221886747	0.158082274687572	0.178468839342075
QSOX1:O00391:OID30729:v1	0.219282875082286	0.00310867246197724	0.222391547544263	0.0535	0.275891547544263	0.794815488311054	0.0112677336063675	QSOX1	0.0537293049660848	0.000281859868673168	0.0282903733454221	0.0123966787751875	0.0943873938469284	0.0984360888062438
MEP1A:Q16819:OID31459:v1	0.0282171927531291	0.133364459964311	0.16158165271744	0.1141	0.27568165271744	0.102354264329843	0.483762552385026	MEP1A	0.144174887449262	0.00775196388034295	0.0410024879576983	0.0839775732301314	0.276796686705275	0.293180998202409
MOCS2:O96007:OID30638:v1	0.194438863775904	0.00613936251923299	0.200578226295137	0.0747	0.275278226295137	0.706335791220327	0.0223023905735673	MOCS2	0.152317574423326	0.0016247956828633	0.0365413266063402	0.0370212614560354	0.227329514414228	0.2481405467643
CPA1:P15085:OID20280:v1	0.020070965209728	0.0761937546064133	0.0962647198161414	0.1785	0.274764719816141	0.0730478251471242	0.2773054512144	CPA1	0.0806893518775493	0.0168546526377358	0.0321868057696787	0.0199316160935042	0.149585003517983	0.168319492937687
ITGBL1:O95965:OID30408:v1	0.141593593255686	0.01565288012621	0.157246473381896	0.1174	0.274646473381896	0.515548557795607	0.0569928313058827	ITGBL1	0.119820401074632	0.0153660514385146	0.0256528870523548	0.119487298352862	0.280189797773703	0.293777587479677
MMP10:P09238:OID20687:v1	0.172064072322022	0.0110912484169642	0.183155320738986	0.0913	0.274455320738986	0.626929264328816	0.0404118542395184	MMP10	0.118821418425361	0.00466040549746793	0.0290963166116793	0.0246490727657588	0.177061191941177	0.194045051607245
PEPD:P12955:OID30688:v1	0.120224312587598	0.0331392534794667	0.153363566067065	0.121	0.274363566067065	0.438193431842955	0.120785911753917	PEPD	0.0867944088140683	0.0202035277087626	0.0710331740776689	0.0269293380403261	0.204101930193891	0.222540507768612
TPP1:O14773:OID20750:v1	0.0708478238814867	0.0555914576750062	0.126439281556492	0.1479	0.274339281556493	0.25824892257326	0.202637614852682	TPP1	0.0494556014194348	0.0269712092096062	0.0375901049158249	0.0544639827407158	0.168291360032966	0.189157436319683
SELPLG:Q14242:OID20560:v1	0.132931078456093	0.0341800300051421	0.167111108461235	0.1071	0.274211108461236	0.484776416251151	0.124648597195594	SELPLG	0.167656693149493	0.00850025046151325	0.107612420721325	0.063222425050259	0.346904967878886	0.364839657666011
CXCL5:P42830:OID20207:v1	0.0783567613950703	0.0512648018251538	0.129621563220224	0.144	0.273621563220224	0.286369102174907	0.187356585576895	CXCL5	0.0966738142691683	0.00157889304676965	0.0496940658992943	0.0737799348063998	0.221657656471502	0.237090298626684
BTN2A1:Q7KYR7:OID20713:v1	0.0814780133377183	0.0134757305108464	0.0949537438485648	0.1785	0.273453743848564	0.297959033915585	0.0492797440663645	BTN2A1	0.0604796843255173	0.0281412746363904	0.0428921127419801	0.0883053104145097	0.219526830869959	0.24120811749805
SLITRK2:Q9H156:OID21409:v1	0.031007414708327	0.0421832170888466	0.0731906317971736	0.2001	0.273290631797173	0.11345948635129	0.154352956819074	SLITRK2	0.0266960711496012	0.0162705447125476	0.0282016833867931	0.0837932728227239	0.15448627262915	0.171567894523635
CRTAM:O95727:OID20914:v1	0.100587070635151	0.0376847249638834	0.138271795599034	0.1347	0.272971795599034	0.368488877813965	0.138053548283933	CRTAM	0.0903450817168841	0.00842607192050082	0.0629902289564735	0.0468897717789856	0.208639385873497	0.231519101667284
NPHS1:O60500:OID30540:v1	0.139050293687092	0.00423476520208765	0.14328505888918	0.1296	0.27288505888918	0.509556273447574	0.0155184941943171	NPHS1	0.100254780577606	0.000856928985514921	0.0278825981158873	0.00680366933140569	0.13539254232312	0.146606852608953
QPCT:Q16769:OID20320:v1	0.104829465145858	0.036413175639668	0.141242640785526	0.1316	0.272842640785526	0.384212177554246	0.133458522226705	QPCT	0.137759851971954	0.0198892569576578	0.0323515750265208	0.0532574818257201	0.243123196785114	0.261426042680907
PCDH9:Q9HC56:OID31516:v1	0.0943770737840281	0.0223081348089846	0.116685208593012	0.156	0.272685208593012	0.346102651738941	0.0818091121410253	PCDH9	0.108727398409955	0.0317710414166619	0.0278031171163895	0.0449372506572587	0.213161698023892	0.232298351633557
PTGR1:Q14914:OID30297:v1	0.158718889500985	0.0068795776142066	0.165598467115192	0.1064	0.271998467115192	0.583528617585067	0.0252927072978432	PTGR1	0.13995962122213	0.0359299227276428	0.020082642385068	0.117137492129618	0.313037976426639	0.33190900901171
CLEC4G:Q6UXB4:OID20590:v1	0.0419965736822186	0.0754271111580182	0.117423684840236	0.1545	0.271923684840236	0.154442499949546	0.277383381305434	CLEC4G	0.0870221706172511	0.00417928084611027	0.0465643502754847	0.0718248607695503	0.209529670643209	0.223510042802294
LTBP3:Q9NS15:OID21191:v1	0.134940573272253	0.0482889441905112	0.183229517462764	0.0884	0.271629517462764	0.496781699325998	0.177775024752715	LTBP3	0.114695847228482	0.0230474673765087	0.0490323916337172	0.082298367336153	0.26894256970854	0.283022708842811
ROR1:Q01973:OID20224:v1	0.0722610538804731	0.0223240008587456	0.0945850547392188	0.1769	0.271485054739218	0.266169546422675	0.0822292073506201	ROR1	0.045622725788875	0.0160743301552346	0.0558145742831668	0.0784252257234175	0.195597954324812	0.213960950348135
MFGE8:Q08431:OID21134:v1	0.0704976061495762	0.0649236326869991	0.135421238836575	0.1357	0.271121238836575	0.260022440337366	0.239463470164111	MFGE8	0.0845369571984608	0.0105170664561139	0.0500888344375355	0.0572365467995327	0.202359045311664	0.218961394539448
NTRK3:Q16288:OID21057:v1	0.0389823411792542	0.0249752831167671	0.0639576242960213	0.2071	0.271057624296021	0.143815697051493	0.0921401240110172	NTRK3	0.0412482618809617	0.0309524045458778	0.0252643778475974	0.133690721531019	0.230931592363097	0.248100856359606
VASN:Q6EMK4:OID20345:v1	0.130791702069687	0.00920069171138773	0.139992393781075	0.1307	0.270692393781075	0.483174647956552	0.0339894726367113	VASN	0.10670621324146	0.0213701235836754	0.0459815647995636	0.0463763971273365	0.220191802593721	0.239555307719354
GALNT10:Q86SR1:OID21371:v1	0.126819271858815	0.0377305764909728	0.164549848349788	0.1058	0.270349848349788	0.46909318659847	0.139562040523713	GALNT10	0.0978035765288608	0.0212862305010606	0.0769492342992647	0.060724609183045	0.256617821571484	0.274642454608072
LGALS7_LGALS7B:P47929:OID21406:v1	0.0332884670558466	0.0640883733229111	0.0973768403787577	0.1728	0.270176840378757	0.123209920617844	0.237208982209823	LGALS7_LGALS7B	0.0808899266794484	0.00361205590937492	0.0161012853841833	0.0992371446793328	0.199673352446753	0.207232115350726
MRC1:P22897:OID30694:v1	0.0564370177469386	0.0479706472363861	0.104407664983324	0.1654	0.269807664983324	0.209174997865337	0.177795716957674	MRC1	0.0919216332643738	0.036196624962924	0.0319396726751548	0.128635476425871	0.288487013456702	0.308537619596309
AGRN:O00468:OID20786:v1	0.111043555447179	0.0202333376220818	0.131276893069261	0.1384	0.269676893069261	0.411765183821886	0.0750280730091519	AGRN	0.0586340334634864	0.0424727351655659	0.0525580891710402	0.114255300366474	0.267532083968823	0.286844673117464
FNDC1:Q4ZHG4:OID31127:v1	0.152983892323333	0.0208419803932949	0.173825872716628	0.0954	0.269225872716628	0.568236220314365	0.0774144779734156	FNDC1	0.107922348676143	0.0108300059801098	0.078391524539374	0.0755894498518672	0.272448471674261	0.290796599939784
ENTPD5:O75356:OID20104:v1	0.12870284311065	0.0468145201322123	0.175517363242863	0.0935	0.269017363242863	0.478418350247751	0.174020440791954	ENTPD5	0.148487611395022	0.00426440001601682	0.0409307928184203	0.0309023612568171	0.224544400300858	0.236003850522141
PNLIP:P16233:OID30693:v1	0	0.117614107915866	0.117614107915866	0.1512	0.268814107915866	0	0.437529521153991	PNLIP	0.115423878650348	0.00105770285790303	0.0148468035139792	0.00811385916771731	0.139316518660665	0.148044348044734
CXCL16:Q9H2A7:OID20282:v1	0.0399218539390775	0.0687181919255726	0.10864004586465	0.1601	0.26874004586465	0.14855193542381	0.255705068831395	CXCL16	0.100701569718367	0.0139604459226282	0.0222402580762159	0.08459182244093	0.221140304356395	0.235790315078555
PECAM1:P16284:OID21131:v1	0	0.151671130556305	0.151671130556305	0.117	0.268671130556305	0	0.564523364465166	PECAM1	0.109696140925058	0.00136267520296944	0.0380670120691248	0.0223590913247359	0.171159700635325	0.185924760443455
FCAMR:Q8WWV6:OID30332:v1	0.0938043519542611	0.0375596061334244	0.131363958087685	0.137	0.268363958087685	0.34954154284612	0.139957714147114	FCAMR	0.08789469472702	0.0551195086147915	0.0550224136870513	0.16069629338185	0.35871654778242	0.375262300459815
GP1BA:P07359:OID20381:v1	0.0101880828970421	0.0680730255362561	0.0782611084332983	0.1901	0.268361108433298	0.0379640811461859	0.25366203744525	GP1BA	0.0687811195614968	0.00747413859800063	0.0250926439440217	0.012031651963119	0.113095032821715	0.130401073046466
PRCP:P42785:OID20337:v1	0.0148076957964976	0.0789879739600658	0.0937956697565635	0.1743	0.268095669756563	0.0552328794043685	0.29462607147586	PRCP	0.0494189747199487	0.030546148864193	0.0393356321845237	0.153744444125079	0.273026138399653	0.295026843951241
SCGB3A2:Q96PL1:OID20723:v1	0.0374607820352559	0.0590443878351395	0.0965051698703954	0.1714	0.267905169870395	0.139828514893454	0.220392864623342	SCGB3A2	0.0889896043715357	0.00550487613434476	0.0225653804353846	0.0996952183779295	0.216667567598816	0.225526290713517
LGALS9:O00182:OID20781:v1	0.114366665327438	0.006997656279631	0.121364321607069	0.1464	0.267764321607069	0.427116893845423	0.0261336396037844	LGALS9	0.0951016158636323	0.0350825942319684	0.0329092299959105	0.214173513593525	0.376937056509082	0.389758711609138
PLA2G15:Q8NCC3:OID21473:v1	0.0582933017732715	0.0795594259315135	0.137852727704785	0.1286	0.266452727704785	0.218775398831185	0.298587395283342	PLA2G15	0.0898515343740276	0.0265934903083295	0.0479476518237342	0.0566016711922222	0.220823442750329	0.238412941068445
OPTC:Q9UBM4:OID21362:v1	0.0642880345571215	0.0361089492720508	0.100396983829172	0.1655	0.265896983829172	0.241777975933807	0.135800522262596	OPTC	0.0572076613761706	0.00768349982700613	0.0240385147113721	0.116712009826225	0.205497567291947	0.213962976200499
GUSB:P08236:OID20296:v1	0.0237271705277568	0.0797142667423454	0.103441437270102	0.1619	0.265341437270102	0.0894212783795393	0.300421477935995	GUSB	0.0763444674688457	0.0357345779862202	0.0402509998650529	0.229341480176733	0.381603028250882	0.397405346563815
CKAP4:Q07065:OID20617:v1	0.043854792294199	0.0770062740872344	0.120861066381433	0.1439	0.264761066381433	0.165639128492626	0.29085195621736	CKAP4	0.0875781459777187	0.0297282135900611	0.0424618545706707	0.0843007261229777	0.243690170594465	0.265975344454428
ADA2:Q9NZK5:OID20394:v1	0.0573661973447206	0.0499219302229184	0.107288127567639	0.1573	0.264588127567639	0.21681319518033	0.188677892246531	ADA2	0.0667514226857452	0.0338552277709828	0.0541838059085251	0.0609144374485775	0.215665364535204	0.235015590219755
BPIFB2:Q8N4F0:OID30311:v1	0.0831704139796531	0.0402881466118245	0.123458560591477	0.1407	0.264158560591477	0.314850345161732	0.152515014170335	BPIFB2	0.0977645466648272	0.0449265688593068	0.0435392356704279	0.164292930081874	0.35033874444095	0.366658015324102
PI16:Q6UXB8:OID30676:v1	0.0661805048821336	0.0577154802298204	0.123895985111954	0.1395	0.263395985111954	0.251258593991112	0.219120576971926	PI16	0.0773877786587607	0.00536256675547747	0.0415788075807254	0.0842427814406008	0.208314853991123	0.230909522821165
PRG2:P13727:OID30381:v1	0.0102850549537479	0.0870037379851695	0.0972887929389175	0.1661	0.263388792938917	0.0390489467641592	0.330324373388759	PRG2	0.0798413342932034	0.00996565732313335	0.037507446483681	0.0626986637078811	0.189888677615619	0.214723021873936
SCGB3A1:Q96QR1:OID30577:v1	0.0111086513063736	0.100495298195587	0.111603949501961	0.1514	0.263003949501961	0.0422375836081915	0.382105661857515	SCGB3A1	0.0840953021165223	0.00627957234569958	0.0338550360264447	0.0932546254843369	0.217446036406796	0.233078306300109
NECTIN4:Q96NY8:OID21490:v1	0.0487363582191921	0.00818387508114185	0.0569202333003339	0.2057	0.262620233300333	0.185577316746409	0.0311623936141383	NECTIN4	0.0243152469490066	0.0215059449729749	0.0345545721996455	0.0446553372378227	0.124717426729179	0.147842848976159
DDR1:Q08345:OID21009:v1	0.106454658759093	0.0523973583067667	0.15885201706586	0.1035	0.26235201706586	0.405770307961343	0.199721575967959	DDR1	0.132027716511199	0.00867047459928913	0.0312580925499305	0.0515729020680062	0.223483652862946	0.241929033036052
GDF2:Q9UK05:OID20202:v1	0	0.0826551194043115	0.0826551194043115	0.1787	0.261355119404311	0	0.316255979958232	GDF2	0.0661981209379086	0.00360815661880856	0.0226095067910308	0.173372322857843	0.265503290170922	0.281645657475998
SERPIND1:P05546:OID30767:v1	0.00639739513668266	0.0868397848639561	0.0932371800006388	0.168	0.261237180000638	0.0244888385974271	0.332417402697976	SERPIND1	0.0716323728063178	0.0316018178880959	0.046226574357819	0.108300075089229	0.257686737004147	0.275476367635497
RNASE4:P34096:OID30705:v1	0.110135228988316	0.00465081180750209	0.114786040795818	0.1464	0.261186040795818	0.421673488570601	0.0178065098476601	RNASE4	0.0537834728653771	0.0317044491621811	0.0492557436685025	0.148631446784648	0.283334723826251	0.304800285392245
MERTK:Q12866:OID20657:v1	0.0551531511356956	0.0727449342755111	0.127898085411206	0.133	0.260898085411206	0.211397301167494	0.278825098163738	MERTK	0.0910988057314459	0.0093931037849718	0.031254993180057	0.126960656452353	0.258607627243128	0.275378096180253
SOST:Q9BQB4:OID20204:v1	0.00265747437389896	0.0575038552771284	0.0601613296510274	0.2006	0.260761329651027	0.010191213465031	0.220522940859693	SOST	0.0338910462046432	0.0116310997682998	0.0458890959066848	0.170092794167212	0.261477693474193	0.283263292270918
SEMA7A:O75326:OID20283:v1	0.0174105123371422	0.101287085078221	0.118697597415364	0.1419	0.260597597415364	0.0668099495537243	0.388672367215962	SEMA7A	0.101229420569105	0.00816437926568362	0.0225030745604853	0.0419967150321302	0.17370388594295	0.191580758108029
PCDHB15:Q9Y5E8:OID31377:v1	0.172798377694775	0.0126314301142839	0.185429807809059	0.0751	0.260529807809059	0.663257610128889	0.0484836273457867	PCDHB15	0.141628184445213	0.00281075049573928	0.0322142117154103	0.00603984332798058	0.182293344334715	0.191740923094359
CDCP1:Q9H5V8:OID20940:v1	0.0539698813633276	0.0308635836244905	0.0848334649878182	0.1748	0.259633464987818	0.207869510834667	0.118873673029548	CDCP1	0.0538954779529983	0.0430303147903858	0.0331842392317148	0.235575009659253	0.365408121537681	0.381866033046361
NELL2:Q99435:OID20706:v1	0.0258240253168208	0.0495066959504409	0.0753307212672618	0.184	0.259330721267261	0.0995795067804831	0.190901778657454	NELL2	0.0707498794285203	0.012569791963005	0.0243877997230445	0.0652411312534613	0.172783867334713	0.190041783481137
PTPRZ1:P23471:OID30343:v1	0.0280144990739035	0.0449116664776508	0.0729261655515543	0.1862	0.259126165551554	0.108111425236715	0.173319689202576	PTPRZ1	0.0512865784461833	0.0108415036434286	0.0402281191742041	0.220968589033231	0.323049248678528	0.344873173496354
NHLRC3:Q5JS37:OID30614:v1	0.0934207483497497	0.0200975497632218	0.113518298112971	0.1454	0.258918298112971	0.360811688592933	0.0776212029419907	NHLRC3	0.0391476646194489	0.0281622470645179	0.0479537577545853	0.142064873709336	0.257021041489134	0.282533275001949
KLRB1:Q12918:OID20629:v1	0.0320372587865425	0.0562469850607209	0.0882842438472634	0.1702	0.258484243847263	0.12394279167543	0.217603147578917	KLRB1	0.0733996277479306	0.0146467064763821	0.0488126736873009	0.0713922949913307	0.208125860577869	0.227863074304378
ATRN:O75882-2:OID30735:v1	0.192599438629687	0.00596237571000723	0.198561814339694	0.0599	0.258461814339694	0.745175604070298	0.0230686909214795	ATRN	0.175084853576633	0.00645434445492213	0.0347176153392234	0.0775021995857763	0.293457454732873	0.30859240554531
MCAM:P43121:OID20343:v1	0.0174848432028436	0.0439050543217615	0.0613898975246051	0.197	0.258389897524605	0.0676684474522794	0.169917844089011	MCAM	0.0442086158483526	0.0107497393096519	0.0332462697510787	0.101202976123707	0.189296551620236	0.208351897540842
SELL:P14151:OID30752:v1	0.127134513476267	0.0364137974213082	0.163548310897575	0.0948	0.258348310897575	0.492105069448938	0.140948463316041	SELL	0.108689690800888	0.0122804066810783	0.0380025356510234	0.062716837383574	0.221277759855147	0.231982005747892
LIFR:P42702:OID20606:v1	0.0313085582265899	0.0990424369937821	0.130350995220372	0.1279	0.258250995220372	0.121233059333899	0.383512314867428	LIFR	0.115265857504516	0.00826035393057474	0.0257767576784162	0.0299967574298193	0.17887720515815	0.197438146316912
DMP1:Q13316:OID30213:v1	0.00451024003399683	0.0329805369555229	0.0374907769895198	0.2201	0.257590776989519	0.0175093226811468	0.128034618867059	DMP1	0.0263177503784173	0.0102287679677411	0.0213524184013138	0.0949495463027055	0.15246933412559	0.171248983602159
AMIGO2:Q86SJ2:OID21370:v1	0.0338325645879732	0.0738457879249143	0.107678352512887	0.1495	0.257178352512887	0.13155292526527	0.287138428267261	AMIGO2	0.0984620894627823	0.00483527457274063	0.0321384033364664	0.0138348257170874	0.149251613370798	0.161850924065834
BCAN:Q96GW7:OID20998:v1	0.0296969034442327	0.0225252180743447	0.0522221215185775	0.2049	0.257122121518577	0.115497271369889	0.0876051346391728	BCAN	0.0428236494151243	0.0203321715707736	0.0261517833469596	0.125745640648118	0.214965257941113	0.231505337795573
DPT:Q07507:OID20278:v1	0.12405457984595	0.00137306911952334	0.125427648965474	0.1316	0.257027648965474	0.482650720050023	0.00534210667626571	DPT	0.0927397461693215	0.0196331982934327	0.0265316285009903	0.254210242403612	0.392948031983874	0.406169503949086
LDLR:P01130:OID20240:v1	0	0.0928657830295334	0.0928657830295334	0.1638	0.256665783029533	0	0.361815984715219	LDLR	0.082894120976188	0.0218238073531226	0.0294907636443719	0.167166893512362	0.301345303090088	0.319108779370771
SAT2:Q96F10:OID31306:v1	0.23205824050476	0	0.23205824050476	0.0245	0.25655824050476	0.904505113724673	0	SAT2	0.134031151089899	7.37529893425879e-06	0.00387702204502505	0.00822612301853921	0.145965811854214	0.148353108506075
SSC4D:Q8WTU2:OID20182:v1	0.0739743996895752	0.0370185702360908	0.110992969925666	0.1455	0.256492969925666	0.288407123637788	0.144325866891475	SSC4D	0.0802569849413832	0.0477751919552461	0.0365094223492401	0.296547783155619	0.460926722976109	0.476101705096248
CCN2:P29279:OID20709:v1	0.0606839165828363	0.0519773083926449	0.112661224975481	0.1438	0.256461224975481	0.236620239915948	0.202671216273002	CCN2	0.0913551049349647	0.0031695706645378	0.0410842158820391	0.0129993162301697	0.14847595790904	0.16129838486194
TREML2:Q5T2D2:OID21120:v1	0.0799882896040935	0.0222627949486312	0.102251084552724	0.1542	0.256451084552724	0.311904664952385	0.0868110773930227	TREML2	0.054554272869162	0.0230182213861025	0.053290733099305	0.0411173452442644	0.171851685218302	0.194823704773471
CDH1:P12830:OID20353:v1	0	0.157592892243245	0.157592892243245	0.0987	0.256292892243245	0	0.614893729060871	CDH1	0.0898480707045258	0.00487879502374395	0.024128154356336	0.0397083759835168	0.158430550210721	0.178380815473164
ADIPOQ:Q15848:OID30748:v1	0.0622308105754328	0.030329370912412	0.0925601814878448	0.1635	0.256060181487844	0.243031970897774	0.118446260313424	ADIPOQ	0.0708267447655164	0.0191541631846286	0.0311075189891749	0.336971407061233	0.457971381961184	0.469581845833199
MANSC1:Q9H8J5:OID21492:v1	0	0.0563376460114223	0.0563376460114223	0.1997	0.256037646011422	0	0.22003657231292	MANSC1	0.0540054436670213	0.0198391016510021	0.0288995259128677	0.0230269611767156	0.12538790251875	0.140665145376424
CD27:P26842:OID21527:v1	0.056032662191854	0.0106699098195777	0.0667025720114318	0.1893	0.256002572011431	0.218875387663495	0.0416789164880004	CD27	0.0370836507866707	0.0319023416376891	0.0380155789481108	0.0643841073923519	0.171023073272968	0.197545900266397
SNAP25:P60880:OID30811:v1	0.0116944062413013	0.133001854020323	0.144696260261625	0.1111	0.255796260261625	0.0457176591610075	0.519952300648536	SNAP25	0.127306997664295	0.000593951083003902	0.0335936549419862	0.0245401679955059	0.185775458578957	0.201588099420375
TNFRSF21:O75509:OID21052:v1	0.0473019376882892	0.0446802793082069	0.0919822169964962	0.1637	0.255682216996496	0.185002845500739	0.174749264274485	TNFRSF21	0.0309822209449046	0.00869044878829443	0.0375747844173078	0.0633538151081636	0.140204534203407	0.163916922470502
NT5C:Q8TCD5:OID30294:v1	0.161303181459189	0.00441853535282077	0.165721716812009	0.0897	0.255421716812009	0.631517098359761	0.0172989807130331	NT5C	0.129543632592791	-0.000254446727801777	0.0405628310334383	0.0218913780536341	0.191680277568582	0.211126696983744
CD86:P42081:OID31500:v1	0.0335776675995317	0.088741541010477	0.122319208610008	0.1331	0.255419208610008	0.131461011809806	0.347434875761335	CD86	0.0588677616458523	0.00668692662497151	0.0616663531106054	0.0478525670770871	0.174788495050362	0.195316777834058
CELSR2:Q9HCU4:OID30593:v1	0.117462430936554	0.0110629657839927	0.128525396720547	0.1267	0.255225396720547	0.460230182598822	0.04334586575687	CELSR2	0.0599745349502411	0.0155227331082887	0.0527386335300285	0.0421046238390139	0.170305354042875	0.18835246027638
ROBO1:Q9Y6N7:OID20734:v1	0.0412287245119614	0.0441299168336523	0.0853586413456138	0.1698	0.255158641345613	0.161580749507585	0.172950900666844	ROBO1	0.0658930738386844	0.0151575072618101	0.0311204964605696	0.0713922480705279	0.183412138565088	0.198554662754343
PODXL:O00592:OID21358:v1	0.0331005756965695	0.141783484002463	0.174884059699032	0.0802	0.255084059699032	0.12976340323117	0.555830435542503	PODXL	0.153324282499511	0.00449131725731249	0.0232506474082393	0.0042341579255492	0.185193096301697	0.19222771843493
SPINT1:O43278:OID21109:v1	0.0601319919362312	0.039402191373752	0.0995341833099832	0.1545	0.254034183309983	0.236708269543613	0.155105863550937	SPINT1	0.0815897760683478	0.0127059490235196	0.0275939919496008	0.0144777300082309	0.136050277770624	0.153622534197632
NXPH3:O95157:OID30565:v1	0.0717611530334024	0.0449466942735194	0.116707847306921	0.137	0.253707847306921	0.282849560213207	0.177159259166096	NXPH3	0.0611032496660733	0.00477279065993312	0.0698527721117361	0.0954929072270456	0.23112408827694	0.251031291578079
CCL13:Q99616:OID20655:v1	0.0573407258487634	0.0635665313628943	0.120907257211657	0.1328	0.253707257211657	0.226011374207267	0.250550701866061	CCL13	0.113086607334748	0.00361599718150164	0.02818892343663	0.0422906273841496	0.186758514633158	0.201594620217873
CSF3R:Q99062:OID30527:v1	0.096309668426596	0.0400395163546071	0.136349184781203	0.1173	0.253649184781203	0.379696345208727	0.157853913030097	CSF3R	0.0865957630417933	0.008740084275098	0.0406912147765887	0.0266334676481085	0.162369216149743	0.174957003878526
ICOSLG:O75144:OID21351:v1	0.142588722928918	0.00998541774545525	0.152574140674374	0.1006	0.253174140674374	0.563204135102853	0.0394409070328325	ICOSLG	0.117678403498054	0.00638350705592468	0.0499093442471249	0.0274719070750275	0.201195613484755	0.215307476089438
CLMP:Q9H6B4:OID21419:v1	0.0739191455639216	0.00282929241833473	0.0767484379822563	0.176	0.252748437982256	0.292461334891062	0.0111941044657746	CLMP	0.0570942326214834	0.023524535612187	0.0226277352652595	0.285756204862002	0.38891859647538	0.403926087421475
IGF1R:P08069:OID21274:v1	0.0152161770534183	0.108168541447871	0.123384718501289	0.1288	0.252184718501289	0.0603374270409668	0.428925836944867	IGF1R	0.0770432765964696	0.00394041260691408	0.0408224488931205	0.0714607711775865	0.19276580565975	0.210341242897904
FOLR2:P14207:OID21062:v1	0.0115105118627373	0.0744204143316926	0.08593092619443	0.1662	0.25213092619443	0.0456529154771798	0.295165751599641	FOLR2	0.0796280443617687	0.0394715938404077	0.0200713063951913	0.103582382260744	0.242615590699806	0.2621912458469
CXADR:P78310:OID20561:v1	0.00975567665110291	0.0654058314587727	0.0751615081098756	0.1769	0.252061508109875	0.0387035558275337	0.25948361552396	CXADR	0.0524689408463599	0.0121320616101074	0.0376778043917717	0.0252832919829443	0.127227850846141	0.143313062458363
CPM:P14384:OID21054:v1	0.0263197105567151	0.0462331831425684	0.0725528936992836	0.1794	0.251952893699283	0.104462823070922	0.183499313954098	CPM	0.0592188420615938	0.0292515183494314	0.0283699146272839	0.243416021861631	0.360232914187761	0.376073157299275
CD83:Q01151:OID20565:v1	0.021855747825788	0.0424944278180774	0.0643501756438654	0.1876	0.251950175643865	0.0867463091459853	0.168662028948706	CD83	0.0449133563863125	0.0311457340013987	0.0350947852786266	0.0858700358016935	0.196827599217726	0.213744199659289
S100A14:Q9HCY8:OID30987:v1	0.016096776647348	0.0428413582466087	0.0589381348939567	0.1929	0.251838134893956	0.0639171531909813	0.170114658229375	S100A14	0.0473473195499392	0.00306814378018606	0.0168227636443655	0.00800131095305224	0.0748974144387975	0.0837007167531768
HS6ST2:Q96MM7:OID30481:v1	0.0847519994018253	0.00139044289170431	0.0861424422935296	0.1656	0.251742442293529	0.336661544353356	0.00552327561072545	HS6ST2	0.000310988143480884	0.0181127652883423	0.00959647021362417	0.112363614936681	0.140170192121186	0.159054818482493
CDA:P32320:OID30345:v1	0.140186005851813	0.0311116451350014	0.171297650986815	0.0804	0.251697650986814	0.55696191562454	0.123607212912095	CDA	0.09212940994164	0.00137977370139428	0.0734200765574579	0.100920008455859	0.267466366132834	0.285838651693255
EPHB4:P54760:OID20242:v1	0.0136904935929178	0.0721216303892399	0.0858121239821577	0.1657	0.251512123982157	0.0544327381764268	0.286752102631665	EPHB4	0.0698889559487404	0.0130303876342101	0.0195568753397953	0.0499135096060638	0.152260948214773	0.170486552196956
PCDH12:Q9NPG4:OID31045:v1	0.116187371520718	0.0454295721476092	0.161616943668327	0.0898	0.251416943668327	0.462130236035301	0.180694154836042	PCDH12	0.128279879378916	0.00171735788909934	0.0185659115185414	0.00393754493805151	0.152221794455028	0.158207239665803
TNFSF11:O14788:OID20592:v1	0.0061695590412184	0.0886080877363888	0.0947776467776072	0.1565	0.251277646777607	0.0245527571606031	0.35263020357243	TNFSF11	0.0804318174694581	0.00847369539195066	0.0295783617852055	0.0741842905498187	0.192359624693911	0.211912896518162
ACAN:P16112:OID20159:v1	0.0105251189414583	0.0580175414746961	0.0685426604161545	0.1827	0.251242660416154	0.0418922444302441	0.230922333725477	ACAN	0.071630206372046	0.0138103075514166	0.0164872633570857	0.177236801619955	0.279016554894676	0.295522259505265
SDK2:Q58EX2:OID30662:v1	0.152508583927454	0.0124988804106786	0.165007464338133	0.086	0.251007464338133	0.607585851399262	0.0497948554782472	SDK2	0.0847380910900851	0.00172388188545034	0.0492956088379345	0.0381308520187507	0.173756033748839	0.188400648087102
IL16:Q14005:OID20633:v1	0.171777310943866	0.00173094471337986	0.173508255657245	0.0774	0.250908255657245	0.684621996569626	0.0068987156634034	IL16	0.11127604455463	0.00561830810456802	0.0376792302706598	0.105336692874308	0.259726227113459	0.276678487223807
HBEGF:Q99075:OID21465:v1	0	0.0890962048867095	0.0890962048867095	0.1618	0.250896204886709	0	0.355111807796934	HBEGF	0.0815134288034184	0.00399013524038193	0.0384527547093465	0.0295647996917087	0.153188711317404	0.170466206206267
CTSV:O60911:OID21405:v1	0.0452689702647112	0.0558944256704748	0.101163395935186	0.1497	0.250863395935186	0.180452672642632	0.222808215850334	CTSV	0.0910366642751025	0.00822884453170133	0.0178013412382857	0.134321576399104	0.250983363989439	0.266276813566331
CD79B:P40259:OID20635:v1	0.0155656089980212	0.0728500348050626	0.0884156438030839	0.162	0.250415643803083	0.0621590918267924	0.290916468710512	CD79B	0.0539734764423486	0.0377237095082111	0.0466903914152113	0.0584807265089807	0.196663309937324	0.218995920761056
MYOM3:Q5VTT5:OID30633:v1	0.00304487497524263	0.0303427616149755	0.0333876365902182	0.2169	0.250287636590218	0.012165502925851	0.121231563925205	MYOM3	0.0323695577166584	0.0383439570989046	0.0209908428784977	0.142567605536004	0.234203835383627	0.251185125032262
C1QTNF5:Q9BXJ0:OID30618:v1	0.00726924573729571	0.153763077232823	0.161032322970118	0.0883	0.249332322970118	0.0291548470358851	0.616699332846831	C1QTNF5	0.121889267980126	0.00153344774781493	0.0234602089306628	0.0190711071049029	0.165227745814848	0.170422103890068
MEPE:Q9NQ76:OID20753:v1	0.0149631419103247	0.0411297932140804	0.0560929351244051	0.1929	0.248992935124405	0.0600946444639026	0.165184579207159	MEPE	0.0368100781856183	0.0238998347073152	0.0236874231366664	0.114601554538178	0.198610540017728	0.216426385492846
MCEMP1:Q8IX19:OID30501:v1	0.0538675604154555	0.08852272515318	0.142390285568635	0.1065	0.248890285568635	0.216430947846699	0.355669667664744	MCEMP1	0.113135121271993	0.00235981305666083	0.0506815893235788	0.0111307150646293	0.177135137524165	0.190185940841721
CA4:P22748:OID20241:v1	0.067576079118095	0.0403531748033559	0.10792925392145	0.1406	0.24852925392145	0.271903922986276	0.162367907063808	CA4	0.105696112795552	0.023556276785955	0.0180620853705654	0.0197149254133758	0.16694939743408	0.185682058703176
NRP1:O14786:OID20390:v1	0.0625305221076294	0.0537394550150228	0.116269977122652	0.1321	0.248369977122652	0.251763610207807	0.216368562889889	NRP1	0.0705002889610024	0.0097433232626675	0.0574176799979564	0.0602118141381027	0.197697601046214	0.219088368066599
CPB1:P15086:OID20289:v1	0.00964653225090145	0.074571433218579	0.0842179654694805	0.164	0.24821796546948	0.0388631509111597	0.300427219591194	CPB1	0.0716013433140945	0.00998621379006425	0.0323586021298346	0.0258018049682054	0.139545530368431	0.160748793112094
LCN15:Q6UWW0:OID31032:v1	0.161455143871794	0.00393127255604455	0.165386416427838	0.0828	0.248186416427838	0.650539808727759	0.0158399988711211	LCN15	0.0814179918446102	0.000726490451857121	0.0155576483928085	0.0130485447923378	0.110652750835776	0.117497773688027
SCARF1:Q14162:OID20297:v1	0.100847225649024	0.0195353770562931	0.120382602705318	0.1278	0.248182602705318	0.406342848167995	0.0787137246662235	SCARF1	0.0885588463248366	0.00545450450599327	0.0339331584708549	0.0226605007112926	0.150502711564328	0.167401635420593
KIRREL2:Q6UWL6:OID20873:v1	0.0434008819300661	0.0905158636392504	0.133916745569316	0.1142	0.248116745569316	0.174921212312698	0.36481158670511	KIRREL2	0.095598796579749	0.00287940584758295	0.0353302902050441	0.0497142743291587	0.183414484860876	0.196068757998513
SORCS2:Q96PQ0:OID21262:v1	0.133245990923409	0.00563476006392771	0.138880750987337	0.1091	0.247980750987337	0.537323926929367	0.0227225703668243	SORCS2	0.107106042865965	0.0171285949269851	0.0332921509839781	0.129445454927417	0.286486656072473	0.307330636603458
ASAH1:Q13510:OID30415:v1	0.142911475975335	0.0174695355830569	0.160381011558392	0.0873	0.247681011558392	0.576998111708871	0.0705323975913204	ASAH1	0.0969033509667074	0.00459477332770118	0.0416808696953215	0.0237233328110252	0.166512478334111	0.17693576250843
KITLG:P21583:OID20196:v1	0.00158112302081854	0.102646543145612	0.10422766616643	0.1431	0.24732766616643	0.00639282715648389	0.415022487118524	KITLG	0.0814483682752124	0.0279982791700722	0.0378367514256424	0.0418879766484929	0.188992091572916	0.208098762134565
CPXM2:Q8N436:OID30322:v1	0.16019814399039	0	0.16019814399039	0.0871	0.24729814399039	0.647793555606367	0	CPXM2	0.126176276751468	0.0189516573098002	0.0369602111254464	0.103895896302884	0.28588252789396	0.301151137488894
PGLYRP1:O75594:OID20338:v1	0.0403634290815308	0.0571988172427974	0.0975622463243282	0.1495	0.247062246324328	0.163373520973107	0.231515814713796	PGLYRP1	0.0614769124607125	0.00947747711975107	0.0352548139540342	0.0550944624329338	0.161183982746226	0.181590516791129
NRCAM:Q92823:OID20229:v1	0.0884877205165633	0.0267593266637341	0.115247047180297	0.1318	0.247047047180297	0.358181656192733	0.108316723349479	NRCAM	0.0707009698738619	0.0241745454349203	0.0481696772396622	0.0257960523037589	0.168700123404512	0.189185207407173
ADGRE2:Q9UHX3:OID20755:v1	0.0792330902015914	0.045940228419794	0.125173318621385	0.1213	0.246473318621385	0.321467210506884	0.186390270057442	ADGRE2	0.0900893146646529	0.0112586690304578	0.0530547989671612	0.0805332542828105	0.23468146832845	0.256419475850756
AXL:P30530:OID20363:v1	0.0365783806330607	0.0470008294870296	0.0835792101200904	0.1625	0.24607921012009	0.148644741728526	0.190998782319288	AXL	0.0669180471638547	0.0147679359567561	0.0327845631065353	0.0527862186534561	0.167031394332778	0.190066395147361
F3:P13726:OID21440:v1	0.0435787576226068	0.0856289537996464	0.129207711422253	0.1167	0.245907711422253	0.177215904985496	0.348215813584679	F3	0.0924095586410257	0.00361837700972234	0.0493131547494745	0.119254927210205	0.264335294278676	0.282186975149865
TNFRSF11B:O00300:OID20735:v1	0.0392571027624194	0.0361355165585532	0.0753926193209727	0.1703	0.245692619320972	0.159781367755024	0.147076117542407	TNFRSF11B	0.0533701452966506	0.0115540447912193	0.0375759429740084	0.181062531569857	0.282915562496665	0.296932568351664
CA12:O43570:OID21344:v1	0.0667179420601259	0.0296618838590008	0.0963798259191268	0.1492	0.245579825919126	0.27167517449946	0.120783064113617	CA12	0.0727772681722604	0.00932945419306336	0.0266105347108257	0.0351788173728988	0.143503064362397	0.165408826052199
CCL28:Q9NRJ3:OID20569:v1	0.00211834828756338	0.0953888317214373	0.0975071800090007	0.1478	0.245307180009	0.00863549239563903	0.38885462593446	CCL28	0.0996279239967652	0.00380410882908301	0.0239358200007776	0.0420492509278541	0.169309242056292	0.179326378530537
BST2:Q10589:OID21029:v1	0.0177856866974505	0.0303410033604048	0.0481266900578553	0.1971	0.245226690057855	0.0725275323548771	0.123726350313852	BST2	0.0379828646533735	0.0269046303541754	0.0218734983911786	0.0504108114811316	0.136824726120907	0.156451967419836
PXN:P49023:OID20822:v1	0.218199892647953	0.00314180925167767	0.22134170189963	0.0237	0.24504170189963	0.890460239854716	0.0128215288553805	PXN	0.126018946027716	0.00515810604951894	0.0429545613149347	0.0690805167573777	0.2431291754397	0.257405919330377
VCAM1:P19320:OID20396:v1	0.00675216291557275	0.0586346878003856	0.0653868507159584	0.1795	0.244886850715958	0.0275725825859246	0.239435835893023	VCAM1	0.044015021598727	0.0209887147573671	0.0275890877920435	0.0485996510917318	0.140952936617159	0.163302904981871
HSD11B1:P28845:OID20575:v1	0	0.0766543861728872	0.0766543861728872	0.1681	0.244754386172887	0	0.313189019291939	HSD11B1	0.0448124133522223	0.0330219051777256	0.0464341732418712	0.116693510741549	0.240805464843698	0.256375965812241
PRAP1:Q96NZ9:OID30391:v1	0.0951246979777368	0.0182325730542199	0.113357271031956	0.1311	0.244457271031956	0.389126073346787	0.0745838852624536	PRAP1	0.114288819488358	0.0362442555775656	0.0175632203767551	0.292980440845434	0.460685404996181	0.475279897596661
LAMP2:P13473:OID21035:v1	0.128066128861256	0.00297193730375991	0.131038066165016	0.1131	0.244138066165016	0.524564361768536	0.0121731827831843	LAMP2	0.000272952844355705	0.0117025608618902	0.0106277055531304	0.119112686759929	0.141323987502419	0.156199914546678
DEFA1_DEFA1B:P59665:OID20344:v1	0.0753281578956083	0.0428899452031381	0.118218103098746	0.1256	0.243818103098746	0.308952276054335	0.175909600878847	DEFA1_DEFA1B	0.0798837077501965	0.0108846097392644	0.0334321027245478	0.0360164915128948	0.160021766726708	0.178518170853577
EDA2R:Q9HAV5:OID21451:v1	0.0609579171817175	0.00378246458434372	0.0647403817660612	0.1788	0.243540381766061	0.25029901300012	0.0155311597892503	EDA2R	0.00873677533807199	0.0174611495156009	0.0018713909121842	0.376358590082558	0.404384313712513	0.416810759592487
HYOU1:Q9Y4L1:OID20300:v1	0.0309363417867101	0.0430485790162877	0.0739849208029979	0.1694	0.243384920802997	0.127108703713616	0.176874470588637	HYOU1	0.058193828189251	0.00826261404767763	0.0282690991190393	0.0375890538380982	0.132144387148574	0.147008614685918
SLITRK6:Q9H5Y7:OID20094:v1	0.100512309738222	0.0148966799618948	0.115408989700116	0.1277	0.243108989700116	0.413445466834473	0.0612757264972818	SLITRK6	0.0892882808216488	0.00781658242072812	0.0352784104991225	0.0244529743080712	0.156617675707653	0.171614305760189
TNFSF8:P32971:OID30384:v1	0.0328064350973756	0.115108548884847	0.147914983982222	0.095	0.242914983982222	0.135053155468484	0.473863518000483	TNFSF8	0.13566785504681	0.0162763084827285	0.0213360953082696	0.0212189999365037	0.194260338825613	0.210158614007736
TNFRSF19:Q9NS68:OID21446:v1	0.0546860050227031	0.0250029935781758	0.0796889986008789	0.1629	0.242588998600878	0.225426566489421	0.1030673019897	TNFRSF19	0.0361334100246483	0.0241087435450495	0.0387108646639123	0.132247815309343	0.231108019131581	0.253012705913679
MMP8:P22894:OID21019:v1	0.13170808086562	0.0144499986973744	0.146158079562994	0.0964	0.242558079562994	0.542996057286207	0.0595733554759679	MMP8	0.120800867888644	0.00973993443480212	0.0304408842191021	0.0573990587307262	0.218221396537627	0.23489527018961
GLRX:P35754:OID20195:v1	0.233356632828421	0.00188925447668142	0.235245887305103	0.0073	0.242545887305103	0.962113336248319	0.00778926617834131	GLRX	0.152298234257885	0.00441871855870822	0.0772601903454902	0.0731495703870867	0.306725209556364	0.321056495513325
TNFSF13:O75888:OID20733:v1	0.0870055424360507	0.035225225640229	0.122230768076279	0.1203	0.242530768076279	0.358740225523411	0.14524023454686	TNFSF13	0.103365395282804	0.01082998401258	0.0306060660824059	0.108644590110902	0.253345208705182	0.269242318047389
PRELP:P51888:OID20766:v1	0.125321342208669	0	0.125321342208669	0.117	0.242321342208669	0.517170056365699	0	PRELP	0.166907614434494	0.0048707213897585	0.0813874365453822	0.0892466193880999	0.34223387205802	0.354711750464212
NPC2:P61916:OID30418:v1	0.0890869040791694	0.0100864826953069	0.0991733867744764	0.1422	0.241373386774476	0.369083374392084	0.0417878823763248	NPC2	0.0669189678826212	0.0349426167135338	0.0268737861227932	0.172522757768365	0.300918720019451	0.319583592381411
GFRA2:O00451:OID21330:v1	0.113816211040859	0.0193723128444592	0.133188523885319	0.1079	0.241088523885319	0.472093027103189	0.0803535254696495	GFRA2	0.108419106316815	0.0104557641882716	0.023213980354462	0.0144806858251628	0.15651493971908	0.170983267420208
MMP3:P08254:OID21083:v1	0.147766591602936	0.00321623854722674	0.150982830150162	0.0901	0.241082830150162	0.612928724583567	0.0133408030145633	MMP3	0.12622643716525	0.00117666193813452	0.0264978494491946	0.422633503496085	0.576335619513798	0.58481643890412
TNFRSF10B:O14763:OID20981:v1	0.101549627404813	0.00418221712135991	0.105731844526173	0.1351	0.240831844526173	0.421661959217263	0.0173657147774134	TNFRSF10B	0.0346636113462564	0.0256340532737756	0.035682824238432	0.141031063868857	0.236491247678283	0.252399408356701
MFAP5:Q13361:OID20239:v1	0.0681862755174856	0.0097147499148307	0.0779010254323163	0.1626	0.240501025432316	0.283517608271799	0.0403937983107049	MFAP5	0.0383671720775991	0.00729364088645743	0.019154614934306	0.169636612960281	0.234191271391229	0.24876018873688
ERBB3:P21860:OID20705:v1	0.0655401485774312	0.0228142540907169	0.0883544026681482	0.1519	0.240254402668148	0.272794786899113	0.0949587347301569	ERBB3	0.0337847089779346	0.0234145986039834	0.0517256832125995	0.122990368708291	0.231687583625531	0.256851421939486
NOTCH3:Q9UM47:OID20253:v1	0.0145021267975671	0.0288083830648889	0.0433105098624561	0.1969	0.240210509862456	0.0603725740637704	0.11992973613596	NOTCH3	0.0227849983974039	0.0166215036144173	0.0314450279701073	0.129673323224013	0.200373305877605	0.219989880869665
CCL3:P10147:OID20610:v1	0.0877242493331803	0.0125681899250922	0.100292439258272	0.1399	0.240192439258272	0.365224857218976	0.0523255018513632	CCL3	0.0419585994996709	0.018295924256335	0.0375766918426814	0.12337918884103	0.221115841727907	0.240555939310221
FAP:Q12884:OID20330:v1	0.0307871160078611	0.0389295598270123	0.0697166758348735	0.1701	0.239816675834873	0.128377711435962	0.162330495539924	FAP	0.0518949640124465	0.0142919904554614	0.0337855285292325	0.0576626312526514	0.157500263686039	0.1791269400323
FBLN2:P98095:OID30378:v1	0.0703566375074667	0.00838974254129998	0.0787463800487667	0.161	0.239746380048766	0.293462773006856	0.0349942407455471	FBLN2	0.0891309653924578	0.0237324514564761	0.0231869599702496	0.10794865689472	0.243778118265258	0.265244514117102
SLC51B:Q86UW2:OID30107:v1	0	0.0932973288302113	0.0932973288302113	0.1464	0.239697328830211	0	0.389229739378106	SLC51B	0.061142777030909	0.00455340066591933	0.0276250110733566	0.0141608861437321	0.107436038833419	0.115746327154062
SHBG:P04278:OID30685:v1	0.0625099908364172	0.0299313000445382	0.0924412908809555	0.1472	0.239641290880955	0.260848164381946	0.12490042903085	SHBG	0.0632377952498829	0.0141615990865078	0.0406444305040983	0.305069496759245	0.422806837444161	0.438633731440921
CCL21:O00585:OID20686:v1	0.00979085781836576	0.0464024844707026	0.0561933422890684	0.1832	0.239393342289068	0.0408986220115648	0.193833646445653	CCL21	0.0385241742186529	0.015127895499198	0.029364627157991	0.0437215536593419	0.126678303970523	0.146931998893333
POSTN:Q15063:OID30410:v1	0.0811298518068059	0.0530620092562109	0.134191861063016	0.1052	0.239391861063016	0.338899791524029	0.221653355383886	POSTN	0.0679891409293664	0.00286346538443981	0.0639087970878644	0.0239764465604705	0.158332144162256	0.172593978030175
DKK1:O94907:OID21066:v1	0.0156883381985042	0.0682046293822875	0.0838929675807918	0.1552	0.239092967580791	0.0656160587124046	0.285264054699729	DKK1	0.0747185484079837	0.00305656903508979	0.0314384789321447	0.0162800495768166	0.125347043844941	0.136768289238568
VSIG4:Q9Y279:OID21144:v1	0.0888286528884714	0.0145832709465378	0.103411923835009	0.1348	0.238211923835009	0.372897592439562	0.0612197354009806	VSIG4	0.00872418555386129	0.0272345751969711	0.0111574333039103	0.178716037040951	0.22555599205209	0.244214948433023
IL18:Q14116:OID20694:v1	0.0547788198851256	0.061869160253086	0.116647980138211	0.1215	0.238147980138211	0.23002009025369	0.259792924622663	IL18	0.0959889858472834	0.0116760630331956	0.0266795201567743	0.0870916430817605	0.22137374460616	0.235884402144256
LRG1:P02750:OID30751:v1	0.167473736113415	0.00617807206481718	0.173651808178232	0.0644	0.238051808178232	0.703518017338585	0.0259526365798136	LRG1	0.113302184708468	0.00430334682484906	0.0540991429925769	0.0826599999329317	0.254144638463259	0.268538906798976
COMP:P49747:OID20405:v1	0.0284941774233467	0.0380683310437441	0.0665625084670908	0.1714	0.23796250846709	0.119742297250523	0.159976171410248	COMP	0.0495231068946797	0.0196350324207863	0.0261720933180425	0.137669880580318	0.232921232001299	0.247888136229282
APOH:P02749:OID21072:v1	0.21355576911512	0	0.21355576911512	0.0236	0.23715576911512	0.900487345983373	0	APOH	0.178300792953868	0.00126288197995049	0.0183075493409215	0.0189731774358272	0.21663072220791	0.220964449986849
NRP2:O60462:OID21081:v1	0.0401255759741395	0.0279166050677666	0.0680421810419061	0.169	0.237042181041906	0.169276100134455	0.117770621857513	NRP2	0.0584617003780947	0.0195974462470566	0.0208095770010708	0.0734887604321513	0.172148169587676	0.18652966694438
SCARF2:Q96GP6:OID21048:v1	0.0571494305299702	0.0216074539384517	0.0787568844684219	0.1576	0.236356884468421	0.241792959229861	0.091418762719977	SCARF2	0.0503626060433614	0.0118162834466793	0.0249211170742521	0.246306367758598	0.333242597176754	0.349118722919551
NFASC:O94856:OID20634:v1	0.103814233875767	0.0269264871031372	0.130740720978905	0.1055	0.236240720978904	0.439442588244715	0.113979025256791	NFASC	0.119500924390664	0.0191151716924576	0.0288758296561532	0.139213327260975	0.306541742139597	0.321737229683315
C1QL2:Q7Z5L3:OID30515:v1	0.0511411909498938	0.0656526991365032	0.116793890086397	0.1194	0.236193890086397	0.216522074009564	0.277961039180514	C1QL2	0.097795617291878	3.50819611989353e-05	0.0196627752604447	0.0858088986690374	0.203228407400208	0.207474999231123
PKD1:P98161:OID30328:v1	0.072920956297004	0.0447598332656109	0.117680789562615	0.1181	0.235780789562615	0.309274374864364	0.189836641690116	PKD1	0.0734974888997897	0.0118070816048298	0.0473130347475031	0.155398224813672	0.287872224251808	0.305930311287378
PLA2G10:O15496:OID21002:v1	0.034734747085038	0.125030752452557	0.159765499537595	0.076	0.235765499537595	0.147327523124303	0.530318272596198	PLA2G10	0.121942859888115	0.0219487630957772	0.054334166450061	0.111657836981694	0.309409456302401	0.330720434315483
ADGRE5:P48960:OID20260:v1	0.0400394215140709	0.0583415374871049	0.0983809590011759	0.1372	0.235580959001175	0.169960346896589	0.247649630659724	ADGRE5	0.0725549657177741	0.0147248656725537	0.0408567126580259	0.0883650722692516	0.216038394352254	0.235224053097283
THY1:P04216:OID21050:v1	0.103939594363929	0.00343388953237122	0.1073734838963	0.128	0.2353734838963	0.441594323384882	0.0145891095102458	THY1	0.0696466749711776	0.0353075440607705	0.039026656004076	0.131650125407621	0.275581843669393	0.293587778738363
PRND:Q9UKY0:OID31124:v1	0.0656262482249235	0.0464865023694156	0.112112750594339	0.1232	0.235312750594339	0.278889469691585	0.19755199092273	PRND	0.0809511889311238	0.030500046220902	0.0518167032456362	0.00973202262809811	0.172894657186356	0.196784465872751
PDCD1:Q15116:OID21396:v1	0.0394837070822336	0.0331502219440669	0.0726339290263005	0.1623	0.2349339290263	0.168063026255409	0.141104446179656	PDCD1	0.0553588155841048	0.0342622350143454	0.0266528827357066	0.0246678824176152	0.140600679606272	0.160133575691174
DPP6:P42658:OID21354:v1	0.0291239922417855	0.039991004890743	0.0691149971325285	0.1654	0.234514997132528	0.124188186674164	0.170526428500192	DPP6	0.0355049301627614	0.0164732627639487	0.0518925163725137	0.11012719291352	0.213854890343716	0.231542880783804
A1BG:P04217:OID30771:v1	0.0960092520271642	0.0150448618348897	0.111054113862053	0.1234	0.234454113862053	0.409501247155139	0.0641697498374531	A1BG	0.125950583436462	0.022986906472225	0.0313789953591592	0.117817631476885	0.297794135724787	0.309792489518383
CTSO:P43234:OID20660:v1	0.0281243100481439	0.0724637306367411	0.100588040684885	0.1337	0.234288040684885	0.120041594807525	0.309293340048048	CTSO	0.0870795221940477	0.0291204110623908	0.0230910530246247	0.0791723986356667	0.217993199260649	0.236498320676669
DSG2:Q14126:OID21113:v1	0.0382096475216384	0.0533158926688508	0.0915255401904893	0.1424	0.233925540190489	0.163341067805267	0.227918219726819	DSG2	0.0957131373089104	0.0305698757013613	0.0180141692041035	0.0919274434234662	0.236089552394713	0.252562904441773
CEACAM6:P40199:OID30362:v1	0.00704293377887397	0.0787255624125487	0.0857684961914227	0.1479	0.233668496191422	0.0301407074281179	0.336911323929847	CEACAM6	0.0684832706037026	0.00739609154308002	0.0474848475796098	0.0240908484178046	0.147097945446834	0.167474767005878
CLEC11A:Q9Y240:OID21112:v1	0.0663562978821218	0.0220776973305748	0.0884339952126967	0.1452	0.233633995212696	0.284018161919082	0.0944969387287824	CLEC11A	0.0784730725367345	0.00273186842040545	0.0193675432762079	0.0218823865603909	0.122331823685079	0.131067346411594
CEACAM8:P31997:OID20102:v1	0.0135999369047999	0.0555530026049193	0.0691529395097193	0.1644	0.233552939509719	0.0582306389863871	0.237860429937374	CEACAM8	0.0331544843561704	0.00932116486001842	0.0487037307996921	0.090989584355769	0.182009033152535	0.202123222832534
REG1A:P05451:OID20415:v1	0.0846815365676144	0.0608094442586248	0.145490980826239	0.088	0.233490980826239	0.362675835563144	0.260435945077803	REG1A	0.0900385187481302	0.00852451296089273	0.0392485223710927	0.0601778603897231	0.197602171633594	0.217915485075293
TGFBR2:P37173:OID21493:v1	0.00285801349934392	0.0299455822486177	0.0328035957479617	0.2004	0.233203595747961	0.0122554435328379	0.128409607718836	TGFBR2	0.023723703391912	0.0361209787056593	0.0228482264162715	0.171129981906322	0.253580912200169	0.273608491890488
FGFBP1:Q14512:OID21507:v1	0.02384247155625	0.0364884642321582	0.0603309357884083	0.1727	0.233030935788408	0.102314619625863	0.156582061127239	FGFBP1	0.0361585511082061	0.015436719311889	0.0311597577357801	0.12231257932722	0.204904045801439	0.226774250366485
FAM20A:Q96MK3:OID30348:v1	0.0660274486488625	0.0356562558113222	0.101683704460184	0.1313	0.232983704460184	0.283399428306996	0.153041844252311	FAM20A	0.0816117321234573	0.0359138168632751	0.0295176092988433	0.169070821244734	0.315624512761326	0.332361512673822
DDC:P20711:OID20215:v1	0.102548709742681	0.0119140065481326	0.114462716290814	0.1185	0.232962716290814	0.440193655772226	0.0511412587294013	DDC	0.100263035529577	0.0463221944656944	0.0285666985510646	0.0378039655924679	0.212637058666717	0.230659773065151
HRG:P04196:OID30770:v1	0.159605124363788	0.0101643732837552	0.169769497647543	0.0631	0.232869497647543	0.685384414773619	0.0436483669455901	HRG	0.108808122558914	0.00207964891492423	0.0505361969350201	0.0387675838302162	0.200042951590673	0.212990605169115
CA14:Q9ULX7:OID21401:v1	0.0581256755250723	0.00534934618887389	0.0634750217139462	0.1692	0.232675021713946	0.249814849470747	0.0229906336721027	CA14	0.0333140250182433	0.0802365082869576	0.0222824033752069	0.176731138259565	0.312441224423437	0.331784528755934
LAMP3:Q9UQV4:OID20638:v1	0.0439284822536575	0.0217852722284697	0.0657137544821273	0.1665	0.232213754482127	0.189172611035142	0.0938155979479092	LAMP3	0.0644386495527097	0.0286833375512499	0.0272440332468234	0.138573426813841	0.25874623425329	0.274222772209452
GIMAP7:Q8NHV1:OID30639:v1	0.160681742248788	0.00372782045980696	0.164409562708595	0.0678	0.232209562708595	0.691968669914043	0.0160536905385118	GIMAP7	0.0630238792915498	0.00319714117068127	0.0489022735928544	0.0282497964705653	0.143310588944455	0.159472492205781
DSC2:Q02487:OID21079:v1	0.0440308728619017	0.0308282897009756	0.0748591625628773	0.1569	0.231759162562877	0.189985467564657	0.133018644700236	DSC2	0.05423480444823	0.0445281863180865	0.0287216344579913	0.100860821304967	0.228244584323529	0.245388791295323
ANGPT1:Q15389:OID20740:v1	0.0162568027321603	0.0730827464102425	0.0893395491424028	0.1423	0.231639549142402	0.0701814642290046	0.315502023211563	ANGPT1	0.0829730697616856	0.00126800929502416	0.0289229096196864	0.00876632946985543	0.121731844105137	0.132375331676589
GRP:P07492:OID30264:v1	0.0968677514007601	0.0142470395096881	0.111114790910448	0.1204	0.231514790910448	0.418408478438119	0.061538355513532	GRP	0.0854992930472787	0.00480585485020175	0.0343808744991351	0.0224611553258995	0.147050184455811	0.166091697833964
TNFRSF17:Q02223:OID30589:v1	0.0166628709761855	0.0366757943457489	0.0533386653219344	0.1781	0.231438665321934	0.0719969195856156	0.1584687428729	TNFRSF17	0.0550600790886205	0.00920038516650467	0.0284667521100162	0.033159456737619	0.125737601787196	0.139623992287001
PLA2G1B:P04054:OID20252:v1	0.00175934582447141	0.0589679318181718	0.0607272776426433	0.1704	0.231127277642643	0.00761202157709668	0.255131858167537	PLA2G1B	0.0520766069910866	0.0166740924556431	0.0174659451043574	0.0898729147986488	0.176032296782575	0.193266235000784
ANXA2:P07355:OID30263:v1	0.160126672458585	0.0068881139285136	0.167014786387098	0.0639	0.230914786387098	0.693444863206609	0.0298296788884128	ANXA2	0.112907609380658	0.00605598248549867	0.0356755163060008	0.0550189795803441	0.209055584914399	0.229436770782155
IFI30:P13284:OID31505:v1	0.0949914264002698	0.0112689013988489	0.106260327799118	0.1246	0.230860327799118	0.411467086206885	0.0488126370878866	IFI30	0.0769321982967909	0.0337824337731355	0.0307918936371535	0.157497249829353	0.298879582832369	0.319435714327231
MZB1:Q8WU39:OID20732:v1	0.0101170040722431	0.0453445229256125	0.0554615269978557	0.1751	0.230561526997855	0.0438798450200116	0.196669945398281	MZB1	0.0406377175553736	0.0279311901563464	0.0281925985305271	0.0666745662722876	0.163251491931266	0.187818017974149
PTPRS:Q13332:OID20306:v1	0.0878746486571064	0.0146876162359987	0.102562264893105	0.1279	0.230462264893105	0.381297340360102	0.0637311112203608	PTPRS	0.0796955195032061	0.0448538575776085	0.0413156654582916	0.019125458238874	0.184903051257574	0.205005544851282
RBP5:P82980:OID21369:v1	0.0691682183873093	0.00745390132997303	0.0766221197172823	0.1538	0.230422119717282	0.300180462154309	0.0323488966212038	RBP5	0.0509736959192179	0.0296354112798847	0.023960316831705	0.219900396185672	0.324165854352558	0.338710917818932
NME3:Q13232:OID20789:v1	0.0546705008434987	0.0761157605504438	0.130786261393942	0.0996	0.230386261393942	0.237299309918556	0.330383244599346	NME3	0.0640317106519748	0.00431897288348582	0.0358401806777616	0.0116231286859502	0.11565921753061	0.125891369896024
ITGA11:Q9UKX5:OID20581:v1	0.0550764316159615	0.0368897955682348	0.0919662271841964	0.1383	0.230266227184196	0.239185886221622	0.160204976732109	ITGA11	0.0564959294995824	0.0383469601755266	0.0330705594263412	0.0797062937604864	0.207341696465967	0.2278134129037
BMP6:P22004:OID20111:v1	0.01502823737238	0.0806741344944997	0.0957023718668797	0.1345	0.230202371866879	0.0652827216787777	0.35044875446006	BMP6	0.0530072478045703	0.00423488022724415	0.043965361150513	0.0132824241321634	0.114385833742461	0.128359636718235
HSPB1:P04792:OID20230:v1	0.123019549694273	0.0131735472916076	0.136193096985881	0.0939	0.230093096985881	0.534651196866728	0.0572531182559379	HSPB1	0.0989503262776795	0.00257242260732919	0.0517472985718885	0.0274303980695972	0.180424188720185	0.196955595033846
IFNGR1:P15260:OID20678:v1	0.024770083849905	0.0420122106061309	0.0667822944560359	0.1626	0.229382294456035	0.107986032263935	0.183153676728886	IFNGR1	0.042197090100208	0.0190749792351842	0.033101402009217	0.0519087211032101	0.146073175600422	0.170204251469996
HEPH:Q9BQS7:OID30337:v1	0.0302329111983215	0.0735110257244361	0.103743936922757	0.1253	0.229043936922757	0.131996120938653	0.320947267638116	HEPH	0.054152005195146	0.0101852163314221	0.0203592741195886	0.0556193550614293	0.140041613909495	0.15786684738572
COLEC12:Q5KU26:OID20738:v1	0.055663578654815	0.0027363394076425	0.0583999180624575	0.1704	0.228799918062457	0.243284958867948	0.0119595296659832	COLEC12	0.0392067947658723	0.0262227039641547	0.0304030698297094	0.24519936599079	0.340812720657081	0.355809464649803
LAMA4:Q16363:OID20769:v1	0.0169042136355621	0.0601768400900024	0.0770810537255645	0.1516	0.228681053725564	0.0739204816497327	0.26314746722402	LAMA4	0.0484051921330803	0.00585027724265761	0.0416213097379963	0.0289853795388026	0.12480598831592	0.141064577416922
NPTX2:P47972:OID30390:v1	0.0765813961597732	0.0305130874753865	0.107094483635159	0.1209	0.227994483635159	0.335891443243512	0.133832569055547	NPTX2	0.0763094460145626	-0.000563390964775586	0.0402545022594321	0.299911038276756	0.415759263661966	0.425992789049767
ASRGL1:Q7L266:OID30283:v1	0.0757935075238045	0.0461304354346527	0.121923942958457	0.1059	0.227823942958457	0.33268455694152	0.202482824393327	ASRGL1	0.0507961589592241	0.000446139930332621	0.0745412693507594	0.0313661734405528	0.156829604779759	0.176357596018652
PDGFRA:P16234:OID20133:v1	0.0515017746583063	0.0581131951474273	0.109614969805733	0.1178	0.227414969805733	0.22646607082331	0.255538125731431	PDGFRA	0.0460348583314746	0.00537234085458578	0.0645835448887814	0.0480377024755211	0.163833963091505	0.182551706448231
CTSD:P07339:OID20358:v1	0.0791932561329766	0.0222696973887436	0.10146295352172	0.1259	0.22736295352172	0.348312048670722	0.0979477836815495	CTSD	0.0574554828398095	0.0397282074429734	0.0324184525656088	0.143709445301248	0.273205028559266	0.293420132928144
TGFBR3:Q03167:OID20255:v1	0.0167798571376423	0.0471622240110878	0.0639420811487301	0.1634	0.22734208114873	0.0738088481149458	0.207450480671168	TGFBR3	0.0383614044508222	0.00747066540149496	0.031654487022886	0.030470784575116	0.107796335153689	0.12798732321352
SELP:P16109:OID20379:v1	0.0543613003166592	0.0389882600348885	0.0933495603515477	0.1338	0.227149560351547	0.239319416830598	0.171641362521452	SELP	0.0551420431365165	0.00595843446799279	0.0426340783284467	0.0212346092203943	0.124818528882777	0.143896809262508
DLL1:O00548:OID21525:v1	0.0301266894861143	0.0327206301385309	0.0628473196246453	0.1643	0.227147319624645	0.132630618472178	0.144050258627752	DLL1	0.0473623466355817	0.0364163334732496	0.025701765053385	0.0956401533099434	0.204800634969381	0.226066728033777
NAGPA:Q9UK23:OID30643:v1	0.0938942026960801	0.0212035653511848	0.115097768047265	0.1117	0.226797768047265	0.41399967691266	0.0934910671024153	NAGPA	0.0908594814337892	0.00748957214369016	0.0407978451525129	0.0561423655748295	0.195032616069111	0.221315169022621
CX3CL1:P78423:OID20976:v1	0.0424299252146018	0.0222430512814805	0.0646729764960823	0.1621	0.226772976496082	0.187103092573884	0.0980851053117644	CX3CL1	0.0425669448531465	0.00667180277444179	0.0377628832387024	0.0354932297106091	0.121467275114781	0.140358565708258
CSPG4:Q6UVK1:OID30397:v1	0.0201711431795844	0.0261112368189671	0.0462823799985515	0.18	0.226282379998551	0.0891414664266549	0.115392267038795	CSPG4	0.0225015287482413	0.0172289530048723	0.042738217405628	0.108743286200982	0.191059071039178	0.21001971238092
AMBP:P02760:OID21413:v1	0.0315068249120869	0.0285215942150397	0.0600284191271267	0.1661	0.226128419127126	0.139331557854186	0.12613007389843	AMBP	0.0128469708769402	0.0223553986656188	0.0377288856332294	0.171444765488829	0.244261843571425	0.260394202150408
REG3A:Q06141:OID20258:v1	0.0493266706015818	0.0343657247791443	0.0836923953807262	0.1423	0.225992395380726	0.218266948843486	0.152065845938085	REG3A	0.0614706858533206	0.016062949115304	0.0404028441581508	0.0795637068252088	0.197439208305427	0.215722646320802
CPA2:P48052:OID21060:v1	0.104700754199308	0.0175817379473073	0.122282492146615	0.1037	0.225982492146615	0.463313565598609	0.0778013277944579	CPA2	0.109966933929897	0.0103774038888703	0.0260031611366744	0.0213864063479103	0.167468417855732	0.187152157416436
IL32:P24001:OID20605:v1	0.0636871974684953	0.0226826923901944	0.0863698898586897	0.1395	0.225869889858689	0.28196408785757	0.100423710324493	IL32	0.0527335603100191	0.00646714674423232	0.0238115646801922	0.0724130360304991	0.155253484149507	0.164578902445568
SERPINI1:Q99574:OID30604:v1	0.122746968791305	0.0219631023541177	0.144710071145423	0.0811	0.225810071145423	0.543585005614102	0.0972636084950051	SERPINI1	0.108963287594797	0.00138923473085697	0.0188046185294222	0.0525541579575038	0.181194497909874	0.189434915791411
LTBP2:Q14767:OID20254:v1	0.0159555722790487	0.0265947699647033	0.042550342243752	0.1831	0.225650342243752	0.0707092757777126	0.117858318761046	LTBP2	0.0304721910869095	0.0121272187280088	0.0267722514344784	0.300306492970251	0.36955004095956	0.384847706302603
PER3:P56645:OID30511:v1	0.134982858855722	0.0125479930046193	0.147530851860342	0.078	0.225530851860342	0.598511723528227	0.0556375897182777	PER3	0.126187638173146	0.00237567123989758	0.0320380002234054	0.0282301189280602	0.188617290415231	0.205235289007385
CFH:P08603:OID30790:v1	0.0763579906206375	0.0029190098665251	0.0792770004871626	0.1455	0.224777000487162	0.339705532394976	0.0129862479710944	CFH	0.0306836611827527	0.0540635397613124	0.0459954919659281	0.230688943573535	0.361196204041327	0.379853638879272
TNFRSF4:P43489:OID20653:v1	0.0124167245204703	0.0235741804449346	0.0359909049654049	0.1886	0.224590904965404	0.0552859632601014	0.104964982658429	TNFRSF4	0.0189662128514839	0.0452311497244322	0.0247687342922082	0.0799726579368876	0.168817668595699	0.190835702407217
SORT1:Q99523:OID20213:v1	0.02023018276665	0.0564364492323679	0.076666631999018	0.1479	0.224566631999018	0.0900854351626849	0.251312711643708	SORT1	0.0505492567724475	0.0101125260672511	0.0400280944741958	0.0369710838604444	0.137341130526502	0.159071969798875
LAG3:P18627:OID21315:v1	0.0227175953162155	0.0456610947511585	0.0683786900673741	0.1559	0.224278690067374	0.101291813811606	0.203590874984341	LAG3	0.023879222064862	0.0161917085160249	0.0498328488158525	0.0687042622035734	0.158362928194662	0.175697223430681
IL18BP:O95998:OID20348:v1	0.00733260519647151	0.0345414982505395	0.041874103447011	0.1823	0.224174103447011	0.0327094213101414	0.154083356281624	IL18BP	0.027255032371883	0.0267343370586581	0.0222671881163879	0.108597772559538	0.184491976225023	0.204827020141001
CD74:P04233:OID21040:v1	0.00167484904853315	0.0711722974103923	0.0728471464589254	0.1512	0.224047146458925	0.00747543128758484	0.317666609618883	CD74	0.062387940696439	0.0237394319490528	0.018696185094631	0.140845023152882	0.24554206240858	0.265655370803795
TMEM132A:Q24JP5:OID30287:v1	0.223710432280533	0	0.223710432280533	0	0.223710432280533	0	0	TMEM132A	0.1919733686282	0.000759788631231544	0.0118454116788102	0.00610671467433634	0.210050480783946	0.216472779978451
BTC:P35070:OID21199:v1	0.141143240142196	0.00575139041209682	0.146894630554293	0.0768	0.223694630554293	0.630963916265927	0.025710900605193	BTC	0.0926844122658491	0.00111953291564148	0.0380227862217704	0.0148527646010099	0.146513027519285	0.160732345958252
ARSB:P15848:OID21331:v1	0.0794436405658828	0.0258869146519731	0.105330555217856	0.1182	0.223530555217856	0.355403942375824	0.115809288921344	ARSB	0.0872131492304536	0.00965523903243914	0.0319228723457784	0.0241847281551166	0.152313503080413	0.169744152275271
PSPN:O60542:OID20511:v1	0	0.0227531258933419	0.0227531258933419	0.2007	0.223453125893342	0	0.101825050790305	PSPN	0.0192686706964596	0.00707438713283271	0.018640275803178	0.511070288791161	0.555861033014763	0.562423677972889
DCBLD2:Q96PD2:OID21474:v1	0.0683139632412528	0.0579137911419449	0.126227754383197	0.0972	0.223427754383197	0.305754150507588	0.259205895444027	DCBLD2	0.0831246358796665	0.0109519407208623	0.0398270227971666	0.159902897730427	0.293587743145185	0.310648089047641
LAYN:Q6UX15:OID20970:v1	0.0852896857126007	0.00711990968901704	0.0924095954016177	0.131	0.223409595401617	0.381763753518633	0.0318693101619819	LAYN	0.0546817397597805	0.0161190904210992	0.0348240462208648	0.136434850817693	0.241995634413317	0.263848920156049
CD302:Q8IX05:OID21328:v1	0.049118637669692	0.0397836230288836	0.0889022606985756	0.1344	0.223302260698575	0.219964802488026	0.178160413174614	CD302	0.0442828783978066	0.025352471978194	0.0548470516868943	0.148158521028779	0.272359257103988	0.294409431960255
ITIH3:Q06033:OID20352:v1	0.0817504778706071	0.0294119413206873	0.111162419191294	0.1121	0.223262419191294	0.366163182172464	0.131737089597182	ITIH3	0.0707477274352668	0.0221492709309894	0.0421084678038108	0.1472222114994	0.282121093782495	0.300753581520022
CD38:P28907:OID21316:v1	0.081964927447885	0.00188478585022977	0.0838497132981148	0.1392	0.223049713298114	0.36747380768132	0.00845007071455269	CD38	0.0490950359537587	0.0119103320696524	0.0342724783646654	0.377906703561788	0.47309848740604	0.486969087835602
SIGLEC7:Q9Y286:OID20190:v1	0.0950635109506639	0.0305310279458658	0.125594538896529	0.0973	0.222894538896529	0.426495469208393	0.136975217504268	SIGLEC7	0.0658377529704259	0.0163624927123048	0.0568965219547079	0.128868417070221	0.26787928773711	0.2839044432463
MTHFSD:Q2M296:OID31305:v1	0.13747201049046	0.00301761795717966	0.14048962844764	0.0822	0.22268962844764	0.617325608959752	0.0135507790740653	MTHFSD	0.127833796238245	0.00330402457641873	0.0144169827165659	0.0275668717260674	0.17283346923933	0.192790093639474
SCARA5:Q6ZMJ2:OID21058:v1	0.0719998337314573	0.0124941222188695	0.0844939559503268	0.1381	0.222593955950326	0.323458170389516	0.0561296561963148	SCARA5	0.0415408763225686	0.00561221102992488	0.0402022288175421	0.192020917632249	0.279240539967354	0.296128592150427
MEGF9:Q9H1U4:OID20285:v1	0.0552274520939704	0.0366474158742823	0.0918748679682528	0.1307	0.222574867968252	0.248129775828274	0.164652084077657	MEGF9	0.0397488631529735	0.0238516389507577	0.051613223534341	0.0971184323485782	0.212261992975573	0.23257207003224
TNFRSF8:P28908:OID21049:v1	0.0437312460993165	0.0281200001665824	0.0718512462658989	0.1503	0.222151246265899	0.196853480835184	0.126580429501281	TNFRSF8	0.0416533991190157	0.0204795321016706	0.0344482168891664	0.0246041130419424	0.121066100186195	0.135239558767162
HS3ST3B1:Q9Y662:OID21303:v1	0.119049774373589	0.0345670146979568	0.153616789071546	0.0682	0.221816789071546	0.536703172342785	0.155835880785414	HS3ST3B1	0.0943741907668737	0.00282074541232667	0.0510241298737759	0.0130960146456546	0.161112761102477	0.174814134229389
PDGFB:P01127:OID20741:v1	0	0.0807991075747268	0.0807991075747268	0.141	0.221799107574726	0	0.364289597276691	PDGFB	0.0790011272944138	0.00400964295301419	0.0228258815715777	0.0117472342702087	0.117438904442211	0.129439124157193
SMOC1:Q9H4F8:OID21461:v1	0.0874295235502539	0.0353245666171952	0.122754090167449	0.0986	0.221354090167449	0.39497586642341	0.159583979634047	SMOC1	0.0854830343116851	0.0315162229806001	0.0326342298097432	0.198933439504243	0.348506390688069	0.36654053462919
CD28:P10747:OID21265:v1	0.0231126551929091	0.0731870669803131	0.0962997221732223	0.125	0.221299722173222	0.104440507045994	0.330714680803015	CD28	0.072826475347545	0.0108870321802238	0.0250970119903246	0.0434325769054843	0.151729830533544	0.166695694449648
LGALS8:O00214:OID21041:v1	0.0384785485089903	0.0888091449456922	0.127287693454682	0.0937	0.220987693454682	0.174120775267881	0.401873713225139	LGALS8	0.0883010804448422	0.00205194716911599	0.0411508643707703	0.0195062475734166	0.150651902403544	0.167562377326335
IL6ST:P40189:OID20147:v1	0.0245666127209737	0.0784063367986323	0.102972949519606	0.1179	0.220872949519606	0.111225085617798	0.354983880865286	IL6ST	0.0665829197485483	0.00706942698118529	0.030199666424604	0.0491025572524351	0.152880753848292	0.171640047050331
ANGPTL1:O95841:OID20211:v1	0.0922239377608671	0.0107172118615906	0.102941149622457	0.1177	0.220641149622457	0.41798158647502	0.048573042154326	ANGPTL1	0.0711507524164721	0.00711042959609732	0.0482109287598174	0.0523337838848855	0.178669093529347	0.197314544336407
MAN1A2:O60476:OID30262:v1	0.0384681805069414	0.0742861853764156	0.112754365883357	0.1076	0.220354365883357	0.174574169895523	0.337121459239607	MAN1A2	0.0854157849847221	0.00937437195516035	0.0437558273985096	0.108039996758517	0.246450061121009	0.266315276192064
DKK4:Q9UBT3:OID20934:v1	0.0314511784534958	0.0534830215400746	0.0849341999935704	0.1354	0.22033419999357	0.142743062377123	0.242735905463769	DKK4	0.0498316557225455	0.0117661426929215	0.0296608266494222	0.0555465921870187	0.146697879314069	0.170052808430814
CD7:P09564:OID30543:v1	0.111798098106156	0.0209513027146752	0.132749400820831	0.0875	0.220249400820831	0.507597740059697	0.0951253562397596	CD7	0.0980773637523546	0.00482663049520513	0.0233675589261976	0.0269239359330061	0.152842510111478	0.16409395420329
PDGFA:P04085:OID20313:v1	0.00307398938760749	0.0746632544581471	0.0777372438457546	0.1423	0.220037243845754	0.0139703139972174	0.339320985634985	PDGFA	0.0788372094600313	0.00314782177694356	0.0203349599459811	0.010589946295381	0.112774870263611	0.121187377929661
LCN2:P80188:OID20392:v1	0.00262564489709223	0.0522576523558833	0.0548832972529755	0.165	0.219883297252975	0.0119410838835631	0.237660854684023	LCN2	0.0574806340250763	0.0180602501062219	0.00702415694081393	0.0880836606082899	0.170425413783627	0.193639845947556
ANGPT2:O15123:OID21463:v1	0.0240826461169543	0.0322553018889624	0.0563379480059167	0.1635	0.219837948005916	0.109547265771904	0.146723084806515	ANGPT2	0.0464221744663996	0.0220197229794902	0.0197063896453605	0.0568112334920334	0.144831458744422	0.164950226253062
MGMT:P16455:OID20588:v1	0.137925175690277	0.00452151860646116	0.142446694296738	0.0772	0.219646694296738	0.627941049292292	0.0205854161426744	MGMT	0.105516685606629	0.000712490882675407	0.0478715164199885	0.0158244926009375	0.169537571545259	0.185060951382457
BRSK2:Q8IWQ3:OID31042:v1	0.163024062649503	0	0.163024062649503	0.0566	0.219624062649503	0.742286890984584	0	BRSK2	0.148115777268932	-0.000358810257462663	0.0343586366011624	0.00678584698809135	0.188811919038838	0.201447730103549
SEZ6L:Q9BYH1:OID21488:v1	0.0340775084649177	0.0173654741165996	0.0514429825815174	0.168	0.219442982581517	0.15529094648656	0.079134333266496	SEZ6L	0.0172367740105135	0.0212534740875041	0.0500983397084238	0.142711011050939	0.230908506906997	0.250049223659264
B4GAT1:O43505:OID21127:v1	0.0433303735583673	0.0404010898007664	0.0837314633591337	0.1357	0.219431463359133	0.197466547846196	0.184117123325399	B4GAT1	0.0843098945433788	0.0100572101184743	0.0160607469025681	0.107759744760004	0.217993936706694	0.23592043153511
CD40:P25942:OID20724:v1	0.0757846357572151	0.0170901046768496	0.0928747404340647	0.1264	0.219274740434064	0.345614983318168	0.0779392311354193	CD40	0.0725714226958764	0.00696793139470977	0.0153672044093253	0.0302266481996192	0.124838420446614	0.142565046533835
PRSS2:P07478:OID20364:v1	0.0202905610796066	0.0415014023076267	0.0617919633872333	0.1572	0.218991963387233	0.0926543639582233	0.189511074587891	PRSS2	0.0453311525102764	0.0229900662628658	0.0261123059855217	0.0258370155755188	0.120000325198775	0.141615492667809
TFPI:P10646:OID20388:v1	0.0683473975786445	0.0395287979698043	0.107876195548448	0.1111	0.218976195548448	0.312122499924986	0.180516415817711	TFPI	0.0555562483875333	0.0114525688801448	0.0484745569813371	0.124590063706077	0.240049608947921	0.259064446845687
PIK3IP1:Q96FE7:OID21094:v1	0.0551514565920347	0.00170878277999395	0.0568602393720286	0.1617	0.218560239372028	0.2523398434706	0.00781836067211335	PIK3IP1	0.0220931186451507	0.0216914007880151	0.0380022695606415	0.155819035294257	0.237541748385196	0.26043870571845
CEACAM1:P13688:OID21528:v1	0.0683715394041562	0.0277270665585314	0.0960986059626876	0.1224	0.218498605962687	0.312915220227225	0.126898139401705	CEACAM1	0.0726453246839343	0.0103265237385001	0.0928875099669659	0.0869065379952518	0.262518555721329	0.287835301477709
BCL2L11:O43521-2:OID20513:v1	0	0.112868953144069	0.112868953144069	0.1056	0.218468953144069	0	0.516636123896461	BCL2L11	0.0837662844831646	0.000590319311912959	0.032736639263539	0.0273391307627342	0.144061824957964	0.161512352237754
CHAD:O15335:OID30660:v1	0.0344646796887584	0.0323379337013754	0.0668026133901339	0.1516	0.218402613390133	0.1578034216431	0.148065690237918	CHAD	0.0758307473699547	0.0118085464758355	0.0045396382727638	0.11141375485256	0.203458333536667	0.22669873552768
CHRDL1:Q9BU40:OID20771:v1	0.0805145546805273	0.00864886947483167	0.089163424155359	0.1292	0.218363424155359	0.368718135795689	0.0396076838796879	CHRDL1	0.00301849093130789	0.0233596815049958	0.0109257422451926	0.230498102073932	0.267423619897435	0.282498854025246
TNFSF13B:Q9Y275:OID20272:v1	0.0423651332196199	0.0708174626140082	0.113182595833628	0.1047	0.217882595833628	0.194440189486127	0.325025788971613	TNFSF13B	0.0907334353682195	0.0205885797695968	0.0323179562981626	0.089901775711523	0.232983590674398	0.250234520944687
MXRA8:Q9BRK3:OID30583:v1	0.00604915001651132	0.0356836712272952	0.0417328212438066	0.176	0.217732821243806	0.0277824444746333	0.163887424153377	MXRA8	0.0435047139708542	0.0426457189872948	0.0113884293990519	0.209736356108494	0.30713950480057	0.323342625731509
KIAA0319:Q5VV43:OID31094:v1	0.0987985300116544	0	0.0987985300116544	0.1182	0.216998530011654	0.455295849268417	0	KIAA0319	0.0699076887235115	0.00658085384513898	0.0125124590329732	0.073791747630018	0.162561508265798	0.178677910265718
CD274:Q9NZQ7:OID20966:v1	0.104234424670215	0.0119959621070981	0.116230386777313	0.0998	0.216030386777313	0.482498903164309	0.0555290498066077	CD274	0.0638098226659152	0.0111272640726058	0.0395154615302286	0.0566677662629017	0.170965446442071	0.18978428022554
CTSL:P07711:OID20228:v1	0.0143327079307107	0.0614792492194711	0.0758119571501819	0.1402	0.216011957150181	0.0663514562795521	0.284610398565704	CTSL	0.0528637512945501	0.0192960210871101	0.0377092446220611	0.0888641544147079	0.198204732526862	0.216875696969745
TF:P02787:OID30783:v1	0.0696282412526031	0.0415545999070534	0.111182841159656	0.1047	0.215882841159656	0.322527908557166	0.192486812216454	TF	0.0938188299407313	0.00834002083853755	0.0207686482687318	0.0238475859570331	0.146725056686938	0.163970437924917
SPOCK1:Q08629:OID20924:v1	0.0185340861228568	0.0338119415264806	0.0523460276493374	0.1632	0.215546027649337	0.0859866745167261	0.156866456298085	SPOCK1	0.0352197521119337	0.00338527935765328	0.0261016202497459	0.0674248726277856	0.131959037255056	0.154792790799805
GLB1:P16278:OID20949:v1	0.0314681485792582	0.0727237548869092	0.104191903466167	0.1113	0.215491903466167	0.146029377777521	0.337477899248901	GLB1	0.0682695792195496	0.0092342882331272	0.025440947478204	0.0742589808693666	0.176924269107018	0.191229825169495
NUCB2:P80303:OID21448:v1	0.104113011282591	0.00737086892084867	0.111483880203439	0.1039	0.215383880203439	0.483383488050506	0.0342220082296156	NUCB2	0.0808173259053292	0.0105086465117286	0.0315493645722682	0.0457026467027678	0.168560738903985	0.186013535136366
ENPP2:Q13822:OID20288:v1	0.0603184684619828	0.0146563901649581	0.0749748586269409	0.1403	0.21527485862694	0.280192814185103	0.0680822194400174	ENPP2	0.0545456923153439	-4.26690574975392e-05	0.0187768964755905	0.364311304389878	0.437402747041388	0.446045290714404
SERPINE1:P05121:OID20342:v1	0.00915436873928239	0.0663099449159264	0.0754643136552088	0.1398	0.215264313655208	0.0425261790207597	0.308039655017485	SERPINE1	0.0542811283969117	0.00932763116513096	0.0396436070292951	0.0388182984709259	0.141940971858415	0.157308592497586
GOLM2:Q6P4E1:OID21044:v1	0.00223131730378722	0.0788267039917421	0.0810580212955294	0.1337	0.214758021295529	0.0103899136820444	0.36704893962153	GOLM2	0.0785605034400206	0.0165268790805354	0.0195199168844056	0.0919945029673281	0.206338144956112	0.218998400398943
INHBB:P09529:OID30625:v1	0.0717359963744421	0.0128918452161669	0.0846278415906091	0.1301	0.214727841590609	0.334078691626821	0.0600380701480993	INHBB	0.0553876293374826	0.037358092479159	0.0363211597118001	0.117826912661887	0.246816854749612	0.26602315589651
APOM:O95445:OID20374:v1	0.0413531151012315	0.0261656291118521	0.0675187442130837	0.1471	0.214618744213083	0.192681749456954	0.121916793464571	APOM	0.0431220935157907	0.0635634182158315	0.0455380669867302	0.100829223588661	0.252801891923331	0.278651497533532
EGFL7:Q9UHF1:OID21252:v1	0.0352515507233647	0.058750993903864	0.0940025446272288	0.1206	0.214602544627228	0.164264365012995	0.273766529683589	EGFL7	0.0624211923798416	0.00837662243306099	0.0410181244385491	0.0794491198765601	0.190857016265706	0.210551552535066
ORM1:P02763:OID30768:v1	0.127523817247189	0.00395375484930601	0.131477572096495	0.0829	0.214377572096495	0.594856150296303	0.0184429500280297	ORM1	0.0802231318753105	0.020037206255096	0.0597775758911266	0.0806912620347568	0.240485240099281	0.257285021181827
VWA1:Q6PCB0:OID21421:v1	0.0904933084217497	0.018537225944722	0.109030534366471	0.1051	0.214130534366471	0.422608147359665	0.0865697458775153	VWA1	0.0728089769394518	0.0573798817339616	0.0387608814550101	0.0773429077189934	0.245934935352223	0.264406105142869
ESAM:Q96AP7:OID20270:v1	0.0384950684811553	0.0253452113124011	0.0638402797935565	0.1501	0.213940279793556	0.179933711025812	0.118468627492019	ESAM	0.0210454821819955	0.00908010441373393	0.0254722467518682	0.0633491503189873	0.118563845128369	0.143039244114414
GUCA2A:Q02747:OID21101:v1	0.0539878399407828	0.0166282157570076	0.0706160556977905	0.1433	0.21391605569779	0.252378624711807	0.0777324343549937	GUCA2A	0.0212078234948893	0.0202909636189274	0.0459355427413152	0.0761701312547251	0.163495952463297	0.187636616703315
LPL:P06858:OID20188:v1	0.109094176698536	0.00972042890055491	0.118814605599091	0.0951	0.213914605599091	0.509989378205411	0.0454406975780442	LPL	0.107656034649431	0.0217317892235491	0.0389509299095926	0.257599104492873	0.425891213820656	0.440399449023509
GZMA:P12544:OID20663:v1	0.00343543762654492	0.0767096009507131	0.080145038577258	0.1336	0.213745038577258	0.0160725958806439	0.358883656253787	GZMA	0.0801005845124838	0.00632149434861069	0.0175945948698842	0.051065264757616	0.154907428193026	0.168403740406571
OMD:Q99983:OID20725:v1	0.00446411228724477	0.0353482703256111	0.0398123826128559	0.1738	0.213612382612855	0.0208981906041251	0.165478563991654	OMD	0.0338786220472273	0.0258002048279065	0.0378799783997841	0.113458717726063	0.210851500379678	0.22745518898152
CLEC14A:Q86T13:OID21090:v1	0.00532020325827889	0.0679107745109083	0.0732309777691872	0.1403	0.213530977769187	0.0249153697222783	0.318037107404225	CLEC14A	0.0526502388957271	0.016052308737509	0.0199839659896207	0.0951821741542985	0.183593851457433	0.202904992116189
TG:P01266:OID31359:v1	0.00658138834765789	0.0623770585396925	0.0689584468873504	0.1445	0.21345844688735	0.0308321757401857	0.292221083069207	TG	0.0561630462894526	0.00756484274193493	0.0312072228973523	0.0361410279331958	0.131021298391219	0.145401105798493
F10:P00742:OID30684:v1	0.0475333589913569	0.050622465451685	0.0981558244430419	0.115	0.213155824443041	0.222998171012016	0.237490416149581	F10	0.0344754106932672	0.00984451011026924	0.042592016740717	0.0421820756009487	0.128509560138471	0.148498172156904
TP53I3:Q53FA7:OID30632:v1	0.113926503640151	0.00648209981915565	0.120408603459307	0.0923	0.212708603459307	0.535598945164184	0.0304740838580876	TP53I3	0.0700671398276409	0.00629582888155055	0.046710902257004	0.0507224404927591	0.173463434861998	0.195018425984538
THBD:P07204:OID20231:v1	0.0282468396646455	0.0439708879819124	0.072217727646558	0.1401	0.212317727646557	0.133040420024029	0.207099465830333	THBD	0.0437533484512518	0.0163487098448836	0.0362616475673323	0.11077602773188	0.206835848201688	0.227923976130214
ERBB2:P04626:OID21520:v1	0.0408488244831054	0.0233762321938973	0.0642250566770028	0.1479	0.212125056677002	0.192569539511331	0.110200240179507	ERBB2	0.0531834761221743	0.0256686695417535	0.0242437764238827	0.195194822290612	0.29815931995303	0.318039292505048
IGSF9:Q9P2J2:OID30330:v1	0.0523372821649612	0.0166333567699142	0.0689706389348754	0.1431	0.212070638934875	0.246791740845527	0.0784330959413109	IGSF9	0.0379407238977358	0.0585901817525881	0.0369332406036213	0.250739999278052	0.384148648968585	0.404641737262321
CLEC5A:Q9NY25:OID20165:v1	0.0515121919715909	0.0365815925211035	0.0880937844926944	0.1237	0.211793784492694	0.243218619918318	0.172722691597049	CLEC5A	0.0657527067648403	0.00363532839964244	0.0408245359456666	0.0997597974152361	0.209900038344975	0.229845713909148
C2:P06681:OID20410:v1	0.11424453726123	0.0116758041506416	0.125920341411872	0.0858	0.211720341411872	0.539601138461154	0.0551472951194993	C2	0.0993483679032773	0.00665445595603762	0.115115751905082	0.0519710773384913	0.272957147776776	0.299827618822963
TFPI2:P48307:OID21512:v1	0.0279507207490762	0.0348582474701176	0.0628089682191938	0.1489	0.211708968219193	0.132024264178253	0.164651728093195	TFPI2	0.0363775516845973	0.00515317525804907	0.0307158744854543	0.0922050685199439	0.164187571683228	0.176886892309241
TNFSF14:O43557:OID20953:v1	0.0696167958044489	0.00936227667205322	0.0789790724765021	0.1326	0.211579072476502	0.32903441247565	0.0442495401953942	TNFSF14	0.0571282775876937	0.00694704689189298	0.0271470479711807	0.0324358132923496	0.12321197019839	0.138558706395718
SPINT2:O43291:OID20720:v1	0.0206986122489315	0.0630568327432846	0.0837554449922161	0.1275	0.211255444992216	0.0979790710232069	0.298486189293762	SPINT2	0.0664232066297417	0.00546896272055921	0.0308636310046281	0.0391459321403242	0.141678285403434	0.161151801351404
CST3:P01034:OID20400:v1	0.0498309597141211	0.00652038922118447	0.0563513489353056	0.1549	0.211251348935305	0.2358846935902	0.0308655507008445	CST3	0.0269813703642094	0.0287208294411247	0.0226140634021556	0.234122083719289	0.312251658393951	0.329745936641454
ADGRF5:Q8IZF2:OID30349:v1	0	0.0751865483190132	0.0751865483190132	0.136	0.211186548319013	0	0.356019589871975	ADGRF5	0.0738295952619436	0.00599677676699753	0.021106595350284	0.0548045229800854	0.155200822277242	0.166104734976939
DPP10:Q8N608:OID20527:v1	0.0710125754133272	0.0178600582567432	0.0888726336700705	0.1223	0.21117263367007	0.336277358382881	0.0845756286993476	DPP10	0.0572550472917272	0.0119634176161806	0.0321881440861758	0.0598106726836624	0.161066130064609	0.178575274178561
COL5A1:P20908:OID30587:v1	0.052925536815402	0.0278636317020235	0.0807891685174256	0.13	0.210789168517425	0.251082810315401	0.13218720818532	COL5A1	0.0644385002102526	0.00691557736067108	0.0289158156541526	0.0273279501009171	0.12695490231122	0.144763087161209
CD248:Q9HCU0:OID30394:v1	0.00980936782422514	0.041058061781997	0.0508674296062221	0.1594	0.210267429606222	0.0466518654011019	0.195265913788399	CD248	0.0285333657319976	0.0129246925325939	0.0370698253328704	0.0923898982841306	0.170798582491436	0.190953866847863
RELT:Q969Z4:OID21142:v1	0.0661759336245031	0.00424394698025032	0.0704198806047534	0.1398	0.210219880604753	0.314793888352188	0.0201881333394419	RELT	0.0406942056649013	0.0298911927504391	0.0295303684357831	0.252018591291834	0.351920264584324	0.370990852889394
BOC:Q9BWV1:OID20116:v1	0.0450808774492626	0.0179896200424056	0.0630704974916682	0.1469	0.209970497491668	0.214701007940658	0.0856768939318225	BOC	0.0321059230998718	0.0191873347911093	0.0323781263870401	0.059437632697138	0.142984484391507	0.162932177561089
CDH15:P55291:OID21005:v1	0.0901902734800495	0.00507278829274682	0.0952630617727963	0.1147	0.209963061772796	0.429553049562811	0.0241603844500807	CDH15	0.0582582637192445	0.00410504971866798	0.0716002948901084	0.27225778442459	0.406057976197712	0.4212806493971
PCSK9:Q8NBP7:OID20235:v1	0.0663810416009455	0.0199212079824513	0.0863022495833969	0.1233	0.209602249583396	0.316700043691724	0.0950429111426357	PCSK9	0.0332411962646386	0.0134402035850348	0.0535367350534954	0.148707358491695	0.248731107222057	0.269523842452702
NPL:Q9BXD5:OID30329:v1	0.0756699178426009	0.0152241612710479	0.0908940791136488	0.1187	0.209594079113648	0.361030798973907	0.0726364090790602	NPL	0.0607021684645446	0.0160355921141255	0.0192767881555256	0.258753721443969	0.354412102802584	0.376145771314098
SOD2:P04179:OID21114:v1	0.0174657954075239	0.0278265957494467	0.0452923911569707	0.1643	0.20959239115697	0.083332201665867	0.132765295514027	SOD2	0.0373294771266864	0.00528876874119489	0.0216333175834615	0.0645965705736498	0.128755708360334	0.142286214533575
SERPINF1:P36955:OID30757:v1	0.0799178309490809	0.00208859664215696	0.0820064275912379	0.1273	0.209306427591237	0.381822153618499	0.00997865505705281	SERPINF1	0.0508142467729023	0.0277195483326549	0.0334421301618989	0.239102970633501	0.350906558798093	0.364855566545845
ASGR1:P07306:OID20990:v1	0.018213553726112	0.0229540102912834	0.0411675640173954	0.1674	0.208567564017395	0.0873268756430073	0.110055513183099	ASGR1	0.0195693509820041	0.0509096123838077	0.0264412821814869	0.188372966036785	0.285277802364589	0.30439063469086
BSG:P35613:OID20626:v1	0.0137669673164891	0.0196532415075484	0.0334202088240376	0.175	0.208420208824037	0.0660538984878965	0.0942962374830986	BSG	0.006674117431473	0.0120202340802501	0.0299580157506654	0.107872508972986	0.156363856640331	0.180975369260629
THPO:P40225:OID20098:v1	0.00520765468148856	0.059745814907147	0.0649534695886356	0.1432	0.208153469588635	0.0250183419559626	0.287027715777306	THPO	0.0624523478243635	0.00277021423621291	0.020205469796704	0.0176307553334505	0.102981271434462	0.118560558632637
SDC1:P18827:OID20169:v1	0.0138551744883151	0.0498210555641802	0.0636762300524954	0.1444	0.208076230052495	0.0665870122926563	0.239436554341699	SDC1	0.0518444538897394	0.0167172457386245	0.01678523627599	0.0671163993950643	0.152101705561656	0.170083436126489
CCN3:P48745:OID20299:v1	0.073677378979141	0.0027672651282026	0.0764446441073436	0.1316	0.208044644107343	0.354142156820562	0.0133013043429985	CCN3	0.0295511235107117	0.020130078828551	0.040888995597515	0.185477889007424	0.275648807928542	0.293495351760258
KLRF1:Q9NZS2:OID30464:v1	0.0579714963780735	0.0497118769943272	0.1076833733724	0.1003	0.2079833733724	0.27873139779435	0.239018514741159	KLRF1	0.0521408236266866	0.00377495786966615	0.0207157126275358	0.0561293167220161	0.132658864522034	0.145314800020004
FOLR1:P15328:OID21529:v1	0.0113447857893056	0.0274578571384116	0.0388026429277172	0.169	0.207802642927717	0.0545940399480473	0.132134301814258	FOLR1	0.0169112179650457	0.0503246426309404	0.0216979694877135	0.122711003854667	0.211565549869343	0.233074214514894
PALM:O75781:OID31515:v1	0.0278843318590347	0.0126281706329001	0.0405125024919348	0.1664	0.206912502491934	0.134763880979698	0.0610314528161116	PALM	0.025050392654037	0.00731446634101562	0.0221580743995699	0.174510074786799	0.228928650827785	0.243380569516298
TNFRSF1A:P19438:OID21155:v1	0.00411680954678321	0.0171049128411403	0.0212217223879235	0.1853	0.206521722387923	0.0199340267899293	0.0828237952083852	TNFRSF1A	0.0125108345027614	0.0414927131606571	0.0128737094873812	0.193231021669112	0.259943161987405	0.277668144867579
TAFA5:Q7Z5A7:OID21321:v1	0.0380180344785138	0.00354214032742658	0.0415601748059404	0.1649	0.20646017480594	0.18414221781149	0.017156530700199	TAFA5	0.0257695926671047	0.0193117492407544	0.0286059450966424	0.0802311531854226	0.153668493010302	0.175684924039605
ITGB6:P18564:OID20493:v1	0.0557122935756141	0.0215615674800344	0.0772738610556485	0.1291	0.206373861055648	0.269958091061694	0.104478190066039	ITGB6	0.0361462751818357	0.0253577573818749	0.0531571496814392	0.127302003129611	0.241868648415843	0.259051344242282
REG1B:P48304:OID20266:v1	0.0930051412840566	0.0482131181689139	0.14121825945297	0.065	0.20621825945297	0.451003424870177	0.23379655272432	REG1B	0.0785503450255758	0.00561661710421209	0.0375140107520412	0.0448542732053064	0.166421153028125	0.183649973977836
TNFRSF9:Q07011:OID20985:v1	0.0185331125589897	0.0188146154762574	0.0373477280352472	0.1688	0.206147728035247	0.0899020946562213	0.0912676344074988	TNFRSF9	0.0131875713804508	0.0271505149803444	0.0209325456510563	0.108605589108842	0.169724554940027	0.190341448167578
CDH2:P19022:OID20170:v1	0.0110621152605451	0.0344109157973266	0.0454730310578717	0.1603	0.205773031057871	0.0537588196260472	0.1672275303543	CDH2	0.0414772583120024	0.0152991761593106	0.0166201995026388	0.224101551190908	0.297165408091029	0.310195518506399
IL4R:P24394:OID20576:v1	0.0625460266098769	0.0396094781692112	0.102155504779088	0.1033	0.205455504779088	0.304426141694905	0.192788595330169	IL4R	0.0652509710211272	0.00726944518642055	0.0293547666438687	0.0481005753883284	0.149542988755185	0.170016511159425
COL9A1:P20849:OID20550:v1	0.0481710789875981	0.00610055966335854	0.0542716386509566	0.1509	0.205171638650956	0.234784297207607	0.0297339325428743	COL9A1	0.00916788182764182	0.0104578350542113	0.0387942750586508	0.0825135932095559	0.140499725634051	0.165010459857972
BDNF:P23560:OID30373:v1	0	0.0620376672015682	0.0620376672015682	0.143	0.205037667201568	0	0.302567172404377	BDNF	0.0674529694643014	0.00105928657927983	0.0196892886042598	0.0072964029958153	0.0945918612619825	0.106707539205305
GZMB:P10144:OID20604:v1	0.0605201159931487	0.0537016086799892	0.114221724673137	0.0908	0.205021724673137	0.295188795673408	0.261931308819124	GZMB	0.0700945027296065	0.00280051876264408	0.0295247817780835	0.0587777889069386	0.160923935427687	0.176893901111658
SERPING1:P05155:OID30777:v1	0.0543198804835678	0.0287982281784838	0.0831181086620517	0.1218	0.204918108662051	0.265080918608083	0.140535301474881	SERPING1	0.0486786155720507	0.0264212755490628	0.0508013195228447	0.0618468978076737	0.187353712309788	0.209970273488218
HMOX1:P09601:OID20217:v1	0.00514980367719741	0.0843302393389856	0.089480043016183	0.1154	0.204880043016183	0.0251357018545268	0.411607875991731	HMOX1	0.071957218616519	0.0172749453413835	0.0286110150909701	0.0629175346451804	0.18044634675166	0.197207821306905
CSF1:P09603:OID20719:v1	0.0285064682260969	0.00624087832706701	0.034747346553164	0.1698	0.204547346553164	0.139363666683829	0.0305106784919595	CSF1	0.0268543982813491	0.0557744581424802	0.0152928479940694	0.0981556966754526	0.196005884190134	0.216988390970527
FCGR2B:P31994:OID21215:v1	0.131296336760292	0.0225687752624843	0.153865112022776	0.0506	0.204465112022776	0.642145427458873	0.110379590137462	FCGR2B	0.112136845884884	0.0040629546612371	0.0346560892103695	0.0135624212160069	0.164104996335675	0.174832435350632
PRRT3:Q5FWE3:OID30276:v1	0.0280129700107454	0.00402668147334907	0.0320396514840945	0.172	0.204039651484094	0.137291795035873	0.019734798820037	PRRT3	0.0245270983906488	0.0127673968923778	0.0249661386297237	0.106005855587801	0.167901907711733	0.18342716061609
VSIR:Q9H7M9:OID20131:v1	0.067909660737308	0.01842964470939	0.086339305446698	0.1174	0.203739305446698	0.333316443719174	0.0904569919338001	VSIR	0.0570857247388325	0.00275545709399602	0.0387146212592243	0.0160190391064913	0.113973804023481	0.132840607827
ADAMTSL5:Q6ZMM2:OID30355:v1	0.115965348343477	0.00854037226572562	0.124505720609202	0.0791	0.203605720609202	0.569558399422671	0.0419456400349274	ADAMTSL5	0.0656256140826822	0.0237023584417907	0.0477641346670015	0.0221972410588013	0.158305339404314	0.179836149559492
ITGB2:P05107:OID20315:v1	0.010750700729852	0.0530718671754821	0.0638225679053342	0.1397	0.203522567905334	0.0528231381929721	0.26076649740469	ITGB2	0.0753275487427954	0.0182237479416814	0.00350405408355403	0.0991475694841817	0.196100736689475	0.21253982830624
TNFRSF13B:O14836:OID20702:v1	0.0159662164934324	0.0613200602324273	0.0772862767258598	0.1262	0.203486276725859	0.0784633575803363	0.301347399043714	TNFRSF13B	0.0494000464153978	0.0130002993794377	0.0274533068458189	0.0549289316408725	0.144729851197037	0.160780916232506
CD226:Q15762:OID30556:v1	0.0507051033373798	0.0347507140643153	0.0854558174016952	0.1177	0.203155817401695	0.249587257632509	0.17105448669286	CD226	0.0915976344630132	0.00214563821923574	0.0324939828628541	0.00560719507479075	0.130803933056114	0.145084790518799
SEZ6L2:Q6UXD5:OID21289:v1	0.0243705884755959	0.0209837953531414	0.0453543838287374	0.1578	0.203154383828737	0.119960928316175	0.103289896864008	SEZ6L2	0.0213961931220829	0.0109587396634624	0.0364894116247994	0.190621302852653	0.25923685032932	0.277716352445127
CDNF:Q49AH0:OID21318:v1	0.103078038011419	0	0.103078038011419	0.0997	0.202778038011419	0.508329398105798	0	CDNF	0.0465610740023223	0.0113988550497678	0.0347101139093636	0.0657819025147184	0.158268573540871	0.182023135847564
AGXT:P21549:OID20139:v1	0.0436885656261392	0.0206889476486274	0.0643775132747667	0.1384	0.202777513274766	0.215450741655661	0.102027820119253	AGXT	0.0322707496801353	0.0166926287579382	0.0395358506341348	0.0747358368141639	0.16306690329463	0.180131684405906
PENK:P01210:OID30666:v1	0.0712473871067894	0.00532124871102771	0.0765686358178171	0.1262	0.202768635817817	0.351372818677951	0.0262429575933465	PENK	0.0363997990129038	0.0158679735621584	0.0406507358815995	0.0668170923441794	0.159649970046456	0.184015273158119
NID1:P14543:OID20362:v1	0.0257531911461431	0.0430047210888829	0.0687579122350261	0.134	0.202757912235026	0.127014481764299	0.212098855304024	NID1	0.0550928479102853	0.00692302014995927	0.0356139909728255	0.0575301019538593	0.155090840941702	0.167365777485008
TNFRSF6B:O95407:OID20964:v1	0.0993575696917582	0.00845036894576503	0.107807938637523	0.0949	0.202707938637523	0.490151349570115	0.0416874099878039	TNFRSF6B	0.0687646288404613	0.021663966475838	0.0438465908874736	0.100144893372966	0.234141163332425	0.251927485403288
MOG:Q16653:OID21384:v1	0.0475778820503883	0.00157372578526515	0.0491516078356535	0.1535	0.202651607835653	0.23477673115218	0.00776567135130463	MOG	0.0439041747484291	0.00557254251183667	0.0155974301878537	0.151697375441243	0.216735034222599	0.232846116229151
KHK:P50053:OID30241:v1	0.0948182844356579	0.00137860368679174	0.0961968881224496	0.1063	0.202496888122449	0.468245637327134	0.00680802406187151	KHK	0.0612312614830246	0.0135029910864893	0.0306071569019083	0.0920173090665214	0.197271566885899	0.219824782452809
COMT:P21964:OID20086:v1	0.109060923661427	0.00126854600355338	0.11032946966498	0.092	0.20232946966498	0.539026390184344	0.00626970458457613	COMT	0.0722332693222477	0.00495237309002847	0.0470041539205264	0.033841519201666	0.157817400767334	0.175058780457641
COL1A1:P02452:OID20335:v1	0.0060295505295854	0.0375742963527761	0.0436038468823615	0.1582	0.201803846882361	0.0298782734954514	0.186192170928631	COL1A1	0.0381725962464635	0.0108806874004447	0.0234004416065464	0.0484362936514972	0.12077496760884	0.13802805829272
PPBP:P02775:OID30761:v1	0.00482159974875427	0.0544625664108364	0.0592841661595907	0.1424	0.20168416615959	0.0239066845978329	0.27003888033402	PPBP	0.0552611610890011	0.00170999563432939	0.0202677800819092	0.00737627990454464	0.0844308014506136	0.0968407947389707
SPON1:Q9HCB6:OID20759:v1	0.0793905018261686	0.0152199238470385	0.0946104256732071	0.1068	0.201410425673207	0.394172752283347	0.0755667130743925	SPON1	0.0628403991241539	0.0268776302084922	0.0349551097879873	0.117466243702601	0.24208025634355	0.26087042394116
TGFB1:P01137:OID20621:v1	0.0366695585870156	0.032471835402141	0.0691413939891567	0.132	0.201141393989156	0.182307370252154	0.161437856018297	TGFB1	0.0378634406675993	0.0110015041027879	0.0413848240301407	0.044216491772962	0.1340639218744	0.153148572609277
SCARB2:Q14108:OID20943:v1	0.0454176927990243	0.0073659999664879	0.0527836927655122	0.1482	0.200983692765512	0.22597700427374	0.036649739414838	SCARB2	0.0232649306949233	0.025156967253402	0.0299979922958271	0.199892256944324	0.278204046051173	0.292126818169297
PLAUR:Q03405:OID20764:v1	0.0209574901827095	0.0378705516538577	0.0588280418365672	0.1421	0.200928041836567	0.104303461035847	0.188478180087283	PLAUR	0.0288777317872712	0.0380428238969105	0.0382093973320618	0.138731222481882	0.243777864370165	0.267183560919685
ATRAID:Q6UW56:OID31451:v1	0.0771133530252142	0.0124873796330839	0.0896007326582981	0.1111	0.200700732658298	0.384220585564593	0.0622189040751745	ATRAID	0.0595279189042028	0.00953023752120503	0.0174921545373463	0.0455509618681117	0.131778012632291	0.152541882125654
DPP4:P27487:OID20406:v1	0.0385549260666988	0.0103340294414176	0.0488889555081164	0.1515	0.200388955508116	0.192400454251268	0.0515698553107088	DPP4	0.0188529739198667	0.0101399605426824	0.0277056170539723	0.106926941197555	0.163388581792897	0.188931240890133
PEAR1:Q5VY43:OID20257:v1	0.058166532713139	0.0598739674893711	0.11804050020251	0.0823	0.20034050020251	0.29033836221005	0.298861026247058	PEAR1	0.0639126932065085	0.00398595646879718	0.0532273935498741	0.0146682429571112	0.135609369911223	0.154780127110792
F9:P00740:OID20349:v1	0.0879877572479349	0.00809692586475419	0.0960846831126891	0.1042	0.200284683112689	0.439313460622593	0.0404270847821073	F9	0.00210730536610721	0.0388246007840696	0.00769041363356998	0.159059493972244	0.207459901496163	0.222831682037293
GALNT5:Q7Z7M9:OID30295:v1	0.0857869141840242	0.0398635305276788	0.125650444711703	0.0746	0.200250444711703	0.428398120700955	0.199068374530052	GALNT5	0.122113391415794	0.00213269198808141	0.0128452514419876	0.0503206303042762	0.187067285540195	0.190444022217672
SIAE:Q9HAT2:OID21503:v1	0.046190322640249	0.0205734880611758	0.0667638107014248	0.133	0.199763810701424	0.231224677172818	0.102989064880854	SIAE	0.020812852019557	0.0069931872047984	0.0338276774866586	0.0362732637067523	0.0978841554932609	0.11353913104701
MAMDC2:Q7Z304:OID30309:v1	0.0256290615999181	0.0450180318512294	0.0706470934511476	0.1285	0.199147093451147	0.128694128323822	0.226054174686073	MAMDC2	0.0523793941043285	0.0150636825396646	0.0248277985509416	0.0707490221362722	0.162637138002444	0.181329879126132
SPINK6:Q6UWN8:OID21450:v1	0.0781277786309308	0	0.0781277786309308	0.1204	0.19852777863093	0.393535751871644	0	SPINK6	0.0562747676886352	0.0210638015838375	0.0244630031293847	0.116139584196791	0.217894161113423	0.23841389825741
ISM1:B1AKI9:OID20538:v1	0.0579345890561197	0.00487136947377548	0.0628059585298952	0.1356	0.198405958529895	0.292000247801984	0.0245525361731587	ISM1	0.0638788102369356	0.0112084952596779	0.0231166874295595	0.0929766407171034	0.190886508915811	0.213195648396498
GFRA1:P56159:OID21457:v1	0.0375180096657675	0.0174515396670883	0.0549695493328558	0.1433	0.198269549332855	0.189227290786756	0.0880192632999361	GFRA1	0.0259335543186366	0.050583201085952	0.0346057317383642	0.175986246518713	0.286305095870498	0.308559223044159
CD8A:P01732:OID21018:v1	0.0467971095003654	0.0648472670771728	0.111644376577538	0.0863	0.197944376577538	0.236415453217152	0.327603482343793	CD8A	0.0759004259485831	0.00944182949878698	0.0524152918841212	0.0361854472866619	0.173818143403754	0.188700062836424
APP:P05067:OID21070:v1	0.00335001890061422	0.0579686323499511	0.0613186512505653	0.1366	0.197918651250565	0.0169262415616054	0.292891205470891	APP	0.060210024951383	0.00314858082493303	0.021957994120373	0.00747334717721417	0.0923600691193008	0.102820309861
MPO:P05164:OID21100:v1	0.101283181576787	0.0106637867722447	0.111946968349031	0.0859	0.197846968349031	0.511926881781217	0.0538991669229532	MPO	0.0581150148548053	0.0184734006196715	0.0204487511008623	0.0586061435709972	0.155444593998847	0.176286991277305
ITGA5:P08648:OID21139:v1	0	0.0671410344744354	0.0671410344744354	0.1306	0.197741034474435	0	0.339540220636984	ITGA5	0.0780404790887337	0.0220162761358858	0.0071329048084195	0.140227132679968	0.247323593697374	0.262961722317136
KYNU:Q16719:OID20669:v1	0.0539588379533213	0.00976153799032941	0.0637203759436507	0.1339	0.19762037594365	0.273042886876741	0.0493954023906563	KYNU	0.0456109685324509	0.0192240437749957	0.0263227247941829	0.125471609441345	0.216098030741036	0.235996257327616
GDF15:Q99988:OID20251:v1	0.0677486721350543	0	0.0677486721350543	0.1298	0.197548672135054	0.342946735115171	0	GDF15	0.0244724133329647	0.0622576137287016	0.0334323984135937	0.339229574815972	0.459165930847241	0.476349319154046
ACY3:Q96HD9:OID30086:v1	0.0636837663403429	0.0101121896452482	0.0737959559855911	0.123	0.196795955985591	0.323603023351789	0.051384133350731	ACY3	0.0466359201780311	0.00877887394599523	0.0312019873860723	0.0636453681794046	0.150075745122543	0.174188750542624
ALCAM:Q13740:OID20273:v1	0.0234858240203364	0.0347504013467519	0.0582362253670883	0.1385	0.196736225367088	0.119377221843686	0.176634482449337	ALCAM	0.0342062687875058	0.039980268251002	0.0312141351393145	0.145360144913941	0.250671011755498	0.268185998466552
EPHB6:O15197:OID20982:v1	0.0456956643724923	0.00516716670170289	0.0508628310741952	0.1458	0.196662831074195	0.232355367421984	0.0262742414185701	EPHB6	0.0366182254435981	0.023873358315352	0.0208191531278939	0.0286784048358341	0.109857027119041	0.12630567833121
CD72:P21854:OID30641:v1	0.0142939650164942	0.0347265520758019	0.0490205170922962	0.1476	0.196620517092296	0.0726982373349392	0.176617133294898	CD72	0.0469075507671951	0.0361015932623846	0.0215559756730958	0.0841395897382695	0.188438658994748	0.205438069682207
GGACT:Q9BVM4:OID30290:v1	0.116662505378563	0.00698172657806783	0.12364423195663	0.0727	0.19634423195663	0.59417332618323	0.0355586029112888	GGACT	0.0847264532819329	0.00130144899740282	0.0422206459601975	0.0210357151481995	0.149235810181211	0.16507612436712
TPMT:P51580:OID21270:v1	0.133146872412006	0.00129864694007825	0.134445519352084	0.0618	0.196245519352084	0.678470891216258	0.0066174603342069	TPMT	0.0800734165640569	0.000613957782638699	0.0310705148134646	0.0170529024180615	0.128517102438909	0.142062562577941
GGT5:P36269:OID20909:v1	0.0979442540049824	0.0100592409112261	0.108003494916208	0.0881	0.196103494916208	0.499451853455402	0.0512955718383511	GGT5	0.0688549242564052	0.00954421299679878	0.0328517518090334	0.038518086370365	0.149522688768281	0.170732313025445
RSPO1:Q2MKA7:OID20938:v1	0.0458889118223396	0.0200243728605666	0.0659132846829062	0.1298	0.195713284682906	0.234470091780885	0.102314837201828	RSPO1	0.0391007796504739	0.00634881323381297	0.0261076959918316	0.0760115632228421	0.147478093864716	0.169125825858196
RARRES2:Q99969:OID20373:v1	0.0200470214422473	0.00600049908797789	0.0260475205302252	0.1693	0.195347520530225	0.102622349072229	0.0307170476067008	RARRES2	0.00594398525968154	0.0414496233703677	0.0215599270182088	0.165120307540202	0.23383352561852	0.252748300287991
IL15:P40933:OID20562:v1	0	0.0794248741507226	0.0794248741507226	0.1159	0.195324874150722	0	0.406629593368811	IL15	0.0633620238507039	0.0160597639004668	0.0258107629858341	0.0139073627421414	0.119067986769222	0.133861131270595
OMG:P23515:OID21352:v1	0.00405636889480054	0.0283508989724686	0.0324072678672692	0.1628	0.195207267867269	0.0207798046615695	0.145234853610808	OMG	0.0256702425375502	0.00792429316639221	0.0134074936063992	0.0888986203347563	0.135849217338702	0.151880385276845
RNF149:Q8NC42:OID30235:v1	0.0449493139610716	0.00735729373133454	0.0523066076924062	0.1429	0.195206607692406	0.23026533011577	0.0376897781192309	RNF149	0.0298315551420242	0.0166009591238713	0.025145125985035	0.0810240429320213	0.152399525070431	0.173334309648157
COL4A1:P02462:OID20208:v1	0.0221622090916944	0.0859363846897312	0.108098593781425	0.0871	0.195198593781425	0.113536725149314	0.440251043949419	COL4A1	0.0598413251279259	0.0114280846831519	0.0449574118700867	0.0875028759070642	0.203226708730615	0.223234727491759
PRSS8:Q16651:OID20763:v1	0.0143705837908547	0.0211604692929396	0.0355310530837943	0.1593	0.194831053083794	0.0737592060577433	0.108609325659389	PRSS8	0.0215602450277158	0.0575877671692798	0.0215829211743868	0.262446476198672	0.363145209939271	0.377787163372343
IGFBP7:Q16270:OID20236:v1	0.0794644791538672	0.00606423001662531	0.0855287091704925	0.1091	0.194628709170492	0.408287551680041	0.0311579419216777	IGFBP7	0.046095979166377	0.0115659476377614	0.0350753115386633	0.134241539780625	0.22656186000226	0.243661167590037
EPHA1:P21709:OID20677:v1	0.0532618275620087	0.0157452628857223	0.069007090447731	0.1256	0.194607090447731	0.273689038973192	0.0809079610074705	EPHA1	0.0354851662237576	0.0245882694648312	0.0290691178105521	0.224518240305975	0.313615953191477	0.325875243579415
EFEMP1:Q12805:OID20414:v1	0.0224397542210983	0.00432383728617241	0.0267635915072707	0.1673	0.19406359150727	0.115630933380193	0.0222805177034478	EFEMP1	0.00861114272492612	0.0213380122774075	0.0188213364238554	0.218206798309347	0.266596201261355	0.285915918864625
PLA2G7:Q13093:OID21105:v1	0.0146990500252581	0.083310983651414	0.0980100336766722	0.0959	0.193910033676672	0.0758034524905891	0.429637301751634	PLA2G7	0.0645989503431373	0.00881627113491833	0.0541670110377625	0.223026226074652	0.350504898686663	0.368106256320569
ACVRL1:P37023:OID20999:v1	0.0738829429629646	0.00855415163713627	0.0824370946001008	0.1114	0.1938370946001	0.381159979287711	0.0441306224424384	ACVRL1	0.0482271029593469	0.0194331751243666	0.0335726393325103	0.159032996784379	0.260214205614194	0.277214053808237
RGMB:Q6NW40:OID21045:v1	0.0252287805088392	0.00737110258565978	0.032599883094499	0.1609	0.193499883094499	0.130381373390899	0.0380935764289841	RGMB	0.0103276855389147	0.0212021447439041	0.032087139954072	0.071165235854144	0.134215280600373	0.157543496747651
CRYBB2:P43320:OID31081:v1	0	0.0735139135705428	0.0735139135705428	0.1199	0.193413913570542	0	0.380085962862906	CRYBB2	0.0334490861776543	0.00242324567523023	0.00481504095355077	0.0292660120432045	0.0694188100100908	0.0759998017558956
CD200:P41217:OID20603:v1	0.0417884466615523	0.0321187015210479	0.0739071481826003	0.1195	0.1934071481826	0.216064644219348	0.166067809917366	CD200	0.0485562750491453	0.0117573815190457	0.026738291085794	0.071021117163175	0.157606231704059	0.174322902663864
HS6ST1:O60243:OID21441:v1	0.0509927169975137	0.0505400343439263	0.10153275134144	0.0916	0.19313275134144	0.264029361376225	0.261685467601382	HS6ST1	0.0688417786617455	0.00524762275199122	0.0347904266277842	0.046523338983929	0.155211561890563	0.17637444827499
AGT:P01019:OID30709:v1	0.16369684682451	0.00226406624345187	0.165960913067962	0.0269	0.192860913067962	0.848781871974365	0.0117393732479843	AGT	0.0776551767726252	0.00652091399107416	0.0544296132452541	0.0312597310404012	0.169565485692422	0.185744740506185
CCDC80:Q76M96:OID20226:v1	0.00578678350666123	0.0398851819361842	0.0456719654428454	0.1471	0.192771965442845	0.0300188022328222	0.20690343559323	CCDC80	0.0306331954428346	0.0261616155963665	0.0158026529606917	0.219880140259858	0.292416343714452	0.31024836119717
CILP:O75339:OID30399:v1	0.0432377250708098	0.0118414798801528	0.0550792049509626	0.1376	0.192679204950962	0.224402654566765	0.0614569687640476	CILP	0.0278595368404337	0.00572716325384013	0.028047973669998	0.120979020810724	0.182465150814633	0.206808251908193
ITGAV:P06756:OID21416:v1	0.0175111602358089	0.0199503341209853	0.0374614943567943	0.1552	0.192661494356794	0.0908908149719821	0.103551226920511	ITGAV	0.00914359621311561	0.0515091069284019	0.0387831852552993	0.132252034668411	0.231594174439636	0.255617143677506
ADGRG2:Q8IZP9:OID20189:v1	0	0.0223022792846533	0.0223022792846533	0.1703	0.192602279284653	0	0.115794472253841	ADGRG2	0.0196077880275995	0.0261670697881371	0.0119812168409786	0.232351463878721	0.290019790603647	0.301427538304855
PGF:P49763:OID20673:v1	0.0192476124145241	0.00637672473345971	0.0256243371479838	0.1669	0.192524337147983	0.0999749574503376	0.0331216553082234	PGF	0.00437650001171582	0.0254892712042282	0.0188665482764951	0.272945775084989	0.321481731272126	0.337842967836488
ERP44:Q9BS26:OID21338:v1	0.00368332765891128	0.100174397016326	0.103857724675237	0.0886	0.192457724675237	0.0191383726744494	0.520500786265478	ERP44	0.0679543397673106	0.00797600416056772	0.0402177501757505	0.0514776394196885	0.16741537235436	0.182303224680081
CD84:Q9UIB8:OID20607:v1	0.00717144009838644	0.0502626202886864	0.0574340603870729	0.135	0.192434060387072	0.0372669998437979	0.261193991269452	CD84	0.0262163695583335	0.00275960806989711	0.0473059273682355	0.0145038344573158	0.0907192418776862	0.109265320135643
GGT1:P19440:OID21075:v1	0.0518400968033821	0.0195798912263414	0.0714199880297235	0.1208	0.192219988029723	0.269691499488419	0.101861889739134	GGT1	0.0542652048882485	0.0474684240960429	0.0181763813706076	0.217287729629497	0.33715855954864	0.353702431595446
SFRP1:Q8N474:OID20984:v1	0.0675843509490227	0.0107647203774909	0.0783490713265136	0.1136	0.191949071326513	0.352095222352281	0.0560811276819341	SFRP1	0.0737018059359285	0.0198303240584497	0.0103577209795866	0.145562374066861	0.2493738813728	0.260329937646337
IFNAR1:P17181:OID31491:v1	0.128735190640003	0.0266540591707654	0.155389249810768	0.0363	0.191689249810768	0.67158273490604	0.13904827316648	IFNAR1	0.0930237138896048	-0.000225119786337543	0.0130045640017046	0.0132697840071539	0.11900775155166	0.127447989852693
CDH3:P22223:OID21008:v1	0.00953092491353659	0.012377483853983	0.0219084087675196	0.1697	0.191608408767519	0.0497416839628398	0.06459781140921	CDH3	0.00543251397572929	0.0176623589066545	0.0267825829623582	0.0370521449831909	0.0867693449647677	0.108802945364288
IL3RA:P26951:OID20461:v1	0	0.14638906456967	0.14638906456967	0.045	0.19138906456967	0	0.764876848626746	IL3RA	0.115285563585302	0.00499497909249534	0.0280838639274184	0.0665629602969462	0.214858566578077	0.223486468207259
CCL5:P13501:OID20412:v1	0.0156590029537996	0.0304946678207366	0.0461536707745363	0.1452	0.191353670774536	0.0818327805806766	0.159362857776933	CCL5	0.0483716225394868	0.00781130752081164	0.0175437681573581	0.0459245670438293	0.11943590903083	0.133129202577617
PBLD:P30039:OID20839:v1	0.130847378476831	0	0.130847378476831	0.0604	0.191247378476831	0.684178677474958	0	PBLD	0.102626440224571	0.00817149158639988	0.0302038526758517	0.0599918390529105	0.200659777887637	0.217274615729
CBLN4:Q9NTU7:OID21386:v1	0.0659699984257318	0.0128673965127961	0.078837394938528	0.1124	0.191237394938528	0.344963904402365	0.0672849393129011	CBLN4	0.0608301190696276	0.0188213178352531	0.0159956130347507	0.0189198745678241	0.114476665708935	0.133921062795658
IL12RB1:P42701:OID20486:v1	0.0873929700547632	0.0555839004898039	0.142976870544567	0.0481	0.191076870544567	0.457370741972558	0.290898109914561	IL12RB1	0.0887957973338435	0.00799971728198543	0.0369683538168945	0.031115167256203	0.164700330223152	0.175597041226881
CD5:P06127:OID21449:v1	0.0256292606381269	0.0257513827555246	0.0513806433936516	0.1392	0.190580643393651	0.134479872571259	0.135120662292729	CD5	0.0354401178268623	0.0267495724667976	0.0263340257993239	0.0704579041932923	0.158932398167262	0.177443650867288
CD40LG:P29965:OID20616:v1	0.0440337939857285	0.0374436063404109	0.0814774003261395	0.1089	0.190377400326139	0.231297380415392	0.196680941520713	CD40LG	0.026454321488047	0.00212086213394413	0.0196336709457262	0.00695496102069028	0.0543421543366654	0.0693477208905335
LCAT:P04180:OID30677:v1	0.016141700242262	0.033422399715113	0.0495640999573751	0.1408	0.190364099957375	0.0847938253372161	0.17557091763939	LCAT	0.0423998068541387	0.0201722697391723	0.0127035665124072	0.131046355068625	0.206158076454599	0.220755848418264
CD99L2:Q8TCZ2:OID21122:v1	0.0227902106621872	0.0356003934227874	0.0583906040849746	0.1319	0.190290604084974	0.119765296724846	0.187084347090989	CD99L2	0.0156172339909963	0.0411560470230908	0.0261573021111986	0.104948944513425	0.187767236347048	0.206054605948714
CXCL11:O14625:OID21042:v1	0.0425669677568711	0.0404563852906812	0.0830233530475523	0.1071	0.190123353047552	0.223891316214187	0.212790194587839	CXCL11	0.0715165493126385	0.00766393876186245	0.0175568774932534	0.0254055684095414	0.121813319565868	0.132374106217224
NPY:P01303:OID21388:v1	0.0183856159039035	0.0685244187667103	0.0869100346706138	0.103	0.189910034670613	0.0968122402578259	0.360825687202686	NPY	0.0620269863760996	0.0091553862680634	0.0376005706020349	0.0912137646707212	0.19954974621788	0.218949709836891
ADM:P35318:OID21467:v1	0.0209903793182247	0.00561416440957601	0.0266045437278008	0.1633	0.1899045437278	0.110531211661324	0.0295630862715063	ADM	0.00840919821378094	0.0336156791252463	0.0242076043885975	0.322268241130333	0.388341950955504	0.40311215880778
ACE2:Q9BYF1:OID20105:v1	0.0243173077416234	0.0266904217939668	0.0510077295355902	0.1388	0.18980772953559	0.12811547665167	0.140618202742698	ACE2	0.0205972787529154	0.02659748578027	0.018463554662036	0.244814071023824	0.310248839972055	0.324328904199902
EGFR:P00533:OID20319:v1	0.0267309431162524	0.0140701894362421	0.0408011325524945	0.1489	0.189701132552494	0.140910825130974	0.0741702974933404	EGFR	0.0148209202233293	0.020468505021043	0.0390887132552786	0.0765183216701805	0.150710397164445	0.180746309883811
UROD:P06132:OID30603:v1	0.0941899786268533	0.00942250440678435	0.103612483033637	0.086	0.189612483033637	0.496749882285671	0.0496934814418984	UROD	0.0653115522816964	0.00278870627684712	0.039368609090357	0.0569506245207236	0.163908962903577	0.183325913070836
IGSF3:O75054:OID21312:v1	0.0172418781773833	0.0203653417133928	0.0376072198907761	0.152	0.189607219890776	0.090934713284207	0.107408049783781	IGSF3	0.0150859496904942	0.0186113939644984	0.0280900171338368	0.15544432411093	0.217064525629436	0.236917385444001
PTX3:P26022:OID20570:v1	0.00505801146499654	0.0793844939571567	0.0844425054221532	0.1051	0.189542505422153	0.0266853677687293	0.418821592446242	PTX3	0.0494061727648087	0.00153386646585013	0.022217474678044	0.0230441966838635	0.0960589990376463	0.116237588746057
VSNL1:P62760:OID31105:v1	0.0474614974944	0.0331502511593782	0.0806117486537782	0.1088	0.189411748653778	0.250573144652995	0.175016868779205	VSNL1	0.0526926559702389	0.00512444268301439	0.0248545587126567	0.212858093515213	0.295483312666227	0.312473154509692
GHRL:Q9UBU3:OID20175:v1	0.035629519076144	0.0229446715054363	0.0585741905815803	0.1307	0.18927419058158	0.18824288175089	0.121224512623377	GHRL	0.0450280789575075	0.0251867031031073	0.0307521602938053	0.145647602180933	0.246390260292552	0.260123593576216
BGN:P21810:OID21198:v1	0	0.0510686424827169	0.0510686424827169	0.1382	0.189268642482716	0	0.26982093712317	BGN	0.0354232943115875	0.00451535299779438	0.0330565789605531	0.0340269736093303	0.106783765399462	0.120920225924864
CD14:P08571:OID20378:v1	0.0493809469551238	0.0193202505704933	0.0687011975256172	0.1201	0.188801197525617	0.261549966855605	0.102331186579851	CD14	0.0218306987418923	0.0182521525584357	0.0426660856242178	0.0716360809900246	0.154212849728765	0.176361335920169
CD4:P01730:OID20584:v1	0.0613915670037958	0.0228565043018668	0.0842480713056626	0.1041	0.188348071305662	0.325947415220227	0.121352473340562	CD4	0.0343444130629873	0.0174258409943362	0.0500825313339314	0.0835738728652977	0.185150562898286	0.204467824921908
DPEP2:Q9H4A9:OID21305:v1	0.0723690429371193	0.064260576558427	0.136629619495546	0.0517	0.188329619495546	0.384267982545521	0.341213329748943	DPEP2	0.0688049958584714	0.00038743408961745	0.0449384956173064	0.0341674849940683	0.14819562598208	0.166101478819138
MYL3:P08590:OID30251:v1	0	0.0323527322791977	0.0323527322791977	0.1558	0.188152732279197	0	0.1719493088795	MYL3	0.0265147684892337	0.0197539412355764	0.0170102605749431	0.163399010585599	0.226608664795759	0.241146070926032
PI3:P19957:OID20326:v1	0.0448742015223486	0.00485653297193006	0.0497307344942787	0.1383	0.188030734494278	0.238653545884617	0.0258283997293954	PI3	0.0473832771597181	0.016652967501727	0.00619758742877863	0.14263771419406	0.212676864428296	0.223160314556924
CD34:P28906:OID21025:v1	0.00498849476244418	0.0811153197643459	0.0861038145267901	0.1014	0.18750381452679	0.0266047641485791	0.432606237740066	CD34	0.0649896112355346	0.019192176307666	0.0176696605191923	0.0380951583805627	0.139873786535465	0.15489686758518
PHYKPL:Q8IUZ5:OID30634:v1	0.105702867287026	0	0.105702867287026	0.0818	0.187502867287026	0.563740004707332	0	PHYKPL	0.0229557395373496	0.00357207748015616	0.0354514479831238	0.0357584586702288	0.0972217869564783	0.12336084319477
TNFRSF1B:P20333:OID21145:v1	0.0124620148824351	0.0142355167603243	0.0266975316427594	0.1608	0.187497531642759	0.0664649543556611	0.0759237555588058	TNFRSF1B	0.0195853357658475	0.0399899851633301	0.012771188909999	0.109377949649061	0.181573091044302	0.200528889381745
IDO1:P14902:OID30230:v1	0.053019376268628	0.019499034188607	0.0725184104572351	0.1148	0.187318410457235	0.283044128653507	0.10409566332007	IDO1	0.0528316184947487	0.0094430329363863	0.0257745196087942	0.0529572886206964	0.140722641687869	0.16276836741308
ALDH3A1:P30838:OID20512:v1	0.13526918641847	0	0.13526918641847	0.0519	0.18716918641847	0.722710767765145	0	ALDH3A1	0.0903991257757163	0.0060404321643485	0.0118330418780028	0.062462760688858	0.170329276447344	0.179184056990639
CRLF1:O75462:OID20699:v1	0	0.0172150682101044	0.0172150682101044	0.1699	0.187115068210104	0	0.0920025756064405	CRLF1	0.0251218702710391	0.00413700221695173	0.0100539053284171	0.115572968487961	0.154715633753422	0.173033636167007
LIPF:P07098:OID30266:v1	0.0644282750439238	0.0233843910877968	0.0878126661317207	0.0993	0.18711266613172	0.34432877461416	0.124974923244026	LIPF	0.0763257377510281	0.00600748700659507	0.0216097431428916	0.0472642569160825	0.151104703153067	0.160552680896208
APOC1:P02654:OID30749:v1	0.0641774878041961	0.0286951453494359	0.092872633153632	0.0941	0.186972633153632	0.343245354797258	0.153472435326177	APOC1	0.0476431570926057	0.0189187077552092	0.0339514446178468	0.130405579755744	0.230861295155882	0.242072051076503
COL15A1:P39059:OID30396:v1	0.0471023153512709	0.00315833359180037	0.0502606489430713	0.1364	0.186660648943071	0.252341967190076	0.0169201897115637	COL15A1	0.0342850477083212	0.0140145508715817	0.0156739733692155	0.173133184096032	0.236906770617483	0.256037161298338
HGF:P14210:OID20656:v1	0.00674373825436505	0.0272599881780239	0.034003726432389	0.1526	0.186603726432389	0.0361393546811535	0.146084907837577	HGF	0.0269115153960909	0.0482352397544579	0.0133996084354676	0.206950798187541	0.295450405075652	0.313828832225078
CALCA:P01258:OID20983:v1	0.0114474642946176	0.0104114851750428	0.0218589494696604	0.1647	0.18655894946966	0.0613611104005455	0.0558080178122787	CALCA	0.000758421221919216	0.00933009058652838	0.0284694607067392	0.353724269143622	0.392240713107124	0.405287963803552
ITGAM:P11215:OID21071:v1	0.0154768864102278	0.0372949949334351	0.052771881343663	0.1333	0.186071881343663	0.0831769222650196	0.200433266241628	ITGAM	0.0343408770406552	0.0322214928120277	0.0291410819279343	0.0628204791730888	0.15835214957615	0.179571418405036
GBP1:P32455:OID31128:v1	0.106895049555338	0.00657259055001632	0.113467640105354	0.0726	0.186067640105354	0.574495648436303	0.0353236626545852	GBP1	0.0630389982267357	0.00680339548984706	0.0520783992839699	0.0354212460722169	0.156954059044816	0.17392505593066
SERPINA5:P05154:OID30763:v1	0.0544255090483258	0.0425234627393873	0.0969489717877132	0.0889	0.185848971787713	0.292848050353992	0.228806553678219	SERPINA5	0.0360025977403917	0.00557659734891753	0.0495002221862361	0.0529258009925123	0.143855495867816	0.163592593424408
APOD:P05090:OID30746:v1	0.0419637487340587	0.0113660569052105	0.0533298056392693	0.1325	0.185829805639269	0.225818181263765	0.0611637991338923	APOD	0.024878363015857	0.0102565052360494	0.0166970895377143	0.0799657669916049	0.13173912599074	0.142630575800328
MSTN:O14793:OID20115:v1	0.00401102336137157	0.00838180051782142	0.0123928238791929	0.1733	0.185692823879193	0.0216003143125285	0.0451379883332185	MSTN	0.0197217466413598	0.0177754997576375	0.00878947628341742	0.192628621666728	0.238777847560052	0.25853884446832
CFP:P27918:OID30784:v1	0.0163321809674726	0.0673572644450993	0.0836894454125719	0.1019	0.185589445412572	0.0880016691205989	0.362936934777523	CFP	0.0307446736083768	0.0163650599567879	0.0323661186174844	0.109747375878993	0.18894325986141	0.205320170864804
TMEM106A:Q96A25:OID31411:v1	0.00615345933933276	0.0523176754910852	0.058471134830418	0.1266	0.185071134830418	0.0332491576548186	0.282689548205474	TMEM106A	0.04595079674531	0.000800453741997301	0.0244038507354963	0.0103641440207941	0.0812664013888365	0.0956447887455808
IL19:Q9UHD0:OID20158:v1	0.0504049320158671	0.0794402663800968	0.129845198395963	0.0552	0.185045198395963	0.272392542215602	0.429301960108733	IL19	0.092940828373612	0.0154994696470951	0.0310909635051411	0.0501117433674352	0.189460936979101	0.202097492635089
EFNA1:P20827:OID21125:v1	0.0526757139089485	0.00646589623458022	0.0591416101435288	0.1257	0.184841610143528	0.284977575493126	0.0349807396157147	EFNA1	0.0295480392417397	0.030207802418232	0.0336435021565991	0.0899725387359191	0.183000663783291	0.204956110126313
ARHGEF10:O15013:OID30994:v1	0.0913669973100014	0.0125887117889046	0.103955709098906	0.0808	0.184755709098906	0.494528681985624	0.0681370651564842	ARHGEF10	0.0619268631178884	0.000903816956772697	0.0512374465014702	0.033013315269877	0.146909129971915	0.162950621690378
PPY:P01298:OID21516:v1	0	0.059409162138903	0.059409162138903	0.1251	0.184509162138903	0	0.321984889260829	PPY	0.0399232630111536	0.00579258776449418	0.0302426704613134	0.0855289808734284	0.161467999622238	0.175341274972384
NECTIN2:Q92692:OID20222:v1	0.0259703046338528	0.0233000841006822	0.0492703887345351	0.1351	0.184370388734535	0.140859412469136	0.126376498203465	NECTIN2	0.0184104661595131	0.0247262772812002	0.0315467938381736	0.0671912478539795	0.141548819687979	0.166474200701565
RARRES1:P49788:OID21177:v1	0.157911904083004	0	0.157911904083004	0.0263	0.184211904083004	0.857229639252035	0	RARRES1	0.10730939454236	0.00059410020741042	0.00526694789566184	0.0137304104311984	0.126674633683553	0.133000745095683
SLURP1:P55000:OID30404:v1	0.0992218118674806	0.00740254618800326	0.106624358055483	0.0774	0.184024358055483	0.539177600812849	0.0402259041478159	SLURP1	0.0564833980599428	0.00256956938097635	0.0232540272859796	0.0409338554203574	0.122989115576311	0.136267674831408
NMI:Q13287:OID31378:v1	0.106485954188241	0.00506242974962983	0.11154838393787	0.0724	0.18394838393787	0.578890403430817	0.0275209253881767	NMI	0.0707984550623366	0.00160621885198894	0.0340158977602801	0.0194748730887118	0.124940739945833	0.139811929914571
SFRP4:Q6FHJ7:OID30648:v1	0.0321832983102134	0.0201203281575096	0.0523036264677231	0.1315	0.183803626467723	0.175096100815317	0.109466437328661	SFRP4	0.025384539927432	0.0206367679907097	0.0346431700695306	0.109991619301535	0.190535778102466	0.220566233163651
BMPER:Q8N8U9:OID30615:v1	0.0531491250020838	0.0070628416061492	0.060211966608233	0.1234	0.183611966608233	0.289464385050057	0.0384661290689128	BMPER	0.0405718478585772	0.0145316127070293	0.0295919942754495	0.06135852951703	0.145691091915381	0.166316932726303
BGLAP:P02818:OID30389:v1	0.0105140861432973	0.023858825877745	0.0343729120210424	0.1488	0.183172912021042	0.0573997870497879	0.130253024939649	BGLAP	0.00786028031107239	0.0304088174696023	0.0197041498176722	0.088499819061265	0.146059199142657	0.171567813283009
IDO1:P14902:OID31050:v1	0.0509640610901276	0.0197693559648737	0.0707334170550013	0.1124	0.183133417055001	0.278289248951333	0.107950565673856	IDO1	0.0528316184947487	0.0094430329363863	0.0257745196087942	0.0529572886206964	0.140722641687869	0.16276836741308
FAS:P25445:OID20316:v1	0.063095626355085	0.00796477183967242	0.0710603981947574	0.112	0.183060398194757	0.344671086577435	0.0435089834733054	FAS	0.0317384879766988	0.0102765074938781	0.0218906745452356	0.141995239840497	0.205811374125613	0.21861696185341
FABP3:P05413:OID30351:v1	0.0066981899097267	0.00469551863051687	0.0113937085402435	0.1713	0.182693708540243	0.0366634952196574	0.0257015891134671	FABP3	0.000282527469148346	0.00712388318275228	0.0166863299822527	0.260220746707525	0.284183690073141	0.30315219379682
TFF3:Q07654:OID20371:v1	0.0300133738138498	0.0603413259610009	0.0903546997748507	0.0923	0.18265469977485	0.164317555753264	0.330357368495749	TFF3	0.0212637253806756	0.0123591058403271	0.0323716738595843	0.169987638277734	0.235796513559936	0.254930622136755
ADAMTSL2:Q86TH1:OID30370:v1	0.0118694405399062	0.0185108585551022	0.0303802990950084	0.152	0.182380299095008	0.0650807164962648	0.101495932658051	ADAMTSL2	0.0107743677663974	0.0234314708152328	0.02306210914737	0.137127172555459	0.194212251564779	0.211369163693223
NOTCH1:P46531:OID20311:v1	0.0122154883173216	0.0478042898094043	0.0600197781267259	0.1223	0.182319778126725	0.0670003465495167	0.262200241249617	NOTCH1	0.0388476596337676	0.0278574492424813	0.0302992069384035	0.0398831255795964	0.136788504666234	0.158144397942646
ANGPTL2:Q9UKU9:OID20726:v1	0	0.0747259821782122	0.0747259821782122	0.1075	0.182225982178212	0	0.41007314810427	ANGPTL2	0.0651892239226677	0.0168015241381002	0.026875568033535	0.11870551958689	0.227318621899426	0.240598576873491
TSHB:P01222:OID20129:v1	0	0.0674480803309859	0.0674480803309859	0.1144	0.181848080330985	0	0.370903449781939	TSHB	0.0707379920819106	0.000888718531046077	0.0214593606408788	0.01005601387969	0.102825989389689	0.109108089323945
ST6GAL1:P15907:OID20302:v1	0.0275863952397465	0.0123665070578556	0.0399529022976022	0.1418	0.181752902297602	0.15177966839053	0.0680402177985952	ST6GAL1	0.00373736203008921	0.0165172980276028	0.0125164367166437	0.0685899235846262	0.101082856136229	0.116155271132823
ROBO4:Q8WZ75:OID30226:v1	0.00402193057908491	0.123870035408133	0.127891965987218	0.0536	0.181491965987218	0.0221603780487349	0.682509744904395	ROBO4	0.124694743000149	0.000831186162118704	0.00900613266293178	0.00602842909804563	0.140163692619871	0.145240271959564
IDO1:P14902:OID30563:v1	0.0510781368533106	0.0177432486312946	0.0688213854846052	0.1125	0.181321385484605	0.281699462624321	0.0978552451707416	IDO1	0.0528316184947487	0.0094430329363863	0.0257745196087942	0.0529572886206964	0.140722641687869	0.16276836741308
CES3:Q6UWW8:OID21340:v1	0.0586540965185714	0.0270606243210778	0.0857147208396492	0.0956	0.181314720839649	0.323493295232458	0.149246703167635	CES3	0.0431591796179111	0.00835756789292923	0.0277911937252625	0.0512046652832651	0.130290375510178	0.147905289194404
C1S:P09871:OID30731:v1	0.114438651427739	0.0211969781866097	0.135635629614348	0.0454	0.181035629614348	0.632133308075996	0.117087328233478	C1S	0.0940071205668138	0.0116797715657006	0.0273120827628027	0.0536253525296587	0.186534405272323	0.196303314533301
SCPEP1:Q9HB40:OID30278:v1	0.0804823141773365	0.0115453613900686	0.0920276755674052	0.089	0.181027675567405	0.444585690696609	0.063776775312843	SCPEP1	0.0554757229489438	0.00707136639673753	0.0286282933071934	0.0477838627361992	0.138851652703654	0.15798079542757
THTPA:Q9BU02:OID31375:v1	0.0946161670313064	0.00319295193385185	0.0978091189651583	0.0828	0.180609118965158	0.523872590561493	0.0176787969076346	THTPA	0.052181460638969	0.00243972920934455	0.041372458303582	0.0257212983598197	0.121407859700282	0.140564129737168
IDO1:P14902:OID31474:v1	0.0529424542450742	0.0205719202898428	0.0735143745349171	0.107	0.180514374534917	0.293286639257825	0.113962781871776	IDO1	0.0528316184947487	0.0094430329363863	0.0257745196087942	0.0529572886206964	0.140722641687869	0.16276836741308
ST3GAL1:Q11201:OID21322:v1	0.0388335301868026	0.0357485978973663	0.0745821280841689	0.1059	0.180482128084168	0.215165515827098	0.198072785803449	ST3GAL1	0.0378026630381899	0.0134930111313012	0.0261764453910874	0.0827797946592332	0.160186829536823	0.173375417101173
IL1RN:P18510:OID20700:v1	0.0401541609234055	0.00148211118728307	0.0416362721106886	0.1386	0.180236272110688	0.222786237493558	0.00822315713661044	IL1RN	0.0312896715765741	0.0456244776880916	0.0152678132640432	0.220176651238675	0.312154332268949	0.327881690376455
MB:P02144:OID20263:v1	0	0.0136480256190971	0.0136480256190971	0.1664	0.180048025619097	0	0.0758021398577864	MB	0.00695911353598281	0.0053347757901844	0.016564537606388	0.275770866090382	0.304465106758627	0.316566192514037
SPARC:P09486:OID21511:v1	0.00822082245366011	0.0475377308846092	0.0557585533382693	0.1241	0.179858553338269	0.0457071532105497	0.264306200635354	SPARC	0.0590333714571271	0.000728281392759595	0.0112049953126358	0.00806655749636718	0.0787532914088319	0.086135626543791
PSAP:P07602:OID30419:v1	0.0439482324749647	0.0267883854212397	0.0707366178962044	0.109	0.179736617896204	0.244514629180038	0.149042447414414	PSAP	0.0450784155983668	0.0236788778491388	0.0158984469172923	0.0913997660643801	0.175441820045124	0.197022604738306
CD63:P08962:OID20988:v1	0.00579490538719782	0.0579584759176882	0.063753381304886	0.1157	0.179453381304886	0.0322919821574855	0.322972325716273	CD63	0.0588064673631292	0.00300824066023566	0.0109202906724265	0.0240218728183644	0.0965271403164575	0.107147208527446
GSN:P06396:OID30714:v1	0.038110013999396	0.0099797932071791	0.0480898072065751	0.1313	0.179389807206575	0.212442471469466	0.0556318854598407	GSN	0.0261016972486718	0.0139065464285661	0.0228405824392	0.026879101166984	0.0892228182601712	0.1092664804355
LYVE1:Q9Y5Y7:OID30728:v1	0.0199390816942175	0.0905783821862608	0.110517463880478	0.0687	0.179217463880478	0.111256354500781	0.505410467401035	LYVE1	0.100570877615113	0.00352229744230518	0.0231955484031285	0.045369305346746	0.171977929913264	0.184571756057106
RSPO3:Q9BXY4:OID21415:v1	0.0182067701200229	0.016570913401806	0.034777683521829	0.1444	0.179177683521829	0.101612933944448	0.0924831322522776	RSPO3	0.00889751564930165	0.00499246706197205	0.0305199853772241	0.146307470295743	0.190373091091733	0.207542361576868
APCS:P02743:OID30778:v1	0.0260657845901076	0.00773159623954103	0.0337973808296486	0.1451	0.178897380829648	0.14570243828739	0.0432180516209082	APCS	0.0130220137119748	0.0335188992287565	0.0235453387046527	0.291547063950872	0.361569369184398	0.381696900555789
F2R:P25116:OID20691:v1	0.0142110902588779	0.024490908381947	0.0387019986408249	0.1399	0.178601998640824	0.0795684839308934	0.13712561207783	F2R	0.0224975613077533	0.00273832017939071	0.0285981130811308	0.0146230984154245	0.0683810067669034	0.0851922531317613
STC2:O76061:OID21157:v1	0.00687605483894307	0.0130856754404922	0.0199617302794353	0.1585	0.178461730279435	0.0385295762188148	0.0733248266729384	STC2	0.0101017058234849	0.00319459884673055	0.0213240155864828	0.109024094650129	0.14353580898966	0.171916737725043
PTPRF:P10586:OID20310:v1	0.00278588507551222	0.0581976915147905	0.0609835765903027	0.1174	0.178383576590302	0.0156173854609419	0.326250278345155	PTPRF	0.058136226350008	0.00515382423585452	0.0149454592161992	0.113040340223899	0.191248524410331	0.206613543672346
CCL7:P80098:OID20523:v1	0.0114666160806665	0.0570871850315142	0.0685538011121807	0.1097	0.17825380111218	0.0643274702088972	0.320257883284	CCL7	0.0259672775699927	0.0203898662827538	0.0282970717937109	0.0938287916070909	0.168088351297979	0.180340856406794
EPHA2:P29317:OID21342:v1	0.0165817235377895	0.0127369249867328	0.0293186485245224	0.1489	0.178218648524522	0.0930414615702126	0.0714679697785962	EPHA2	0.0139598185792459	0.0324318996988517	0.0184131648558075	0.115674562237608	0.180389438436059	0.199976907295658
CD59:P13987:OID20339:v1	0.0341761394951488	0.0065456798979574	0.0407218193931062	0.1374	0.178121819393106	0.191869472317278	0.0367483327997644	CD59	0.0145979636764397	0.0215682129513458	0.0246173339587489	0.235558321395505	0.296284148825107	0.314658734161401
CCL11:P51671:OID20668:v1	0.0084596628084025	0.0603840893044866	0.0688437521128891	0.1091	0.177943752112889	0.047541218547733	0.339343689157338	CCL11	0.0535914311316329	0.0131153039821286	0.0298086291965026	0.127477070989181	0.223911327059871	0.24154542145894
NCS1:P62166:OID21458:v1	0.0104798923317037	0.0318396017535603	0.0423194940852641	0.1354	0.177719494085264	0.0589687270135704	0.179156495563084	NCS1	0.0290180656264101	0.0126550961919561	0.0125337579175244	0.196483675481018	0.250463531235163	0.264449093618448
TFF2:Q03403:OID20787:v1	0.0165719713054097	0.0379403165344331	0.0545122878398429	0.1229	0.177412287839842	0.0934093771473704	0.213853938734409	TFF2	0.0440943670182643	0.0243122036322435	0.0141064938338305	0.102755183233139	0.185005138800514	0.20095354312962
VEGFB:P49765:OID30554:v1	0.0160473066769237	0.0219007682034402	0.037948074880364	0.1393	0.177248074880364	0.0905358587829804	0.123559977834582	VEGFB	0.0232249799545657	0.0215307926660926	0.0174855755057279	0.0788871409256442	0.141093428370594	0.155212606741114
RAB6A:P20340:OID20608:v1	0.00123440879173046	0.127900254342163	0.129134663133893	0.0481	0.177234663133893	0.00696482713879687	0.721643566109524	RAB6A	0.0847420844270216	0.0161728543774615	0.0449900669094487	0.0499558566819235	0.195583043272187	0.214116612339985
B4GALT1:P15291:OID20780:v1	0.027504153068812	0.0672159835018571	0.0947201365706691	0.0825	0.177220136570669	0.155197674491376	0.379279605594106	B4GALT1	0.0404055002061678	0.0065653240961183	0.0505192763483033	0.060573727129791	0.157943153234564	0.169917459879168
SLITRK1:Q96PX8:OID30510:v1	0.00744129053212179	0.00960326406522672	0.0170445545973485	0.1599	0.176944554597348	0.0420543630124987	0.0542727301616018	SLITRK1	0.0134601263131382	0.0277280952362295	0.0125392035123476	0.166693917438905	0.220225924930222	0.239262923007009
MRI1:Q9BV20:OID30891:v1	0.157515477679227	0.00148203704338312	0.15899751472261	0.0179	0.17689751472261	0.890433525458084	0.0083779415765511	MRI1	0.124255395830176	0.00128390562534628	0.0379085821024681	0.0345847415510906	0.197554063559757	0.215220910892958
CFI:P05156:OID30772:v1	0.0452969061599427	0.00568441151924739	0.0509813176791901	0.1257	0.17668131767919	0.25637632068259	0.0321732461242387	CFI	0.0119360863870205	0.0319681263288692	0.023761265612243	0.20404776589697	0.271509319880571	0.290614062702912
VEGFC:P49767:OID21524:v1	0.0119138554707668	0.0425794292485882	0.0544932847193551	0.122	0.176493284719355	0.0675031658553542	0.24125240411438	VEGFC	0.0551518170690674	0.0016403728240758	0.0269238943408193	0.0117786747658188	0.0951739662122973	0.107286074008462
LEP:P41159:OID20187:v1	0	0.00105853414408579	0.00105853414408579	0.1752	0.176258534144085	0	0.00600557669009365	LEP	5.32077939480663e-05	0.0607613862799157	0.00200834404595042	0.635352607090048	0.698120989194993	0.703614949159873
JAM3:Q9BX67:OID30586:v1	0.0110052838953089	0.0566096021073376	0.0676148860026466	0.108	0.175614886002646	0.0626671471070118	0.322350817723302	JAM3	0.0350374842247736	0.00546477962516363	0.0360178756675257	0.0100378595929062	0.0864273149064321	0.100780424582388
ARHGEF5:Q12774:OID30871:v1	0.158594533400456	0.00154473088064374	0.160139264281099	0.0154	0.175539264281099	0.903470423269466	0.00879991657120136	ARHGEF5	0.0860671514910179	0.000121214836392922	0.0143520967439761	0.00268630112631844	0.10316118380884	0.110334270060473
CYB5R2:Q6BCY4:OID31512:v1	0.0706262220918086	0.00399425375396	0.0746204758457687	0.1009	0.175520475845768	0.402381669440484	0.0227566256000228	CYB5R2	0.0316856532694466	0.00190934272258848	0.0471714203226791	0.0368246476177842	0.11732377779554	0.137476584162556
KLK6:Q92876:OID21526:v1	0.0250895690136878	0.00341345321795494	0.0285030222316427	0.1468	0.175303022231642	0.143121143573525	0.0194717305754401	KLK6	0.00138876604492554	0.00765565525436912	0.0228976465757436	0.0696227973496192	0.101341497521014	0.123791332798951
STC1:P52823:OID21014:v1	0.00325410011146141	0.0256858857911349	0.0289399859025963	0.1459	0.174839985902596	0.0186118758512957	0.14691082053418	STC1	0.0128086139158532	0.0399392551362664	0.0158116056267895	0.129861969123498	0.198338549990106	0.217904731381889
TIMP4:Q99727:OID21147:v1	0.0807382100904197	0.010063878137282	0.0908020882277018	0.0839	0.174702088227701	0.462147939440699	0.0576059407152883	TIMP4	0.076043996510499	0.0166521271337003	0.0120241894792709	0.118028412350182	0.222607094556723	0.242181754354271
LEPR:P48357:OID20128:v1	0.0417967445984946	0.0279676736180195	0.0697644182165141	0.1049	0.174664418216514	0.23929741973367	0.16012233002918	LEPR	0.0522261469712789	0.00903268054874996	0.0196612048116192	0.116640348221829	0.197113399728478	0.209523128128045
PTGDS:P41222:OID20408:v1	0.0249008851523527	0.0025085337251483	0.027409418877501	0.1468	0.174209418877501	0.142936503162681	0.0143995298377766	PTGDS	0.0105302465885873	0.0407581289966663	0.0131553642620957	0.148019740975257	0.212282344447328	0.232585173899221
FSTL3:O95633:OID20782:v1	0.00871953886735707	0.00196994525124806	0.0106894841186051	0.1635	0.174189484118605	0.0500577799600116	0.0113092088263303	FSTL3	0.00343408073718321	0.0301677249028404	0.0133860438584983	0.244402301939842	0.291297714873348	0.308904817000467
GP6:Q9HCN6:OID21091:v1	0.0549837907944073	0.00969242287801795	0.0646762136724252	0.1094	0.174076213672425	0.315860447756953	0.0556791917375744	GP6	0.0283593836355225	0.00181768609554196	0.04220966881364	0.0137532180027155	0.0860322286242441	0.10547951003405
CA9:Q16790:OID21417:v1	0.0249761141886415	0.0243968115680405	0.049372925756682	0.1245	0.173872925756682	0.143645792350633	0.140314033722429	CA9	0.0389927375232185	0.00820748276969532	0.019284528820206	0.0720247670802065	0.13775553692495	0.151987323493403
GNPDA2:Q8TDQ7:OID30597:v1	0.0627061480605253	0.0250244951068588	0.0877306431673841	0.0857	0.173430643167384	0.36156325615425	0.144291081724852	GNPDA2	0.0452486057488398	0.00503030225542686	0.0371302694107834	0.0172233947366503	0.104018038079404	0.125690588942388
POMC:P01189:OID30282:v1	0.0056992295347998	0.0484700660777581	0.054169295612558	0.119	0.173169295612558	0.0329113167241323	0.279899885867776	POMC	0.0368549649968471	0.00461399965146197	0.0307879974398693	0.107582291643557	0.179336105374016	0.196660591542539
HBQ1:P09105:OID21433:v1	0.134009471902168	0.0038724973408088	0.137881969242976	0.0345	0.172381969242976	0.777398427983371	0.0224646310621409	HBQ1	0.0649662841532104	-0.000123974956044965	0.0422246520859567	0.0864696050548799	0.193494828796143	0.209599868330616
CDHR2:Q9BYE9:OID21282:v1	0.0079910777598276	0.0138564828965573	0.0218475606563849	0.1503	0.172147560656384	0.0464199302584263	0.080491892209937	CDHR2	0.0148961547320979	0.0402802387896735	0.017240995511027	0.426517856357521	0.498765626414567	0.514441952956448
MFAP4:P55083:OID30598:v1	0.0348123021097138	0.0219290232610205	0.0567413253707343	0.1153	0.172041325370734	0.202348488275687	0.127463696375073	MFAP4	0.0281380006747341	0.00787559795471856	0.0370565724311099	0.0661031449711654	0.138412159479127	0.156235327503113
GSTA1:P08263:OID20166:v1	0.0567105042249152	0.0145283929381461	0.0712388971630613	0.1007	0.171938897163061	0.329829405449383	0.0844974184309668	GSTA1	0.0495580098587494	0.0230539030860694	0.0177734085089444	0.195794829406949	0.285886041546192	0.300399177268211
GP1BB:P13224:OID30174:v1	0.00805629566506279	0.0654812011153681	0.0735374967804309	0.0982	0.17173749678043	0.0469105222569005	0.381286570160544	GP1BB	0.0628110378265034	0.000449330311740406	0.0196203564216845	0.0115414040536344	0.0942592785120504	0.107391014448531
COL6A3:P12111:OID20292:v1	0.00581756704731216	0.00389527965490164	0.00971284670221381	0.162	0.171712846702213	0.0338796261260582	0.0226848469972481	COL6A3	8.03066030559708e-05	0.036054481409807	0.016187108364177	0.204139877838239	0.256164429536458	0.276100614288905
CTHRC1:Q96CG8:OID30393:v1	0.0173219529632842	0.00255943002909764	0.0198813829923818	0.1518	0.171681382992381	0.100895930946996	0.0149080231326608	CTHRC1	0.00444882422189125	0.00174600264122351	0.0261139902433593	0.291318475505672	0.323418685304025	0.343077428341861
CKB:P12277:OID30400:v1	0	0.00834377180013076	0.00834377180013076	0.1631	0.17144377180013	0	0.0486676868603774	CKB	0.0119195483685481	0.0344430594909529	0.00694495080543003	0.27197815190051	0.325115059306626	0.345594486396512
APOF:Q13790:OID30701:v1	0.0224702177392253	0.0185705152767409	0.0410407330159663	0.1302	0.171240733015966	0.131220051114417	0.108446833587248	APOF	0.100676404056763	0.0263504285421277	0.0594442744243831	0.295274220743965	0.481540471900399	0.500562745349454
WFDC2:Q14508:OID21505:v1	0.00756752310749828	0.00360665604348489	0.0111741791509831	0.1599	0.171074179150983	0.044235331977361	0.0210824103402641	WFDC2	0.00505717018420242	0.0368493612096961	0.00901260413281305	0.218347991312487	0.269090817540311	0.29238539250687
MMP9:P14780:OID21103:v1	0.0100217258140896	0.043979349121257	0.0540010749353467	0.1164	0.170401074935346	0.0588125739106523	0.258093143707829	MMP9	0.0336500859409529	0.0153607904276509	0.0327842786944747	0.0669101461366158	0.148591023957734	0.164558993795045
CCN5:O76076:OID21068:v1	0.0525370621313599	0.00107976820592969	0.0536168303372896	0.1167	0.170316830337289	0.308466650226623	0.00633976221722399	CCN5	0.0323854613154876	0.00601390290642621	0.022501057577187	0.271627974486162	0.33223117059428	0.346484841627538
HPSE:Q9Y251:OID30409:v1	0.0191662591062695	0.0320302449845202	0.0511965040907898	0.1191	0.170296504090789	0.112546403747968	0.188085158621013	HPSE	0.0278473345651201	0.0035766989403898	0.0319877320588651	0.0170051823490982	0.0801453223247288	0.0970028603706489
CHRDL2:Q6WN34:OID20223:v1	0.0593107116733068	0.0123970830758637	0.0717077947491705	0.0985	0.17020779474917	0.34846060816845	0.0728349902784001	CHRDL2	0.0199505613788976	0.0100501240310929	0.0448682656870735	0.0981910006322302	0.173023461885422	0.195797935120812
FLT1:P17948:OID21301:v1	0.00372586065717542	0.0926797584803243	0.0964056191374997	0.0738	0.170205619137499	0.0218903504834673	0.544516443992683	FLT1	0.0618309790758241	0.00964618560561012	0.0248861463659109	0.0241960981810673	0.120450464422056	0.136932970278501
CAPS:Q13938:OID31126:v1	0.0311097562509147	0.032413969182299	0.0635237254332137	0.1066	0.170123725433213	0.182865477297154	0.190531738590594	CAPS	0.034379478550542	0.00101405316841339	0.0265250912455182	0.0289902344086278	0.090505721641395	0.101368660678376
ACY1:Q03154:OID20137:v1	0.0295911181484091	0.00462018950450382	0.0342113076529129	0.1357	0.169911307652912	0.174156261623602	0.0271917718033324	ACY1	0.00558534925929967	0.0462916915719523	0.0134196593228051	0.233165915533456	0.29832605203776	0.320273773426581
SAA4:P35542:OID30726:v1	0.147102290313422	0.00205261901220282	0.149154909325625	0.02	0.169154909325625	0.869630629698418	0.0121345518163561	SAA4	0.0222372606365115	0.000267930895313881	0.00798713603569882	0.00653993777538557	0.0369401223981726	0.0419961361566584
TTR:P02766:OID30782:v1	0.0118155411107987	0.0222531922680277	0.0340687333788264	0.1349	0.168968733378826	0.0699273816790018	0.131700059668058	TTR	0.0140667111379203	0.0409625328605256	0.0300559563173322	0.130416338462232	0.21526130983005	0.238038438282172
PZP:P20742:OID30730:v1	0.0891486088935623	0.0037174896187464	0.0928660985123087	0.0758	0.168666098512308	0.528550845012025	0.0220405265286616	PZP	0.0632515163812058	0.0157472207502631	0.0494515345395823	0.494713976240635	0.623002259489977	0.635773653034666
HSPB6:O14558:OID21408:v1	0	0.0105538305016287	0.0105538305016287	0.1581	0.168653830501628	0	0.0625768799335207	HSPB6	0.0089668948373421	0.0063344495461585	0.00897798747802745	0.303204020686479	0.327165882490153	0.34434465644021
FGA:P02671:OID30788:v1	0.0238768495881022	0.00451872695416474	0.028395576542267	0.1401	0.168495576542267	0.141706091507469	0.0268180746752792	FGA	0.00746339135848556	0.0265972327499897	0.021037399168108	0.130811178792188	0.185872809773616	0.201314122494125
APOA2:P02652:OID30686:v1	0.00219189297474951	0.0317380920585702	0.0339299850333197	0.1345	0.168429985033319	0.0130136743425816	0.188434927737431	APOA2	0.0152812541201186	0.0135203815047286	0.0309133244065709	0.110599165772659	0.169775785642424	0.18597697068219
IGFBP6:P24592:OID20413:v1	0.00497955728216564	0.00409547013023464	0.00907502741240029	0.1591	0.1681750274124	0.0296093739884146	0.0243524273089113	IGFBP6	0.00470576367720783	0.0168769174485637	0.0121332183976665	0.305344318918724	0.338937600550558	0.354940160470006
LY96:Q9Y6Y9:OID20945:v1	0.00565956700731146	0.0391672495422131	0.0448268165495246	0.1229	0.167726816549524	0.033742767696544	0.233518112058415	LY96	0.0383966214457723	0.00505755766529597	0.019702206729027	0.054523370688986	0.117478120437104	0.123746453670394
CDHR1:Q96JP9:OID20808:v1	0.061914428027537	0.00804558712950385	0.0699600151570408	0.0973	0.16726001515704	0.370168733808886	0.048102274305965	CDHR1	0.0365930420835105	0.00167360610991719	0.0179017519690176	0.0253660583579747	0.08141943691673	0.0949372146251387
SPRR3:Q9UBC9:OID31131:v1	0.0425136761607485	0.00557034701887776	0.0480840231796263	0.1191	0.167184023179626	0.254292697066339	0.03331865637001	SPRR3	0.0218277895240487	0.00419435035501527	0.0291847075224502	0.166628891677725	0.221712645307023	0.232439958508711
LHPP:Q9H008:OID20749:v1	0.140975267938307	0	0.140975267938307	0.0261	0.167075267938307	0.843782982831202	0	LHPP	0.109943080053549	0.0047102346242927	0.0212142987044477	0.0863792852396737	0.222054881558773	0.237552404066432
NAGA:P17050:OID30509:v1	0.0324612789299905	0.0335092844006447	0.0659705633306353	0.101	0.166970563330635	0.19441318447079	0.200689772689391	NAGA	0.017909432267664	0.00457420962386151	0.0143822375939794	0.00321186070929039	0.0394604649741885	0.0528488547236381
ERN1:O75460:OID31391:v1	0.0286595289773339	0.0414579370139142	0.0701174659912482	0.0967	0.166817465991248	0.171801728356415	0.248522759697652	ERN1	0.0459398398094428	0.00931997519462632	0.0202739125585588	0.042987205389172	0.118357232261238	0.132211081860532
HRC:P23327:OID30211:v1	0.0160802323239594	0.0149832226615161	0.0310634549854755	0.1356	0.166663454985475	0.0964832531844539	0.0899010683705187	HRC	0.0207152028717822	0.0069991544070122	0.0127103382199719	0.00954554739265041	0.0493767692904573	0.0604743852039699
TIMP1:P01033:OID20418:v1	0.00722796693960844	0.0177719663131736	0.0249999332527821	0.1413	0.166299933252782	0.043463438608972	0.106866947962989	TIMP1	0.0189106170357344	0.0223237029049836	0.0108876553389119	0.0938437846083465	0.145844056662204	0.164027204913762
DIPK2B:Q9H7Y0:OID30582:v1	0.0194671818120334	0.0358633972459989	0.0553305790580324	0.1108	0.166130579058032	0.117180003358883	0.21587475014742	DIPK2B	0.0323818993466221	0.00685191524431223	0.00604203513827322	0.104406061366633	0.149580913851843	0.159784029880516
YAP1:P46937:OID31113:v1	0.00200527225339033	0.0291077492350587	0.031113021488449	0.135	0.166113021488449	0.0120717342651537	0.175228582167971	YAP1	0.0168854633648212	0.0213523121689805	0.0137117945706782	0.263612392258904	0.315483223369514	0.333923321054778
PROK1:P58294:OID20543:v1	0.0942342598382672	0.00236350077927405	0.0965977606175412	0.0691	0.165697760617541	0.568711728432926	0.0142639271071949	PROK1	0.0613118305987288	-0.00211669034888682	0.0344593549986659	0.481738252841322	0.575381033220658	0.588850387523919
SEMA3F:Q13275:OID20186:v1	0.024342864808678	0.0162427149901875	0.0405855797988655	0.1251	0.165685579798865	0.14692204860694	0.0980333654256779	SEMA3F	0.0250778606999049	0.0213742398770648	0.031202046806524	0.170084703264831	0.247569097185444	0.264247890646602
ITGA6:P23229:OID20528:v1	0.0327562374676622	0.0363601390571658	0.069116376524828	0.096	0.165116376524828	0.198382729545526	0.2202091629094	ITGA6	0.0356512691257718	0.00124731464685779	0.0440958461963753	0.0107956264408256	0.0914334812633286	0.108287366895713
CRIM1:Q9NZV1:OID20701:v1	0.0222898446163492	0.0199949019117373	0.0422847465280866	0.1228	0.165084746528086	0.135020618713292	0.121119015125576	CRIM1	0.0150279190778712	0.0166211293933611	0.028912058285842	0.0735350103134984	0.133881145739509	0.153155865656807
ITGB1:P05556:OID20376:v1	0	0.0398497301842088	0.0398497301842088	0.125	0.164849730184208	0	0.241733669443555	ITGB1	0.0164017053623446	0.00738737625033412	0.0276417745649931	0.0868677191064397	0.138208153675982	0.155095028308025
SERPINA7:P05543:OID30724:v1	0.0943991187655955	0.0080936000827641	0.102492718848359	0.0623	0.164792718848359	0.572835495556454	0.0491138209219774	SERPINA7	4.21418885602154e-06	0.0503294763739446	0.0117358517829717	0.0568845604872462	0.118373105945017	0.136669452740017
OSM:P13725:OID20574:v1	0.00176152814919079	0.0467748233291399	0.0485363514783307	0.116	0.16453635147833	0.0107060119746412	0.284282609337548	OSM	0.0176990661229467	0.0227662839823709	0.0375784034164784	0.0765549131086655	0.154507141586171	0.178913600048878
PLXNB3:Q9ULL4:OID20160:v1	0.0109783913105764	0.0123032916355407	0.0232816829461171	0.1412	0.164481682946117	0.0667453731864654	0.0748003754288626	PLXNB3	0.00328567644542918	0.00353918381980144	0.0167762933093717	0.0180534360044791	0.0415314151963423	0.0584350898360587
LGALS1:P09382:OID20154:v1	0.063658858150576	0.00161456513106894	0.0652734232816449	0.0989	0.164173423281644	0.387753735520073	0.00983450974460772	LGALS1	0.0278114519531415	0.0180358566796748	0.0278197573322643	0.140095593341258	0.213426672373233	0.228628004136394
DXO:O77932:OID31080:v1	0.0837227052950306	0.00328138016692572	0.0870040854619563	0.0771	0.164104085461956	0.510180505618428	0.0199957250161601	DXO	0.0625929531149885	0.00106338205375741	0.0202714798932142	0.0295347087094271	0.11310752980514	0.129046675616182
PTPRC:P08575:OID30380:v1	0.0333129438754919	0.0610769719807435	0.0943899158562355	0.0697	0.164089915856235	0.203016399281224	0.372216486686817	PTPRC	0.0596786597226045	0.00533621784094563	0.0295757130621411	0.0454895041224106	0.139920176771514	0.15529867522166
IFNLR1:Q8IU57:OID20506:v1	0.0831056975862706	0.00467690185254848	0.0877825994388191	0.0761	0.163882599438819	0.507105073210019	0.028538123440582	IFNLR1	0.0203103917186573	0.0116781824361604	0.0336104780854321	0.0632984539045227	0.128792493186794	0.145197492995862
FXYD5:Q96DB9:OID20463:v1	0.0595993190971066	0.00445157437132559	0.0640508934684322	0.0998	0.163850893468432	0.363741190758835	0.0271684473431525	FXYD5	0.0456058622737196	0.00119688577635078	0.0232847515483221	0.00931928010942145	0.0791702852241377	0.0946063761208348
CD93:Q9NPY3:OID20397:v1	0	0.0102010423742292	0.0102010423742292	0.1535	0.163701042374229	0	0.0623150728075944	CD93	0.00583267457027602	0.0203482304109296	0.018421055493983	0.0304443117653203	0.0745791114191362	0.0976475940891038
AGRP:O00253:OID20658:v1	0.00759769486701264	0.0372614838210215	0.0448591786880342	0.1188	0.163659178688034	0.0464238848558277	0.227677323812366	AGRP	0.0366522446033795	0.00696170375594748	0.0157112964338775	0.0862924264527592	0.14532744471954	0.165542770438269
CD46:P15529:OID20380:v1	0.00742336342356976	0.0152514085020732	0.022674771925643	0.1404	0.163074771925643	0.0455212252386566	0.0935240216618388	CD46	0	0.0137374864447373	0.0196887665521592	0.0524906681130448	0.0855758274920507	0.111566413474659
F11R:Q9Y624:OID21151:v1	0.00157142809287813	0.0169828042522389	0.018554232345117	0.1441	0.162654232345117	0.00966115710745171	0.104410466345598	F11R	0.000280059564420134	0.00883265500071053	0.0286581538460206	0.025224213360133	0.0628710200064005	0.0837165296258993
SPP1:P10451:OID20322:v1	0.0195537780023206	0.0171684061408185	0.0367221841431392	0.1259	0.162622184143139	0.120240532405526	0.105572349991972	SPP1	0.0174109323098314	0.00858815788498967	0.0255498703066626	0.0972558570430712	0.148639977793388	0.167272719517524
PF4:P02776:OID30764:v1	0.00437419106264694	0.0424259516963025	0.0468001427589495	0.1158	0.162600142758949	0.0269015204318213	0.26092198307106	PF4	0.0404426800124991	0.00112971725821758	0.0155562016212786	0.00430507280667651	0.0611444396599897	0.0708620867726582
TNFRSF14:Q92956:OID20783:v1	0.00906298233874897	0.00913825778265595	0.0182012401214049	0.1432	0.161401240121404	0.0561518754870275	0.0566182625101406	TNFRSF14	0.00167412493141096	0.0265484808166987	0.0161411931699308	0.0864555278264394	0.130579910645534	0.154855656415109
QDPR:P09417:OID20174:v1	0.0790318443887215	0.00159175182065	0.0806235962093715	0.0806	0.161223596209371	0.490200232762997	0.0098729457602651	QDPR	0.0427566978017619	0.00890643296242846	0.0459828801296665	0.0464460510219542	0.143926151150237	0.162156648619661
ROBO2:Q9HCK4:OID21007:v1	0.0143036169808017	0.0109493962506263	0.0252530132314281	0.1358	0.161053013231428	0.0888130975869909	0.0679862861981504	ROBO2	0.0170559233914756	0.0174125373140034	0.0180946561913804	0.129348989435658	0.181753953561097	0.196815071208869
TMEM25:Q86YD3:OID31015:v1	0.115227118122053	0.00250165311524716	0.117728771237301	0.0431	0.160828771237301	0.716458362739323	0.0155547611040067	TMEM25	0.0409553639542322	0.000198356476784091	0.0389309295968414	0.0149032544967332	0.0947741840032653	0.0997454002051447
CCL19:Q99731:OID21030:v1	0.00251910278148274	0.0689356959958459	0.0714547987773286	0.0891	0.160554798777328	0.015689987472604	0.429359299882726	CCL19	0.0596923510035172	0.00739332643160404	0.0347307933513908	0.0295965600988591	0.131180586602469	0.140883307037422
CLC:Q05315:OID20126:v1	0.00622585822688655	0.0381304097284425	0.0443562679553291	0.1155	0.159856267955329	0.038946600633929	0.238529337736684	CLC	0.036785771635481	0.00381555592733253	0.0253026440926361	0.0525689672477573	0.11837444181767	0.133644175212241
SNX15:Q9NRS6:OID30644:v1	0.115628450624079	0.0039274794020199	0.119555930026099	0.0403	0.159855930026099	0.72332912895506	0.0245688689895874	SNX15	0.0601816906340606	0.00352168278831798	0.0479848544218844	0.0635769742147254	0.17491748755646	0.195357083673584
CDON:Q4KMG0:OID20754:v1	0.029201178549542	0.00787054555389474	0.0370717241034368	0.1226	0.159671724103436	0.182882590599605	0.049292043397716	CDON	0.0113385808742845	0.00397122642248627	0.0337501074836333	0.0894308628915859	0.138289422031474	0.162649997697642
SMAD3:P84022:OID31418:v1	0.0480157280443005	0.0169153081515352	0.0649310361958358	0.0947	0.159631036195835	0.30079193362746	0.105965033834545	SMAD3	0.0408379022734066	-0.000862279355317598	0.0275804238680983	0.0161060592571565	0.0834964288119596	0.101900307637673
IL17D:Q8TAD2:OID20481:v1	0.0854093466427894	0.00549956846611171	0.0909089151089011	0.0686	0.159508915108901	0.535451868533355	0.0344781259552609	IL17D	0.0575363799991289	0.000173419563729013	0.0137436735749464	0.128115693920324	0.199242521039578	0.203999469396206
B2M:P61769:OID30725:v1	0	0.0468376909338406	0.0468376909338406	0.1126	0.15943769093384	0	0.293767995882957	B2M	0.0229396238848054	0.0148388131504612	0.0134707252418248	0.087345284211513	0.138379658990588	0.153949331791531
MAMDC4:Q6UXC1:OID31342:v1	0.0559384381132957	0.030557078695741	0.0864955168090368	0.0729	0.159395516809036	0.350941100685489	0.191706010981161	MAMDC4	0.0651622677523157	0.113908667770798	0.0164872846418714	0.0652241506116787	0.260370239770078	0.276156505094035
COL18A1:P39060:OID20332:v1	0.0412997702741452	0.00726328095216871	0.0485630512263139	0.1106	0.159163051226313	0.259480890545514	0.0456342153295431	COL18A1	0.0330131229918035	0.0284660117179864	0.0159535059230628	0.155043695298095	0.232096326559915	0.246516282333199
CXCL17:Q6UXB2:OID20622:v1	0.0038368789873939	0.00929635486572963	0.0131332338531235	0.146	0.159133233853123	0.0241111105109273	0.0584186887970237	CXCL17	0.0126540736688401	0.0371935276501925	0.0074000673873314	0.288712901007279	0.345778705502761	0.361109999122074
ITIH4:Q14624:OID30762:v1	0.0576788871965501	0.0155071631205723	0.0731860503171225	0.0859	0.159086050317122	0.362564078255591	0.097476573776647	ITIH4	0.0372956047771296	0.0147037314155264	0.0365960936847769	0.107443561670249	0.195778868624694	0.216182208322036
IGSF8:Q969P0:OID20167:v1	0.00878644885453241	0.0115501925954178	0.0203366414499502	0.1387	0.15903664144995	0.0552479527637507	0.0726259841135588	IGSF8	0.00109841401437252	0.0154873759516505	0.0237510289276075	0.0515823725631232	0.0917090580737613	0.114614172818709
ITPR1:Q14643:OID30216:v1	0.00759232328846278	0.0323959504299765	0.0399882737184393	0.119	0.158988273718439	0.0477539827994386	0.203763143484079	ITPR1	0.0310337554070175	0.0011752141397753	0.0069872439562339	0.0059523028912618	0.0450027208702355	0.0535610088750035
GP5:P40197:OID30611:v1	0.0083081543727421	0.0143555417441524	0.0226636961168945	0.1363	0.158963696116894	0.0522644765798139	0.090307045538222	GP5	0.000948436516966554	0.000787046749341284	0.024303375713394	0.011558713802784	0.0373531386816968	0.0612100786158222
EFNA4:P52798:OID20935:v1	0.011407108759748	0.00885303888434556	0.0202601476440936	0.1386	0.158860147644093	0.0718059811029779	0.0557285072161691	EFNA4	0.00464781161440683	0.0416631599796415	0.0087089851932984	0.119849117770922	0.174621480877506	0.195352647275884
LRTM2:Q8N967:OID31020:v1	0.0125096541607491	0.015907604631341	0.0284172587920901	0.1303	0.15871725879209	0.0788172266579779	0.100226054509793	LRTM2	0.00913674161633744	0.0111007356333933	0.0162416993243473	0.112709572619597	0.14901704237369	0.164091622429075
LACRT:Q9GZZ8:OID31367:v1	0.00243570768365494	0.0335449589380603	0.0359806666217152	0.1222	0.158180666621715	0.0153982641221247	0.212067376212809	LACRT	0.0146148399065815	0.00552437093076721	0.0145436894672511	0.0363831580070898	0.0709413893888177	0.0817266418487096
MDK:P21741:OID21489:v1	0.0174910345303439	0.0258429105866367	0.0433339451169806	0.1147	0.15803394511698	0.110678971643697	0.163527592553025	MDK	0.020761200521933	0.010570757412499	0.0284567186311156	0.0299853043050942	0.0896933368547056	0.101945628852784
VSIG2:Q96IQ7:OID31371:v1	0.0310185843495867	0.0301788318153868	0.0611974161649736	0.0967	0.157897416164973	0.196447700684209	0.191129358214801	VSIG2	0.033803231991275	0.0276234846824124	0.0255622315071958	0.0903855826822893	0.177292010854984	0.196844403413767
ITGB5:P18084:OID21522:v1	0.0113434928494881	0.0407522646868161	0.0520957575363043	0.1057	0.157795757536304	0.0718871852234578	0.258259571252669	ITGB5	0.0404073089109811	0.00740041065923002	0.0102151314874306	0.0499075024246763	0.107808928895431	0.123424030222662
REG4:Q9BYZ8:OID20784:v1	0.0328906923530934	0.00133766226669587	0.0342283546197892	0.1235	0.157728354619789	0.20852745489153	0.00848079769753743	REG4	0.0135173569287722	0.016970920736844	0.0327951688015093	0.110158687022177	0.173207518687315	0.194569054544587
DTX3:Q8N9I9:OID21349:v1	0.00616445772028143	0.0378586323119519	0.0440230900322334	0.1137	0.157723090032233	0.0390840536982988	0.240032276214059	DTX3	0.0226820820134779	0.00690564431033729	0.0191680493115704	0.172713253424939	0.221431592630662	0.23822727730574
FGF21:Q9NSA1:OID21402:v1	0.00929846668306502	0.0217017202561677	0.0310001869392327	0.1263	0.157300186939232	0.059112877511437	0.137963728323803	FGF21	0.0119569450560979	0.0801965724165216	0.0231322164405098	0.115360812966863	0.230512825166713	0.253093748740616
PROS1:P07225:OID30737:v1	0.0179583360149267	0.0308233771588799	0.0487817131738067	0.1077	0.156481713173806	0.114763160823655	0.196977503209234	PROS1	0.0262423214226905	0.011388134359731	0.0242166790874338	0.085462328306074	0.147022092925138	0.172617161719152
ZFYVE19:Q96K21:OID31452:v1	0.0717570318159975	0.00696048994425835	0.0787175217602559	0.0776	0.156317521760255	0.459046631548133	0.0445278933921025	ZFYVE19	0.048716428520774	0.0013415803480827	0.0355105075440857	0.0212558302782874	0.106730173939252	0.127921141345298
CCL26:Q9Y258:OID20546:v1	0.0366782268161586	0.0311351561854762	0.0678133830016348	0.0885	0.156313383001634	0.234645467405532	0.199184200275101	CCL26	0.0407213876886564	0.00149901675530796	0.0233199426913158	0.0314764077670302	0.0967529596313947	0.113691492705491
BCAT1:P54687:OID30312:v1	0.111629998022404	0.00758432712944157	0.119214325151846	0.0369	0.156114325151846	0.715052881366438	0.0485818781976899	BCAT1	0.0825232446448809	0.00388870597790457	0.0184240953571093	0.0381235443255324	0.142294456936386	0.151890073454402
CANT1:Q8WVQ1:OID20181:v1	0.015879045361614	0.0161942036878123	0.0320732490494264	0.1239	0.155973249049426	0.101806210093002	0.10382680226582	CANT1	0.00885912596922505	0.0121727138022329	0.0317803022445385	0.0572135449940737	0.110003173780672	0.12531989578767
MMP7:P09237:OID20087:v1	0.069379993898927	0.0142839519439864	0.0836639458429135	0.0722	0.155863945842913	0.445131768759731	0.0916437208537144	MMP7	0.0301200901675176	0.0184423379531857	0.0358767416713112	0.0957168622281667	0.180077198150708	0.194274976836317
PLXDC1:Q8IUK5:OID21258:v1	0.10556528857464	0.0169405883782297	0.122505876952869	0.0332	0.155705876952869	0.677978831888236	0.108798644661032	PLXDC1	0.0463826661508935	0.0100821721269176	0.0208872381441404	0.00974834761082772	0.0868350190955299	0.103304200403978
MUC13:Q9H3R2:OID20866:v1	0.0430908641747239	0.0249720152585914	0.0680628794333153	0.0874	0.155462879433315	0.27717783390991	0.160630083204544	MUC13	0.0338298746164477	0.0151157630734929	0.0431195369335099	0.0461032531376794	0.137783574754779	0.156472807842563
SUSD4:Q5VX71:OID31398:v1	0.086897412942804	0.00399436182689816	0.0908917747697021	0.0645	0.155391774769702	0.55921501039286	0.0257051046158523	SUSD4	0.0196664646011773	0.0344382754411929	0.0548145793040525	0.0379815922764817	0.146704155547447	0.162577085876618
RIDA:P52758:OID30635:v1	0.0542984328611312	0.00359126215480753	0.0578896950159388	0.0975	0.155389695015938	0.349433936758558	0.0231113276491029	RIDA	0.0271899032709641	0.0217727417948376	0.0290803894918625	0.166594097376403	0.24460322496887	0.263264771254937
EGF:P01133:OID20698:v1	0.0100291749994043	0.0287185768461826	0.0387477518455869	0.1166	0.155347751845586	0.0645595116778589	0.184866382068589	EGF	0.01823903049204	0.000778661711886122	0.0234761526362374	0.010331629765173	0.051993563754832	0.0677578694611835
ACE:P12821:OID30696:v1	0.113337755780924	0.0292041841638599	0.142541939944784	0.0127	0.155241939944784	0.730071756519119	0.188120453623854	ACE	0.125320319976238	0.000640435482947564	0.00689644207079181	0.0374964766278617	0.170109384584743	0.175032994254197
CLEC1B:Q9P126:OID21061:v1	0.0136053191858546	0.0227465859468526	0.0363519051327073	0.1184	0.154751905132707	0.0879169737793369	0.146987437261895	CLEC1B	0.0231676014032559	0.00401678865693654	0.0279339981445407	0.0122795495981547	0.0671205881245422	0.0821096620123462
MYBPC1:Q00872:OID30296:v1	0	0.0221272770899921	0.0221272770899921	0.1326	0.154727277089992	0	0.143008249780822	MYBPC1	0.0101467124378793	0.0114265455938903	0.0195802505837532	0.161974541609824	0.20302567128514	0.216970913786389
GSTA3:Q16772:OID21242:v1	0.0555050685600747	0.00647114950539953	0.0619762180654742	0.0927	0.154676218065474	0.358846817269475	0.0418367450816537	GSTA3	0.0447328520186198	0.0168301612193113	0.0185462165384725	0.139424365986045	0.219408023894268	0.234347591316316
JAM2:P57087:OID21064:v1	0.00455441894602319	0.0259244818567125	0.0304789008027357	0.1239	0.154378900802735	0.0295015635060311	0.167927623023036	JAM2	0.0130198013382811	0.0148972804938723	0.0163247546300455	0.114807047565019	0.158955807901021	0.184221436016993
IGFBP2:P18065:OID20325:v1	0.00354306893311982	0.00687027102300464	0.0104133399561244	0.1439	0.154313339956124	0.0229602245283992	0.044521562587901	IGFBP2	0.00436824730502289	0.0315015534942513	0.0121660265009426	0.287657203990389	0.335579423020285	0.356807546616884
CCL22:O00626:OID20765:v1	0.0313256528414246	0.0264197956466248	0.0577454484880494	0.0957	0.153445448488049	0.204148465465004	0.17217712162171	CCL22	0.0357055503521676	0.0234204095222332	0.0300429046644371	0.0650837766650422	0.154013957977536	0.169519826537101
FBP1:P09467:OID20227:v1	0.0628309450897675	0.00958920099480339	0.0724201460845709	0.0809	0.15332014608457	0.409802277745745	0.0625436463484324	FBP1	0.049411076129555	0.00841338391278167	0.00696994077778646	0.0977373709626449	0.16233381436418	0.180632438851998
PYY:P10082:OID30150:v1	0.0305158981178432	0.029261790601376	0.0597776887192193	0.0935	0.153277688719219	0.199088976176719	0.190907044892744	PYY	0.0237808418975925	0.00830989711393283	0.0421449709949194	0.0906085901419843	0.16468097508281	0.182681298668528
INSL5:Q9Y5Q6:OID31448:v1	0.019091436963218	0.0121261798487727	0.0312176168119907	0.122	0.15321761681199	0.12460340632138	0.0791435090891176	INSL5	0.0133032543493528	0.00991774543965364	0.00537521400305175	0.113091764476759	0.141573507108541	0.155430297438797
FABP4:P15090:OID20245:v1	0.00559841008700107	0.00234747643117283	0.0079458865181739	0.1452	0.153145886518173	0.0365560591556385	0.0153283675098531	FABP4	0.000123174561024292	0.0441724711864878	0.00721449382867204	0.450984876131089	0.502252397318696	0.511739142249132
EFCAB2:Q5VUJ9:OID31313:v1	0.0848560866464217	0.00886914654319455	0.0937252331896163	0.0593	0.153025233189616	0.554523491830102	0.0579587193453555	EFCAB2	0.0538631185177359	0.000754348834666964	0.0357194024506714	0.00590094375505435	0.0961519389338419	0.112209136076707
EPS8L2:Q9H6S3:OID21397:v1	0.0571473554788743	0.0045931037085426	0.0617404591874169	0.0912	0.152940459187416	0.373657538250519	0.0300319727882737	EPS8L2	0.0381457088968999	0.010704042893573	0.0136855109236773	0.117852604525107	0.18021716961977	0.199377993846813
FN1:P02751:OID30787:v1	0.0881940438386939	0.00361589417810001	0.0918099380167939	0.0611	0.152909938016793	0.576771169896149	0.0236472149880989	FN1	0.0647292185826938	0.0122367011706654	0.0224062327577146	0.0817662557568916	0.181021184665	0.196536075044785
DNM1:Q05193:OID31458:v1	0.0490825642643632	0.00445951635107842	0.0535420806154416	0.0992	0.152742080615441	0.321342776441145	0.0291963834269492	DNM1	0.0266980970780569	0.000136637840846331	0.035394188035859	0.011399447495272	0.073545939016596	0.0910100634497996
CETN3:O15182:OID31525:v1	0.0124657300207943	0.0253576012310896	0.037823331251884	0.1149	0.152723331251884	0.0816229577931014	0.166036197765145	CETN3	0.0309428086342876	0.000573230686815574	0.0185030903664619	0.0198543329610436	0.069773218707922	0.0896525480757597
HSPG2:P98160:OID20383:v1	0.0235741932252378	0.00453460627298162	0.0281087994982194	0.1246	0.152708799498219	0.154373508944471	0.0296944661203658	HSPG2	0.0063080258510648	0.0166261594784958	0.0203034513552903	0.188793432288885	0.231802600038537	0.251310587703795
CCS:O14618:OID20973:v1	0.123389299953917	0	0.123389299953917	0.0292	0.152589299953917	0.808636647465985	0	CCS	0.092962010902583	0.000829030528377033	0.0296660923959508	0.0677442797105659	0.191090751904013	0.207069607050349
PLXDC2:Q6UX71:OID31101:v1	0.0113814603568443	0.0816614892797391	0.0930429496365834	0.0592	0.152242949636583	0.0747585381392885	0.53638930061899	PLXDC2	0.0542990648803387	0.00240854775836164	0.036114959721212	0.0170207407707404	0.109802245552454	0.125752027817029
CXCL8:P10145:OID20631:v1	0.0055026876792109	0.0362738804763841	0.041776568155595	0.1104	0.152176568155595	0.0361598881214393	0.238367055559403	CXCL8	0.0142915907536	0.00506712695075964	0.0273357590503614	0.041798247132193	0.0879800097200256	0.105915881042567
NTproBNP:NTproBNP:OID20125:v1	0.0456032212391593	0.00662887452372035	0.0522320957628797	0.0997	0.151932095762879	0.300155283254515	0.0436305080268624	NTproBNP	0.0251544965857315	0.0149175555670625	0.0252884620877723	0.166694929975612	0.231993125192858	0.251020850472754
SCLY:Q96I15:OID21425:v1	0.0311768419699943	0.0102132905532095	0.0413901325232039	0.1105	0.151890132523203	0.205259166293976	0.0672413038526336	SCLY	0.0321281865835377	0.0295859548317776	0.0142474225276902	0.150469316686689	0.226045958907384	0.243851851599646
APOA1:P02647:OID30769:v1	0.00450214830360798	0.0462150962466694	0.0507172445502774	0.1008	0.151517244550277	0.029713768336871	0.305015421735273	APOA1	0.0261748518980922	0.034578224790927	0.0157835248140789	0.110247242064269	0.186569081338202	0.201662949799978
NTRK2:Q16620:OID20136:v1	0.00897832810996129	0.0176864799187841	0.0266648080287454	0.1248	0.151464808028745	0.0592766612047424	0.116769566138607	NTRK2	0.0195849345010483	0.00394865220884991	0.0163158356533321	0.0849939969610646	0.124767028353527	0.138979590162198
ZBTB16:Q05516:OID21205:v1	0.0774850295149537	0.0147123767532721	0.0921974062682258	0.059	0.151197406268225	0.512475917592756	0.0973057482690687	ZBTB16	0.0782590266021068	0.00128177162499788	0.0344347524065326	0.0484733085842765	0.162331303168774	0.177749246129189
JCHAIN:P01591:OID20494:v1	0	0.0475102344139105	0.0475102344139105	0.1035	0.15101023441391	0	0.314615990090364	JCHAIN	0.0381795202620945	0.00105497591549995	0.0241794314306171	0.022067075322151	0.0851459039574911	0.0951635489389267
REN:P00797:OID20201:v1	0.0135621474822158	0.00517865741005388	0.0187408048922697	0.1322	0.150940804892269	0.0898507695907379	0.0343091943477446	REN	0.00844363549583488	0.0279262931075604	0.0151034288298324	0.249348159747317	0.300598807998424	0.315506584369079
CA13:Q8N1Q1:OID20225:v1	0.050739639466812	0.00132280960640362	0.0520624490732156	0.0986	0.150662449073215	0.336776945940621	0.00877995555323012	CA13	0.0242084138129384	0.00147172552398253	0.0321791089695544	0.0153386429832471	0.0729454923627217	0.0888010935416009
DBI:P07108:OID21143:v1	0.0511983698528601	0.00233608537113612	0.0535344552239963	0.0971	0.150634455223996	0.339884854210328	0.0155083069651117	DBI	0.0314168352176084	0.00555632439959946	0.0236895280369847	0.0310981987313197	0.0916547435033724	0.107401765325359
VAT1:Q99536:OID21382:v1	0.00991261091730649	0.0306578557441403	0.0405704666614468	0.109	0.149570466661446	0.0662738516404024	0.204972655554619	VAT1	0.0373972022392323	0.00839739386933657	0.0174322146970704	0.0293726170451795	0.0923247097003651	0.11059531221688
HYAL1:Q12794:OID20357:v1	0.040202607549056	0.0137349683326247	0.0539375758816808	0.0956	0.14953757588168	0.268846190076437	0.0918496120566534	HYAL1	0.0192691146416114	0.00953839162118535	0.0238359486207226	0.0629597226815548	0.114999829690864	0.13253197907119
CFD:P00746:OID30738:v1	0.0414270467070671	0.00426172905991807	0.0456887757669852	0.1035	0.149188775766985	0.277682060825883	0.0285660166993687	CFD	0.023136078136466	0.0106285475978905	0.0205550385253785	0.148725318331836	0.202795142426006	0.213646301495403
FABP1:P07148:OID20778:v1	0.0261600245422548	0.00118556967286199	0.0273455942151168	0.1214	0.148745594215116	0.175870920280314	0.00797045236275987	FABP1	0.00814432677483874	0.0207608070997304	0.0153300544530452	0.184241522227899	0.22832625176149	0.247577107859548
PIGR:P01833:OID21102:v1	0.0191632649510425	0.0165922633981203	0.0357555283491629	0.1129	0.148655528349162	0.128910543481651	0.111615515294852	PIGR	0.0259607261624878	0.0368843313208173	0.0292225258694431	0.0456990783128866	0.137425896184631	0.157432622827084
RBP7:Q96R05:OID31526:v1	0.0499541576033223	0.0398399041461526	0.089794061749475	0.0587	0.148494061749475	0.336405085932663	0.268292911358076	RBP7	0.0405157077952998	0.0096728445126363	0.0373637154714247	0.114567203715448	0.202067841721532	0.22300086003002
HJV:Q6ZVN8:OID31006:v1	0.011776325093816	0.0185065092771199	0.030282834370936	0.1182	0.148482834370936	0.0793110203190002	0.124637365359604	HJV	0.0103878327912308	0.0122891050948508	0.0110195325476727	0.0711176031121113	0.104629599754774	0.122785548057572
APEX1:P27695:OID21434:v1	0.0834414090705212	0.0044789469869873	0.0879203560575085	0.0605	0.148420356057508	0.562196529418041	0.0301774440242674	APEX1	0.0646378785548457	0.00605816815716844	0.0221291762027247	0.105811388030981	0.198300928943684	0.21457261759758
CXCL8:P10145:OID21430:v1	0.00596814846267663	0.0369584712347326	0.0429266196974092	0.1054	0.148326619697409	0.0402365298612739	0.249169510571528	CXCL8	0.0142915907536	0.00506712695075964	0.0273357590503614	0.041798247132193	0.0879800097200256	0.105915881042567
RECK:O95980:OID30234:v1	0.0377111838818616	0.0149889611718409	0.0527001450537026	0.0955	0.148200145053702	0.25446118064322	0.101139989886038	RECK	0.0447198893570804	0.00193252861474965	0.0149708792818357	0.122418644381423	0.18371353648177	0.192121401401074
NAGK:Q9UJ70:OID30271:v1	0.0335910350065438	0.0013496579074024	0.0349406929139462	0.1129	0.147840692913946	0.227211022516623	0.00912913678095383	NAGK	0.01596408336501	0.00372357070313361	0.0244455017043032	0.0578020683140509	0.101567865727017	0.122971242189262
ANGPTL4:Q9BY76:OID20703:v1	0.0606997711064662	0	0.0606997711064662	0.0871	0.147799771106466	0.410689209137825	0	ANGPTL4	0.0366506581090686	0.0256164064836349	0.0246677170417193	0.0947914019126405	0.181618362411001	0.202815730205178
FUOM:A2VDF0:OID30626:v1	0.0259875911940132	0.014258099014324	0.0402456902083373	0.1075	0.147745690208337	0.175894072831281	0.0965043311532035	FUOM	0.0219861468249155	0.0201233384163788	0.021811080871358	0.16730889166152	0.230650255730601	0.248095740714571
PDCD5:O14737:OID21021:v1	0.086878218622908	0.0036768813201996	0.0905550999431076	0.0571	0.147655099943107	0.588386169230745	0.0249018240590154	PDCD5	0.0591365839002514	0.00927998176476405	0.0337228720775942	0.0587281398095376	0.160665248669472	0.177808469331163
SHISA5:Q8N114:OID30387:v1	0.0177723319823568	0.00375279517263096	0.0215251271549878	0.1255	0.147025127154987	0.120879555258755	0.0255248558205627	SHISA5	0.00254781130519342	0.0291808451907781	0.015578956631889	0.172830940101404	0.219991561357765	0.241285673384472
OCLN:Q16625:OID31069:v1	0.0131803635344655	0	0.0131803635344655	0.1338	0.146980363534465	0.0896743157896386	0	OCLN	0.00159399030069677	0.03239439297745	0.0103332377401389	0.113989900511025	0.158093915017098	0.18125903761499
NADK:O95544:OID20178:v1	0.0421207848874917	0.0311531059117833	0.0732738907992751	0.0734	0.146673890799275	0.287173024850991	0.212397078594013	NADK	0.0339906852950967	0.00966260919519153	0.0276137809784169	0.0879633031943721	0.159145255466555	0.177243790605224
CHGA:P10645:OID30403:v1	0.0219260891881049	0.0175429790440023	0.0394690682321072	0.1071	0.146569068232107	0.149595610128207	0.119690868309411	CHGA	0.0084436660972419	0.0251561093171002	0.0164967396006128	0.0621246361572884	0.111931714019299	0.133715941686993
DNM3:Q9UQ16:OID31000:v1	0	0.0559141246210213	0.0559141246210213	0.0903	0.146214124621021	0	0.382412607304168	DNM3	0.0346402183251913	0.00443111191774958	0.0275956887724527	0.0290345192641459	0.0955133775538213	0.113909090206618
SLC39A5:Q6ZMH5:OID20539:v1	0.0095549649692975	0.0289002665885259	0.0384552315578234	0.1077	0.146155231557823	0.0653754564065486	0.197736791769182	SLC39A5	0.0196295840175101	0.0235997540080472	0.0222833929082937	0.139848001885098	0.20523345926449	0.223548157219847
CCL27:Q9Y4X3:OID20121:v1	0.0260840968858145	0.0314124104654602	0.0574965073512748	0.0885	0.145996507351274	0.178662471856637	0.215158643417958	CCL27	0.0376501038810783	0.0105838212227497	0.0209712314366727	0.113956563246667	0.182811926235704	0.202247847971087
CXCL8:P10145:OID20997:v1	0.00569307263452659	0.0352914126428033	0.0409844852773298	0.1048	0.145784485277329	0.039051292897845	0.242079344558973	CXCL8	0.0142915907536	0.00506712695075964	0.0273357590503614	0.041798247132193	0.0879800097200256	0.105915881042567
GDNF:P39905:OID20861:v1	0.0595296622346563	0.0019506422180073	0.0614803044526636	0.0842	0.145680304452663	0.40863219265168	0.0133898829037739	GDNF	0.0362635941552176	0.00766137798109434	0.027638583953732	0.0732789199031404	0.144539409366726	0.159217970032081
NBL1:P41271:OID21486:v1	0.00850639755374625	0.00330097505298698	0.0118073726067332	0.1337	0.145507372606733	0.05846025119797	0.0226859642494447	NBL1	0.00440022786639833	0.0307804376832228	0.00945740047925394	0.0786386540084579	0.122899290379053	0.150760675985656
PALM2:Q8IXS6:OID31096:v1	0.0313361146611037	0	0.0313361146611037	0.1141	0.145436114661103	0.215463089990566	0	PALM2	0.00923444881044555	0.0250270849807861	0.0152616393055912	0.211890146122016	0.261168898116357	0.277734764345783
EFCAB14:O75071:OID31460:v1	0.00737631308267415	0.00463637392714741	0.0120126870098215	0.1334	0.145412687009821	0.0507267504256759	0.0318842462957462	EFCAB14	0.00206836551734291	0.00896575132897713	0.0145867959309707	0.0871120572299635	0.112579447258345	0.13630382995806
CXCL12:P48061:OID20464:v1	0.0269174905312697	0.0147786722567819	0.0416961627880516	0.1036	0.145296162788051	0.185259472891484	0.101714126327892	CXCL12	0.0321175748668071	-0.000657159913634855	0.0204876281478085	0.0241514960128275	0.0759972274308038	0.0866955114915954
GALNT7:Q86SF2:OID21377:v1	0.00613086677365377	0.0755493334681916	0.0816802002418454	0.0632	0.144880200241845	0.042316802181524	0.521460719560566	GALNT7	0.0517494568592702	0.00148107489702617	0.0330763569099931	0.0212590329853332	0.107150536942383	0.118264573360145
FURIN:P09958:OID21514:v1	0.0185443202284445	0.00655816449443902	0.0251024847228835	0.1197	0.144802484722883	0.128066312286932	0.0452904140905436	FURIN	0.0125693097499121	0.0276594076340242	0.0175992724266307	0.214407758670619	0.272051166788842	0.287429510145253
ECHS1:P30084:OID30239:v1	0.0243672641741589	0.00134514060157377	0.0257124047757327	0.1188	0.144512404775732	0.168617110842313	0.0093081324309929	ECHS1	0.00861182849610848	0.0103928745932789	0.0259624765326192	0.0318942861799852	0.0762799526909632	0.0944781928705721
ELN:P15502:OID30301:v1	0.00433640201106622	0.0208630048699601	0.0251994068810263	0.1192	0.144399406881026	0.0300306081910646	0.144481236596418	ELN	0.01426198447774	0.00359899604240829	0.0108649690822662	0.469894978394025	0.498592979516337	0.512642573005412
GZMH:P20718:OID20096:v1	0.0382530153494208	0.0296178882181532	0.067870903567574	0.0765	0.144370903567574	0.264963468428499	0.205151366973957	GZMH	0.0355171560772028	0.00243380004394875	0.0191511820392717	0.0653365642669351	0.122175672665774	0.137443903214864
TMPRSS11D:O60235:OID31103:v1	0.0192227276784995	0.00183381256168035	0.0210565402401799	0.1223	0.143356540240179	0.134090343184159	0.0127919699973784	TMPRSS11D	0.00745397179552496	0.00518888463298359	0.0118456527230961	0.0579567338415203	0.0823654340416161	0.0947009776736423
PGA4:P0DJD7:OID30699:v1	0.00311944591910955	0.00878284032961983	0.0119022862487293	0.1313	0.143202286248729	0.0217834924345506	0.061331704679385	PGA4	0.0111889970183169	0.00520268499847455	0.00823127042642925	0.0441415415464418	0.0683954652891595	0.0814813419609327
PRSS22:Q9GZN4:OID30483:v1	0.0507105869370391	0.00603419856048663	0.0567447854975258	0.0863	0.143044785497525	0.354508462232035	0.0421839813279387	PRSS22	0.0156515015764629	0.00388964465773955	0.019344202294198	0.0113317856674638	0.0499616697172028	0.064102180546132
SMAD5:Q99717:OID21353:v1	0	0.0613442936031292	0.0613442936031292	0.0813	0.142644293603129	0	0.430050807176372	SMAD5	0.0301557324342321	0.0106681077939782	0.0283920052964775	0.0883954969734909	0.157272717294971	0.176149132347904
IGLC2:P0DOY2:OID30740:v1	0.0179753850533497	0.0206871327355904	0.0386625177889401	0.1039	0.14256251778894	0.126087735627409	0.14510919880229	IGLC2	0.0142605260241755	0.0063201175785457	0.0144286868383303	0.0244700676449716	0.0593693710054995	0.0690634848649142
TNFRSF12A:Q9NP84:OID21482:v1	0.0058501024958644	0.0178887247928319	0.0237388272886963	0.1188	0.142538827288696	0.0410421679983074	0.125500715370699	TNFRSF12A	0.000615456335562354	0.0233174580147953	0.0229353175788421	0.173484672863435	0.219822295322755	0.238693702187626
AHCY:P23526:OID20199:v1	0.0630930117061746	0.00133131079126924	0.0644243224974439	0.0781	0.142524322497443	0.442682417994347	0.0093409375181778	AHCY	0.0317218641385091	0.00147036137523057	0.0232675077025621	0.0386754121735606	0.0945294395697436	0.11544200616292
FABP6:P51161:OID20076:v1	0.0104120439835243	0.0454921931787711	0.0559042371622955	0.0866	0.142504237162295	0.0730648027796275	0.319233968650075	FABP6	0.0400454347650513	0.00216785348121233	0.0169161329974556	0.0260532487270099	0.0850813276208662	0.0949483072235207
NUDT16:Q96DE0:OID31484:v1	0.0345038440908718	0.00403294808760514	0.038536792178477	0.1037	0.142236792178477	0.242580302623648	0.0283537615397333	NUDT16	0.00711621493731491	0.00297735783258231	0.0272677345476894	0.0183940840962089	0.0554669746718987	0.0719625368727101
IGFBP4:P22692:OID21158:v1	0	0.00287974063879806	0.00287974063879806	0.1393	0.142179740638798	0	0.0202542262762592	IGFBP4	6.48894355646664e-05	0.0302035098448929	0.00943227447244168	0.199577292223895	0.239188214920817	0.25947521866631
SERPINA3:P01011:OID30786:v1	0.0964775032520675	0.00316483911334734	0.0996423423654149	0.0425	0.142142342365414	0.678738661869285	0.0222652804272162	SERPINA3	0.0594279025674028	0.00948877830486956	0.0284409524448635	0.026911086732381	0.123536943336475	0.139054362145549
EFHD1:Q9BUP0:OID31044:v1	0.0484514092025247	0.00855419714445315	0.0570056063469778	0.0849	0.141905606346977	0.341434073323746	0.0602808963272178	EFHD1	0.0384822032118149	0.000159877246179986	0.0103998715402913	0.106426183439798	0.155112626874137	0.166900030176093
SPON2:Q9BUD6:OID20221:v1	0.0331831176361478	0	0.0331831176361478	0.1086	0.141783117636147	0.234041387926764	0	SPON2	0.0223512187647414	0.0240295884261922	0.014164522089399	0.101158194655868	0.16155286847836	0.187195929163388
TFF1:P04155:OID21154:v1	0.0476123758719492	0.0356999299542696	0.0833123058262189	0.058	0.141312305826218	0.336930146271205	0.252631430401908	TFF1	0.0548822727827475	0.0294595540387924	0.0102984440284966	0.100201564958289	0.194824666359237	0.211006159878598
ADGRG1:Q9Y653:OID21294:v1	0.0143779787247995	0.0347015285300383	0.0490795072548379	0.092	0.141079507254837	0.101914012917751	0.245971432742216	ADGRG1	0.00984430313368268	0.0267242908977231	0.0141414307560287	0.182927070656945	0.233569558289596	0.254725571285555
CXCL8:P10145:OID20153:v1	0.00550108874639714	0.0303636337015119	0.0358647224479091	0.1047	0.140564722447909	0.0391356284179748	0.216011764351217	CXCL8	0.0142915907536	0.00506712695075964	0.0273357590503614	0.041798247132193	0.0879800097200256	0.105915881042567
NPDC1:Q9NQX5:OID20205:v1	0.0148876319489413	0.00973365203429996	0.0246212839832413	0.1156	0.140221283983241	0.10617241210486	0.0694163664587702	NPDC1	0.00650675736788688	0.0270854282000944	0.0206334287214233	0.12386418147232	0.177650172383725	0.196152323490955
S100P:P25815:OID20103:v1	0.0363945354491764	0.016003664971682	0.0523982004208585	0.0877	0.140098200420858	0.259778750475354	0.114231766886417	S100P	0.0124638262752333	0.00471917419691383	0.0288428618666824	0.0469249126554045	0.0927778330663669	0.111707339366104
PPCDC:Q96CD2:OID21027:v1	0.0811298217684631	0.00130705012429224	0.0824368718927553	0.0575	0.139936871892755	0.579760149495404	0.00934028399101233	PPCDC	0.0591651124232192	0.00412139393485696	0.0308806814819967	0.0569335744876231	0.150612607714395	0.166536196012138
TMPRSS15:P98073:OID21364:v1	0.0124066393834142	0.0541982426787601	0.0666048820621743	0.0733	0.139904882062174	0.0886791025484061	0.387393505357977	TMPRSS15	0.0676937521502518	0.0133060343929266	0.0195400366861003	0.0584216744304375	0.158847642533067	0.173425690396071
NPPC:P23582:OID20568:v1	0	0.00206073998322026	0.00206073998322026	0.1375	0.13956073998322	0	0.0147659003776278	NPPC	0.0017540121752444	0.0258059212250579	0.0060518016091925	0.256792463548918	0.290315106626901	0.304890090273872
SIT1:Q9Y3P8:OID20462:v1	0	0.0233696564476261	0.0233696564476261	0.1161	0.139469656447626	0	0.167560866233308	SIT1	0.0165994032422231	0.0324634792148224	0.0205358069320622	0.0728906408734322	0.142107824067042	0.156377899302052
SETMAR:Q53H47:OID20948:v1	0.042666954949006	0	0.042666954949006	0.0968	0.139466954949006	0.305928776925018	0	SETMAR	0.0265194087861093	0.0023874648414616	0.0153793840045622	0.163388558275193	0.207523097897977	0.224226647460712
CXCL9:Q07325:OID20675:v1	0.0100150264257835	0.0199350982590328	0.0299501246848164	0.1094	0.139350124684816	0.0718695189432779	0.143057627713805	CXCL9	0.024719269177654	0.010580602445272	0.0125106672663347	0.124138362319345	0.171757868002232	0.184242303935306
ANGPTL3:Q9Y5C1:OID20407:v1	0.0506385467046936	0.0176843717083435	0.0683229184130371	0.071	0.139322918413037	0.3634617138479	0.126930815904361	ANGPTL3	0.0351176505671807	0.00255914024651733	0.0307631284998103	0.2412153663564	0.309363347167643	0.322400418466723
CRYBB1:P53674:OID30319:v1	0.0153860514869433	0.0299111391513966	0.04529719063834	0.094	0.13929719063834	0.110454858539756	0.214728947614281	CRYBB1	0.017683346618065	0.00249642200128416	0.0332899287202408	0.0230137832448011	0.0761553614961237	0.0982331570849283
DAG1:Q14118:OID20774:v1	0.00185056673399349	0.00543719805824294	0.00728776479223644	0.132	0.139287764792236	0.0132859245516203	0.03903571908382	DAG1	0.00197592141879097	0.00400773593639111	0.0117737984061538	0.0361632668983537	0.0536312681672809	0.0736071921791734
HAO1:Q9UJM8:OID21395:v1	0	0.0167332529287581	0.0167332529287581	0.1223	0.139033252928758	0	0.120354322266576	HAO1	0.00983166046172803	0.025221139389029	0.0192464702834311	0.125423809955962	0.179577171536573	0.196008394917061
CPE:P16870:OID21392:v1	0.0577886902824545	0.0163447713551635	0.0741334616376181	0.0647	0.138833461637618	0.416244683383996	0.117729336734587	CPE	0.0452111271035195	0.00370749039109095	0.0115850090392446	0.0174144490684349	0.0778786075573734	0.0849431123784543
FAM13A:O94988:OID31463:v1	0.024639089289231	0.0144803515843435	0.0391194408735745	0.0997	0.138819440873574	0.177490192542053	0.104310689433845	FAM13A	0.0153983732979741	0.00457063488123408	0.0355169653895204	0.0365810280333408	0.0920281140667768	0.111649866330324
RNASE3:P12724:OID20203:v1	0.0705851143851226	0.00445492133817473	0.0750400357232974	0.0637	0.138740035723297	0.508758081379605	0.0321098471320824	RNASE3	0.0488408164824157	0.0046323622384124	0.0271422421383097	0.0465631354136767	0.126938613301539	0.14450334427557
SUSD1:Q6UWL2:OID20072:v1	0.0255788399190336	0.0115691222046136	0.0371479621236473	0.1011	0.138247962123647	0.185021460903389	0.0836838534680633	SUSD1	0.00172992523979883	0.00192774651554932	0.0285214655096614	0.0129129926104453	0.0449852666192129	0.0631746622580236
FGFR2:P21802:OID21478:v1	0.0145155337513308	0.0125490433806471	0.0270645771319779	0.1111	0.138164577131978	0.105059734214402	0.0908267780435499	FGFR2	0.0242740237862378	0.0403272767398224	0.0077330793866885	0.179355387636643	0.251510786886441	0.269116291214142
SH2D1A:O60880:OID20514:v1	0.0537028403325178	0.00905421013687027	0.0627570504693881	0.0754	0.138157050469388	0.388708648238093	0.0655356357573401	SH2D1A	0.00273424773531864	0.00243274584016467	0.0105224790124329	0.0301116388077775	0.0457235433353473	0.0586240887640693
TNF:P01375:OID20848:v1	0.0102513281940794	0.0120206076174933	0.0222719358115727	0.1155	0.137771935811572	0.0744079564077541	0.0872500451320768	TNF	0.00336570727705688	0.0222993292124518	0.0141934933179215	0.0471995941249054	0.0868751464286386	0.107662173600082
SULT2A1:Q06520:OID20508:v1	0.0444177430533325	0.00828902555862634	0.0527067686119588	0.0848	0.137506768611958	0.323022230117838	0.0602808548429917	SULT2A1	0.0114824732268109	0.0146976332632233	0.0312049652340891	0.08010219691062	0.137286910184602	0.154085748269965
ADAM9:Q13443:OID31488:v1	0.0234812732883471	0.0324432993062563	0.0559245725946035	0.0814	0.137324572594603	0.170991053128316	0.236252687288766	ADAM9	0.0246358030669909	0.00783639131677054	0.0285554177774089	0.0441981615982037	0.104892198831406	0.12559382372218
SAMD9L:Q8IVG5:OID20536:v1	0.0503223800977953	0.00139202499159576	0.051714405089391	0.0856	0.137314405089391	0.366475608040071	0.010137501529352	SAMD9L	0.0213465375395684	0.00121599086116699	0.0269222828154196	0.0352976288757064	0.0845421398111015	0.101836434627584
SEMA4D:Q92854:OID21020:v1	0.0133097390014826	0.0157772701298574	0.0290870091313401	0.1082	0.13728700913134	0.0969482770853393	0.114921799445449	SEMA4D	0.020954459910805	0.00350745438429942	0.00848364175847492	0.0150167993074634	0.0475883747684717	0.0637893119003141
PLXNA4:Q9HCM2:OID20597:v1	0.00461886024718779	0.0138888850098367	0.0185077452570245	0.1187	0.137207745257024	0.033663261782602	0.101225225907031	PLXNA4	0.00237869905537995	0.00346316862591252	0.0216486271044653	0.018526082347348	0.0459274533542262	0.0654771815871903
RBM17:Q96I25:OID31034:v1	0.011227272590876	0.00550448233823058	0.0167317549291066	0.1204	0.137131754929106	0.0818721571577658	0.0401400998702032	RBM17	0.00207801044708484	0.0003329073855168	0.0165308856640807	0.0125674900727706	0.0308581348989149	0.0529637859611405
CDKN1A:P38936:OID21319:v1	0.01390444404921	0.0122978349919261	0.0262022790411362	0.1108	0.137002279041136	0.101490603999624	0.0897637256693637	CDKN1A	0.00610122276531874	0.00473139167215889	0.029276635075015	0.0387365009133246	0.0785663262718504	0.0988741258583495
CXCL10:P02778:OID20697:v1	0.0456289098078224	0.00976975382401784	0.0553986636318402	0.0816	0.13699866363184	0.333060984670931	0.0713127673294123	CXCL10	0.0628009664745378	0.0115760035844955	0.0179673631776455	0.0933443631250968	0.185320966462763	0.193248096983516
APOA4:P06727:OID30733:v1	0.0160027155516915	0.00420544821166423	0.0202081637633558	0.1164	0.136608163763355	0.117143186108648	0.0307847503092806	APOA4	0.00150403352026561	0.031014801099054	0.0197326868164727	0.0302066330767978	0.0823356879147541	0.110804201007466
XG:P55808:OID20259:v1	0.00949852917548477	0.00164081185989428	0.011139341035379	0.1254	0.136539341035379	0.0695662444498218	0.0120171362147495	XG	0	-0.000614196731884524	0.00418150456059065	0.444627874042759	0.448104509665093	0.458983661582535
COQ7:Q99807:OID30217:v1	0.00756803773297383	0.0152308357394578	0.0227988734724317	0.1136	0.136398873472431	0.0554846058497942	0.111663940850187	COQ7	0.0122887826474326	0.00486556653292173	0.0220677641048649	0.0218382134886996	0.0609159406027117	0.0823472977810802
MPIG6B:O95866:OID20779:v1	0	0.0130568319263859	0.0130568319263859	0.123	0.136056831926385	0	0.0959660146537176	MPIG6B	0.000542990340768545	0.00127451589033518	0.0169555207340898	0.0176350192725622	0.0361582732771339	0.051587109385861
CD164:Q04900:OID21080:v1	0.0177797053862498	0.021227415651482	0.0390071210377318	0.0968	0.135807121037731	0.130918800504651	0.156305615561825	CD164	0.00634351662152019	0.00230587374622135	0.027714309002612	0.0168515954354139	0.0530058070209274	0.0715013756528558
TRIM5:Q9C035:OID20526:v1	0.0610422417148432	0	0.0610422417148432	0.0747	0.135742241714843	0.44969230612145	0	TRIM5	0.0433960170917222	0.00154098100724619	0.0203187769997481	0.0336605096908155	0.0986281451244077	0.116888015514581
TDRKH:Q9Y2W6:OID20875:v1	0.0520707510782141	0.00507842180507651	0.0571491728832907	0.0785	0.13564917288329	0.383863387969306	0.0374379120574946	TDRKH	0.037207553864367	0.00266346576603509	0.0205252783416461	0.033854150111876	0.0934929298366398	0.110454147655267
FGF23:Q9GZV9:OID21411:v1	0.00789912548295423	0.0167614212479246	0.0246605467308788	0.1105	0.135160546730878	0.0584425386994206	0.124011197448754	FGF23	0.0076482618059792	0.0222888860886289	0.0175330797027648	0.0604226248273872	0.107467998781077	0.132429665042574
GRPEL1:Q9HAV7:OID21309:v1	0	0.00743937804215513	0.00743937804215513	0.1277	0.135139378042155	0	0.055049669089305	GRPEL1	0.000877380002267513	0.0167414198154164	0.0149565196349683	0.0422093549801221	0.0742277823988287	0.0942653742232606
LONP1:P36776:OID30219:v1	0.0200858447803722	0.0047515825671117	0.0248374273474839	0.1101	0.134937427347483	0.148853028957252	0.0352132292760826	LONP1	0.00299414458709822	0.00567754075212237	0.025722154159192	0.0211875410160543	0.0554182755457763	0.0759412480166475
RNASE1:P07998:OID30672:v1	0.0405565406910935	0.00131040736152054	0.0418669480526141	0.0929	0.134766948052614	0.300938333004765	0.00972350699081614	RNASE1	0.0206206694652536	0.0156536309886366	0.020933840011547	0.182831144965532	0.239873900847767	0.253097049344315
IL6:P05231:OID21276:v1	0	0.0330328617668156	0.0330328617668156	0.1015	0.134532861766815	0	0.245537494207706	IL6	0.0109332475645288	0.0328533734675338	0.0167603308979974	0.135688570941889	0.196146253687334	0.210471592468531
SEMA4C:Q9C0C4:OID21329:v1	0.00203853252076356	0.0359436484743976	0.0379821809951611	0.0965	0.134482180995161	0.0151583838518867	0.267274431515138	SEMA4C	0.0202953672004831	0.00530295325354061	0.0112323241633822	0.0377422632286803	0.0744224475826935	0.0905499492457777
ECE1:P42892:OID20891:v1	0.0158712611962901	0.0632823887278986	0.0791536499241887	0.0553	0.134453649924188	0.118042620674404	0.470663226796596	ECE1	0.0570036615736459	2.74177397667589e-05	0.0167094553517839	0.00373818262520845	0.0772863081920939	0.0808390396440449
TACC3:Q9Y6A5:OID21285:v1	0.027510466305043	0.01004651586417	0.0375569821692131	0.0966	0.134156982169213	0.205061755714987	0.0748862690687118	TACC3	0.0153263024597786	-3.99269485606049e-05	0.0297814055785223	0.0202672471572647	0.065051195409737	0.0850091765881672
SEPTIN3:Q9UH03:OID31025:v1	0	0.0555480314135741	0.0555480314135741	0.0786	0.134148031413574	0	0.414080108580358	SEPTIN3	0.0575604485221542	0.000412736135078556	0.00350084238638592	0.0320240420412707	0.0932120893548159	0.095831695072872
TYMP:P19971:OID20234:v1	0.0219898226015217	0.00243488661752606	0.0244247092190478	0.1095	0.133924709219047	0.164195410464211	0.0181810110451205	TYMP	4.06250876164185e-05	0.00356265649764559	0.02341779873262	0.0170931036517904	0.0435486200670402	0.0613076872342836
MPI:P34949:OID21288:v1	0.0396359209317675	0.00414338087281987	0.0437793018045874	0.0901	0.133879301804587	0.296057123076581	0.0309486292277474	MPI	0.0248316765296681	0.000932707207811059	0.019638025416406	0.0239049117134593	0.0690365970503204	0.089994102960468
VAMP8:Q9BV40:OID30555:v1	0.0167439066990258	0	0.0167439066990258	0.1171	0.133843906699025	0.125100253810416	0	VAMP8	0.00813624776363292	0.00160766521761696	0.0117902424172659	0.0245571150400006	0.0458482782271502	0.0668056628679232
AFM:P43652:OID30741:v1	0.0208006193912744	0.0039770739395113	0.0247776933307857	0.1088	0.133577693330785	0.155719258752018	0.0297734886742104	AFM	0.00201853598455657	0.0190479342042053	0.0135262980493206	0.16027421434064	0.19477990326976	0.217185274234627
PAPPA:Q13219:OID20421:v1	0.00425105033921642	0.0490629780173595	0.0533140283565759	0.0802	0.133514028356576	0.0318397279412702	0.367474329261694	PAPPA	0.0538391270332465	0.00353552625533213	0.0121210230278875	0.0995737943182888	0.168857246869472	0.178132592801104
FSTL1:Q12841:OID30254:v1	0.0188597099767034	0.0154237692294418	0.0342834792061452	0.0985	0.132783479206145	0.14203355786019	0.116157290964612	FSTL1	0.0117906777236605	0.0267592429768351	0.029090120771719	0.0311424495947487	0.098220372740564	0.127269707393418
IL15RA:Q13261:OID20498:v1	0.0850632404633124	0.00642561053395401	0.0914888509972664	0.0412	0.132688850997266	0.641073005184624	0.0484261525038482	IL15RA	0.0298183223182492	0.00565006989841053	0.0608934724118598	0.056946406650421	0.152883052910694	0.171727803636523
IL6:P05231:OID20911:v1	0	0.0309922280699345	0.0309922280699345	0.1016	0.132592228069934	0	0.233740910165473	IL6	0.0109332475645288	0.0328533734675338	0.0167603308979974	0.135688570941889	0.196146253687334	0.210471592468531
DCXR:Q7Z4W1:OID21480:v1	0.00697059649789794	0.0106607190846536	0.0176313155825515	0.1147	0.132331315582551	0.0526753358962075	0.0805608184103874	DCXR	0.00611879422931503	0.013113921443345	0.0145866113682825	0.191235905235042	0.224939256037294	0.243127474423717
DCN:P07585:OID20106:v1	0	0.00177317851067676	0.00177317851067676	0.1304	0.132173178510676	0	0.0134155698656632	DCN	0	0.00317655403707358	0.00478658165890228	0.128132899098866	0.136052283084167	0.153740982649843
MCFD2:Q8NI22:OID20171:v1	0.0109201921604916	0.0100321030272365	0.0209522951877282	0.111	0.131952295187728	0.0827586374678479	0.0760282571285624	MCFD2	0.00723595088478093	0.00399626779948121	0.0198998311169769	0.0138286217776205	0.0448431020259146	0.0609025913675945
TRIAP1:O43715:OID21403:v1	0	0.0277710169717314	0.0277710169717314	0.1041	0.131871016971731	0	0.210592271216688	TRIAP1	0.0158642539964868	0.0034444258594535	0.0173749014734975	0.0294444997877732	0.0661149105864654	0.0852512131099848
PGLYRP4:Q96LB8:OID30101:v1	0.110909148847202	0	0.110909148847202	0.0208	0.131709148847202	0.842076270463714	0	PGLYRP4	0.0720958117415194	-0.000169535121590547	0.00189418598327819	0.0113761858237022	0.0851173918936375	0.0878107422628187
IGSF21:Q96ID5:OID30210:v1	0.0401756232839387	0.01170633466071	0.0518819579446488	0.0798	0.131681957944648	0.305095883377024	0.0888985464935957	IGSF21	0.0217762149074941	0.0113032486759831	0.019891616914494	0.0756958393250748	0.128355274967771	0.146025261511238
KRT5:P13647:OID20860:v1	0.0103340581164538	0.0289391797710204	0.0392732378874743	0.0924	0.131673237887474	0.0784826004300523	0.219780269972182	KRT5	0.0128232815479419	0.0110669586714456	0.0259311060128492	0.0978554527256078	0.147455333767218	0.16029291276234
CD69:Q07108:OID20206:v1	0.00151601850819654	0.0172716278317996	0.0187876463399961	0.1128	0.131587646339996	0.0115209789852115	0.131255693921093	CD69	0.011960646968458	0.00246846109399656	0.0141657162815959	0.0196587628785569	0.047854742379819	0.0680635251320202
ABHD14B:Q96IU4:OID20921:v1	0.0630933458802604	0.00470716626581224	0.0678005121460727	0.0635	0.131300512146072	0.480526274033635	0.0358503267723395	ABHD14B	0.0281217436559018	-6.76293520481058e-05	0.0263503895313126	0.028564636696316	0.0825820974641375	0.102109355525566
PTPRR:Q15256:OID31099:v1	0.0186630470350821	0.00138340736352694	0.020046454398609	0.111	0.131046454398609	0.14241550540783	0.010556618031946	PTPRR	0.000567503320586806	0.0121385157678219	0.0143592835476982	0.0910798194687781	0.117974427091341	0.143951514882213
NOS1:P29475:OID20863:v1	0.0222094479375578	0.00464239126789958	0.0268518392054573	0.104	0.130851839205457	0.169729734579317	0.0354782271008841	NOS1	0.00940528832272106	0.00838447557771424	0.0106639954591304	0.134005320720479	0.162326539315824	0.180336935352771
BAG3:O95817:OID20972:v1	0.00393034873105708	0.00986876235276508	0.0137991110838221	0.1169	0.130699111083822	0.0300717326878864	0.0755074940520129	BAG3	0.00472515530081852	0.0130851192247045	0.00752663187620738	0.0658304017258715	0.0909587367318352	0.107497599244526
EREG:O14944:OID20905:v1	0.00538746478915145	0.0218361643015715	0.0272236290907229	0.103	0.130223629090723	0.0413708696860089	0.167682043988798	EREG	0.0233499717110673	0.00265239816023525	0.0167835101035346	0.0105002719050482	0.0530121058419306	0.0649655910992578
DAPK2:Q9UIK4:OID30505:v1	0.0870750196130096	0.00218869262008644	0.0892637122330961	0.0407	0.129963712233096	0.669994863311048	0.0168407979618258	DAPK2	0.0387535003364914	0.00210817425885416	0.0370424508440728	0.0243533644498374	0.10169247856449	0.11951145103222
ACP1:P24666:OID30524:v1	0.0990964184906838	0	0.0990964184906838	0.0308	0.129896418490683	0.762887996775608	0	ACP1	0.0493857722196165	0.00247102659697697	0.0386494008586314	0.0392549041544705	0.129489932141552	0.149419166534908
NUB1:Q9Y5A7:OID20510:v1	0.0211078607259802	0.00650262907431793	0.0276104898002982	0.1022	0.129810489800298	0.162605200538514	0.0500932481213316	NUB1	0.00650199081275276	0.00179747311704268	0.0233212680037395	0.026780055559787	0.0580214098417832	0.075071743627346
DDAH1:O94760:OID21299:v1	0.0342633695906195	0.00806824365273545	0.042331613243355	0.0873	0.129631613243355	0.264313377989808	0.0622397843463468	DDAH1	0.00724006218038657	0.0135698988455274	0.0283440744673824	0.0537149069327929	0.102764769783671	0.124396397004806
GIPC3:Q8TF64:OID31507:v1	0.0430979352634135	0.00185297232489026	0.0449509075883038	0.0845	0.129450907588303	0.332928799545222	0.0143140929593426	GIPC3	0.0260878859343672	0.00128974897791522	0.0240708979620527	0.0182658062763025	0.069497604157617	0.0853756372852964
TINAGL1:Q9GZM7:OID20180:v1	0.0129166374268007	0.0276907880836906	0.0406074255104913	0.0886	0.129207425510491	0.0999682284185122	0.214312667977756	TINAGL1	0.0162646446090715	0.00884102998018276	0.0232027904654188	0.0712801570684245	0.119417446386031	0.137998829378526
CD99:P14209:OID21110:v1	0	0.0119847222345634	0.0119847222345634	0.1172	0.129184722234563	0	0.0927719781972559	CD99	0.00889988031902432	0.0077252641398832	0.00640137227684974	0.290918732758085	0.31369883550481	0.325916273916981
CALCB:P10092:OID31100:v1	0.027356387305018	0	0.027356387305018	0.1017	0.129056387305018	0.211972362440013	0	CALCB	0.00395822615820739	0.00578756010948196	0.0181928877054237	0.0207271875666609	0.0485475872744525	0.0634030192035289
CLEC12A:Q5QGZ9:OID30552:v1	0.110738564286569	0.00539801702710843	0.116136581313677	0.0128	0.128936581313677	0.858860713990576	0.0418656751413014	CLEC12A	0.0859244961632152	0.0018267295450969	0.0163070407983151	0.00450949647384633	0.1077203545772	0.112428828132705
C1QTNF1:Q9BXJ1:OID20367:v1	0.0482027222421767	0.020598561590057	0.0688012838322337	0.0601	0.128901283832233	0.373950676122924	0.159801058435277	C1QTNF1	0.0379843840901447	0.00444780886313311	0.019723755546665	0.0565079527101066	0.118591291557348	0.131384105918464
KRT18:P05783:OID21296:v1	0	0.0236141033794084	0.0236141033794084	0.1049	0.128514103379408	0	0.18374717450032	KRT18	0.0153146603827181	0.0375886346519543	0.00991615382313813	0.207577092974059	0.270308765205723	0.2885960434595
GYS1:P13807:OID20097:v1	0	0.047403356475982	0.047403356475982	0.0804	0.127803356475982	0	0.370908540926235	GYS1	0.047506532779727	0.00219702090332291	0.0270735144648845	0.0232968396919761	0.0999384408392512	0.114210215425691
PTPRN2:Q92932:OID20912:v1	0.0240200088312656	0.00127484886260101	0.0252948576938666	0.1025	0.127794857693866	0.187957553728849	0.00997574460824489	PTPRN2	0.00308032957525903	0.0110806010574133	0.0219368125576642	0.0779171536757668	0.113820152851462	0.136733299337858
CLEC3B:P05452:OID30756:v1	0.0322659557689246	0.00545503861383672	0.0377209943827614	0.0898	0.127520994382761	0.253024656254456	0.0427775727458893	CLEC3B	0.0117860433673378	0.0062628507535872	0.0263657049251445	0.0733152321281075	0.117064589532562	0.136115676796901
SNAP23:O00161:OID20218:v1	0	0.0133334036275463	0.0133334036275463	0.114	0.127333403627546	0	0.10471253612718	SNAP23	4.59290863065598e-05	0.00308666986966858	0.0163174396918661	0.0313659918183815	0.0505785112106837	0.0662598877782483
ENO2:P09104:OID21046:v1	0.0133780696565621	0.0207969060455112	0.0341749757020734	0.093	0.127174975702073	0.105194198644097	0.163529860577533	ENO2	0.012946792060906	0.00203687244253893	0.0283562044900975	0.0246043198613059	0.0678867481737011	0.0853257763700231
PCBD1:P61457:OID30610:v1	0.0233784707814711	0.0164297566985667	0.0398082274800378	0.0873	0.127108227480037	0.183925708390062	0.129258011257744	PCBD1	0.0142218697758702	0.0239042326036912	0.0220915818101266	0.16483786638613	0.224688778651344	0.239833524692116
PTH1R:Q03431:OID20571:v1	0.0577079426411569	0	0.0577079426411569	0.0692	0.126907942641156	0.454722860052432	0	PTH1R	0.0400549157873257	0.000563678657709152	0.0102967389690448	0.0119776100949714	0.0628579464443981	0.0700317105317435
GPRC5C:Q9NQ84:OID31340:v1	0.00713965153315543	0.0231955233185369	0.0303351748516923	0.0964	0.126735174851692	0.0563352008746615	0.183023563471473	GPRC5C	0.0168987650343799	0.00610733509790032	0.0122763380195882	0.0144220455549528	0.0491689856450448	0.0658920424560038
ZNRD2:O60232:OID31450:v1	0	0.0190059639494989	0.0190059639494989	0.1077	0.126705963949498	0	0.150000547386026	ZNRD2	0.0187730951417666	0.00112506334572344	0.0142361797740707	0.049402064837592	0.0832411470409132	0.0997592603957109
PAG1:Q9NWQ8:OID20108:v1	0.00403701786598854	0.0170617372530878	0.0210987551190763	0.1056	0.126698755119076	0.0318631217977982	0.134663811314109	PAG1	0.0116858728960932	0.0219561825563772	0.0144587631094862	0.0519566929346747	0.0999764142508064	0.120889291670635
PDGFC:Q9NRA1:OID21183:v1	0.0060972424246138	0.0577070899710233	0.0638043323956371	0.0628	0.126604332395637	0.0481598244644581	0.45580659744478	PDGFC	0.0226443227271241	0.00645292515683786	0.0325796852042079	0.0363370206325103	0.0977819078935758	0.118728132296054
CALCOCO2:Q13137:OID30249:v1	0.00227979377375944	0.0296565406431097	0.0319363344168691	0.0942	0.126136334416869	0.018074044915757	0.235114971274633	CALCOCO2	0.0172685346816799	0.00289435484109672	0.0252716040698314	0.0358171523105801	0.0811470817166775	0.0983997678834929
PBXIP1:Q96AQ6:OID31435:v1	0	0.00147684524129675	0.00147684524129675	0.1244	0.125876845241296	0	0.0117324615060517	PBXIP1	0	0.00388840857062727	0.00300249197578626	0.0500399206043345	0.0566495999264884	0.0693287048694615
AHNAK:Q09666:OID30260:v1	0.0131610733061151	0	0.0131610733061151	0.1127	0.125861073306115	0.10456825895728	0	AHNAK	0.0029486236934434	0.00442852091730761	0.0130291042092874	0.155259099340926	0.175618823032836	0.197736446656143
GRHPR:Q9UBQ7:OID30289:v1	0.0406098822427894	0.00421567126367664	0.044825553506466	0.081	0.125825553506466	0.322747495330529	0.0335040947263546	GRHPR	0.0162437929724698	0.00584582385378643	0.0334006185372406	0.038935175488287	0.0943201835403371	0.116586682547513
BAIAP2:Q9UQB8:OID21250:v1	0.00256202727599143	0.0143911590802551	0.0169531863562465	0.1088	0.125753186356246	0.0203734581224324	0.114439717173339	BAIAP2	0.00958007382615102	0.0176305992798418	0.0122530392519	0.0837181241853247	0.122845312153385	0.138461479123898
HEXIM1:O94992:OID20589:v1	0.00327642940358741	0.0172747607011681	0.0205511901047556	0.105	0.125551190104755	0.0260963627732534	0.137591373580407	HEXIM1	0.00243698500780149	0.00416437668306193	0.0242247263509555	0.0560018807234526	0.0864315186796126	0.102148305198689
CA3:P07451:OID20271:v1	0.0249746050175104	0.0216383588612277	0.0466129638787382	0.0789	0.125512963878738	0.198980282559809	0.17239939359677	CA3	0.0141444980000945	0.00252229188721767	0.0280709876482105	0.114832826412614	0.159508156641479	0.178437197508395
SEL1L:Q9UBV2:OID30196:v1	0.0478251487515821	0.0142302338823228	0.0620553826339049	0.0634	0.125455382633904	0.381212409922195	0.113428643582782	SEL1L	0.0193392375082716	0.0111595523572666	0.0124616419444525	0.0272970473005504	0.0698014208413651	0.0884768165270231
APLP1:P51693:OID20164:v1	0	0.0158177283718764	0.0158177283718764	0.1094	0.125217728371876	0	0.126321796262749	APLP1	0.00871161291182906	0.00935083329096022	0.0134880196558451	0.0782273728503006	0.109399237054148	0.122285566580549
DUT:P33316:OID31457:v1	0	0.0106136347044993	0.0106136347044993	0.1145	0.125113634704499	0	0.0848319587994323	DUT	0.00228451270151149	0.00810548600507691	0.0158706199354782	0.031968082753346	0.0581152760015473	0.0743561918904477
CALB1:P05937:OID21306:v1	0.00729961948784801	0.00605847467793825	0.0133580941657862	0.1117	0.125058094165786	0.0583698283309123	0.0484452823174059	CALB1	0.00213978190762362	0.00942705439501138	0.0119997773908132	0.0776779150591463	0.101088534502509	0.116118320196783
FKBP14:Q9NWM8:OID31065:v1	0.00141073797633076	0.0156948963747467	0.0171056343510774	0.1079	0.125005634351077	0.0112853951236207	0.125553511697462	FKBP14	0.00328308043282541	0.000132876911234297	0.0219850255688461	0.0164360129753417	0.0413682608043647	0.0604170277474307
HHEX:Q03014:OID31107:v1	0	0.00650096217926447	0.00650096217926447	0.1184	0.124900962179264	0	0.0520489359396122	HHEX	0.00192876791017473	0.0107098891390085	0.0141938683237681	0.06297623718259	0.0896716716805742	0.108992992959696
MTDH:Q86UE4:OID30538:v1	0	0.0181512519579611	0.0181512519579611	0.1067	0.124851251957961	0	0.145383019179278	MTDH	0.00255194639659437	0.00460938617219062	0.0200119155434143	0.0329194702743136	0.0591723299549265	0.0772812258976335
ATOX1:O00244:OID21476:v1	0.006161815831349	0.0166990720660098	0.0228608878973588	0.1017	0.124560887897358	0.0494683036975979	0.134063527868958	ATOX1	0.0141608932871336	0.00360301685284594	0.0113250629398894	0.0262136325747637	0.0549602923877714	0.0708609901583934
PPP1R14A:Q96A00:OID31011:v1	0.0258788399700376	0.00340877930716604	0.0292876192772037	0.0951	0.124387619277203	0.208049966069094	0.0274044903099995	PPP1R14A	0.0157515111079396	0.000676551483315149	0.0112476252088083	0.0126109196424874	0.0398189357113825	0.0592261710511473
WASF1:Q92558:OID20091:v1	0.0511319715696777	0.00120323717468626	0.0523352087443639	0.0718	0.124135208744363	0.411905470550064	0.00969295646945847	WASF1	0.0343262824043528	0.00208410462703924	0.0205041208878625	0.039658670791221	0.0962721650422289	0.112268379871513
RBKS:Q9H477:OID20986:v1	0.0845924716746088	0	0.0845924716746088	0.0395	0.124092471674608	0.681688989936669	0	RBKS	0.0322002900899798	0.00770650009714101	0.0394023323181213	0.125243945555282	0.204429203898361	0.226020163506562
SNAP29:O95721:OID21506:v1	0.00360718438348764	0.0089177097048447	0.0125248940883323	0.1115	0.124024894088332	0.0290843577009511	0.0719025786749987	SNAP29	2.45313296155822e-05	0.00385824876993461	0.0206745925920952	0.0204321650032683	0.0449041783540994	0.0624228716646485
FTCD:O95954:OID31137:v1	0.0133985918074569	0.00968414751057256	0.0230827393180295	0.1008	0.123882739318029	0.108155436998049	0.0781718870916439	FTCD	0.00750811873320913	0.0208641409232124	0.0160487616180066	0.173691945699569	0.217610920042705	0.234757407128266
ADH4:P08319:OID20117:v1	0.0082529086740376	0.00893836827490504	0.0171912769489426	0.1065	0.123691276948942	0.0667218325949068	0.0722635297765955	ADH4	0.00862769256697391	0.023290011224863	0.014152664062429	0.222498419155347	0.268377690853786	0.282411133722186
ADAMTSL4:Q6UY14:OID30275:v1	0.0697639932144479	0.00591383611926621	0.0756778293337141	0.048	0.123677829333714	0.564078409123813	0.0478164611323277	ADAMTSL4	0.0592133423258955	0.000521933967803909	0.0103066946946773	0.0573794649587529	0.126880540345881	0.132378605585793
C1R:P00736:OID30753:v1	0.0660796683228022	0.0186479753714663	0.0847276436942686	0.0387	0.123427643694268	0.535371707220484	0.151084269401249	C1R	0.0365885515836713	0.00810322819554299	0.0114732138872776	0.027536044806329	0.0832625520115104	0.0931872887032735
GSR:P00390:OID30700:v1	0.0109546732926284	0.0158277310704979	0.0267824043631263	0.0964	0.123182404363126	0.0889305039081346	0.128490194296254	GSR	0.00889030772481786	0.00144660260168454	0.0165885135385195	0.0802239438278063	0.107139271556554	0.128508761192577
LAT:O43561:OID20640:v1	0	0.0119377333650682	0.0119377333650682	0.1109	0.122837733365068	0	0.0971829505319004	LAT	0.00925562139285523	0.00330987149284276	0.0139745565125032	0.0193784608811591	0.0458023981132653	0.0633353286495838
PRTFDC1:Q9NRG1:OID20867:v1	0.027365144037484	0.001653780414937	0.029018924452421	0.0937	0.122718924452421	0.222990416185514	0.0134761645142855	PRTFDC1	0.0104311181827134	0.000458342686350056	0.0252767106100192	0.0201777428938398	0.0562036704107903	0.0743511087405556
KIF22:Q14807:OID30175:v1	0	0.0129741046388885	0.0129741046388885	0.1093	0.122274104638888	0	0.106106723718851	KIF22	0.00456485556328397	0.000688249723096512	0.0104500968329067	0.0253528446455604	0.0409842232871636	0.0537591242881344
BRK1:Q8WUW1:OID20883:v1	0	0.0539396338518284	0.0539396338518284	0.0683	0.122239633851828	0	0.441261415403213	BRK1	0.0360498031070421	0.0019612550007719	0.0212049296947647	0.0298225079487974	0.0889263154153543	0.10447029081853
SDHB:P21912:OID31436:v1	0.00160734646494404	0.0134239163697752	0.0150312628347192	0.107	0.122031262834719	0.0131715957665787	0.110003912587192	SDHB	0.0160662819614975	0.00312960431990087	0.0150194625532817	0.00885827987107255	0.0428165392707803	0.0614771793439321
NDUFB7:P17568:OID31521:v1	0	0.003834660724395	0.003834660724395	0.1178	0.121634660724395	0	0.0315260527020644	NDUFB7	0.000544119924447122	0.0022595140136219	0.010118493721845	0.0173579040559612	0.0300495903043425	0.044669387244802
IDI2:Q9BXS1:OID20823:v1	0.0885977748247203	0.00128637336716425	0.0898841481918845	0.0317	0.121584148191884	0.728695114801437	0.0105801075740078	IDI2	0.0694990321554577	0.00297043515473129	0.0108976122762946	0.0570396850471043	0.139883187499216	0.144600168020568
SERPINC1:P01008:OID30789:v1	0.0112619746818956	0.0108846877537427	0.0221466624356383	0.0992	0.121346662435638	0.0928082771775362	0.0896991110861075	SERPINC1	0.00123511051157113	0.000484621272187243	0.025942232409878	0.0750288072518083	0.102621429903491	0.118686111559007
NAA80:Q93015:OID30893:v1	0.0108497191800361	0.00783951118859097	0.0186892303686271	0.1026	0.121289230368627	0.0894532774844169	0.0646348498111894	NAA80	0.000856925757172599	0.00174627653816836	0.0215910761815646	0.0325886337518272	0.056730533596749	0.0797214163124195
ASPSCR1:Q9BZE9:OID31055:v1	0.0304364286192809	0.00572424349365968	0.0361606721129406	0.0851	0.12126067211294	0.250999999331463	0.0472061006583255	ASPSCR1	0.013390863131073	0.00186446154831431	0.0263580032130452	0.0471506840795087	0.088127709979363	0.104471561886731
VWF:P04275:OID20256:v1	0.0111821583559163	0.0627503736441217	0.0739325320000381	0.0473	0.121232532000038	0.0922372746938327	0.517603423840904	VWF	0.0678449589448948	0.00310986426925819	0.0128352887030477	0.0286787834731694	0.112175860352246	0.117722557018448
TOP2B:Q02880:OID30559:v1	0.00333677764350641	0.0266129068730383	0.0299496845165447	0.0912	0.121149684516544	0.0275426028290707	0.219669634132674	TOP2B	0.0133692329793599	0.0055519367604587	0.0209358097584439	0.0484865390407694	0.0882221425374948	0.10646926950338
CHMP6:Q96FZ7:OID30327:v1	0.0148063917335086	0.00466428579047348	0.0194706775239821	0.1016	0.121070677523982	0.122295439625137	0.0385253133612766	CHMP6	0.00879697857863698	0.00360263599385809	0.0190452242642826	0.0260079319334565	0.0572004750577913	0.0785946537532945
CRYM:Q14894:OID30815:v1	0.0690103277965081	0	0.0690103277965081	0.052	0.121010327796508	0.570284611678405	0	CRYM	0.0511624914072759	0.000626132084944307	0.00237408276753755	0.0039381155881621	0.0579654348450854	0.0635779481771049
EGLN1:Q9GZT9:OID20572:v1	0.0127863953234455	0.0101933724746124	0.022979767798058	0.098	0.120979767798058	0.105690360927034	0.0842568361647662	EGLN1	0.00416465865210144	0.0120380790951881	0.0154799108197669	0.0928691911056033	0.124369565309335	0.147256757575402
ADAMTS15:Q8TE58:OID21275:v1	0.0108148244161214	0.0183256276193815	0.0291404520355029	0.0918	0.120940452035502	0.0894227219602803	0.15152603873187	ADAMTS15	0.0115170804147634	0.0118171520856692	0.021803090853432	0.170916487792289	0.215893042835607	0.230268568022121
ITM2A:O43736:OID20504:v1	0.0464223516111168	0.0459053329822233	0.0923276845933401	0.0285	0.12082768459334	0.384202939643813	0.379923964749661	ITM2A	0.0267084505616987	0.0055417965299212	0.0159918489176177	0.00933962647455452	0.0571200119751506	0.0714716902616599
RP2:O75695:OID21302:v1	0.0419068830655343	0.00595601609450904	0.0478628991600433	0.0726	0.120462899160043	0.347882072885014	0.0494427424214327	RP2	0.00443704791160166	0.00104814395820869	0.00332649137036075	0.0142847157286098	0.0229487635576314	0.0396201514076929
SCRG1:O75711:OID30333:v1	0.00990307647352445	0	0.00990307647352445	0.1105	0.120403076473524	0.0822493640825037	0	SCRG1	0.00328814502055616	0.00748431816965741	0.00709770824220775	0.268138030354848	0.285516092095909	0.299735945330291
GMPR2:Q9P2T1:OID30623:v1	0.0149322552053968	0.0118702288357535	0.0268024840411503	0.0936	0.12040248404115	0.124019494483962	0.0985879064728982	GMPR2	0.00200348251926555	0.00246956994159861	0.020273689324893	0.0426346636357392	0.0669704434533502	0.0881491631771637
VASH1:Q7L8A9:OID20516:v1	0.00860268567819161	0.00894344540077243	0.017546131078964	0.1027	0.120246131078964	0.0715423074405806	0.0743761593036152	VASH1	0.00342539145513761	0.00148649199583852	0.0207366555921074	0.012490158962743	0.0379593689296822	0.0568026822690895
BMP4:P12644:OID20994:v1	0	0.0292923287818454	0.0292923287818454	0.0907	0.119992328781845	0	0.244118345557747	BMP4	0.0161969661340787	0.010721720249661	0.0165808473058925	0.0288519903899113	0.0721212925502768	0.088109924644244
TREML1:Q86YW5:OID30682:v1	0	0.0249804829750105	0.0249804829750105	0.095	0.11998048297501	0	0.208204554237487	TREML1	0.0160946669556091	-0.000157439477037761	0.019460445739715	0.00328531783105949	0.0383006100799036	0.0529913992763517
TGFA:P01135:OID20600:v1	0.00731306729399918	0.00654081659641318	0.0138538838904123	0.106	0.119853883890412	0.0610165232583187	0.05457325523463	TGFA	0.00206608166775935	0.0281808124491431	0.0188330118762819	0.0714362161300159	0.120385646986709	0.142523892672647
MTIF3:Q9H2K0:OID31513:v1	0.00623252229382256	0.00519038857604495	0.0114229108698675	0.1084	0.119822910869867	0.0520144457230832	0.0433171631231854	MTIF3	0.00395977979523171	0.00203489067806006	0.0108514721271702	0.0126123706563152	0.0290813130375811	0.0478087302255622
AHNAK2:Q8IVF2:OID30244:v1	0.0416542003349783	0	0.0416542003349783	0.0781	0.119754200334978	0.347830808593456	0	AHNAK2	0.0223930702859082	0.00314032800479862	0.0130052200603769	0.0462182852704734	0.0844310049745054	0.093933446673537
HS1BP3:Q53T59:OID30243:v1	0.0222602517088484	0.00151425055282138	0.0237745022616698	0.0957	0.119474502261669	0.18631801168834	0.0126742570519767	HS1BP3	0.0048173596840713	0.00248989915112556	0.0170535279986883	0.0217598514223807	0.0458517239092277	0.0655687407349383
GFAP:P14136:OID21247:v1	0.00999405680762849	0.0237906293235088	0.0337846861311373	0.0854	0.119184686131137	0.0838535312886771	0.199611460966825	GFAP	0.010256592977274	0.00255211489826604	0.017165476666216	0.16646181670223	0.196394411752482	0.203901708426843
ADH1B:P00325:OID30612:v1	0.0143271131123162	0.0103045173644737	0.0246316304767899	0.0945	0.11913163047679	0.120262881108703	0.0864969053410327	ADH1B	0.0168715490425586	0.0166144610535866	0.0100925657792108	0.157125180843797	0.200587949346722	0.219487882770385
MANF:P55145:OID20707:v1	0.00218509711752855	0.0101943485528838	0.0123794456704123	0.1066	0.118979445670412	0.0183653328120349	0.0856815939546684	MANF	0.00123817934608199	0.00196126091350501	0.0158574256823277	0.01738392125547	0.0363284235946684	0.0527883362791598
OPLAH:O14841:OID30201:v1	0.0219047133855611	0.00312338429084659	0.0250280976764077	0.0938	0.118828097676407	0.184339510720873	0.0262848968545485	OPLAH	0.00736416600518157	0.00183769749989188	0.0259069324019542	0.0294347551273996	0.0637678736928206	0.0859925214186833
EXTL1:Q92935:OID30114:v1	0.0884742805972586	0	0.0884742805972586	0.0303	0.118774280597258	0.744894266270139	0	EXTL1	0.0340828094830396	0.00588822711631689	0.0110510050943892	0.00462475052405123	0.0552821547652869	0.0637269710378588
TLR1:Q15399:OID30532:v1	0.106889770133079	0.00208043147815381	0.108970201611233	0.0098	0.118770201611233	0.899971278005895	0.0175164430970962	TLR1	0.0729064562373299	0.000794909211944553	0.033191309722733	0.0125798384607809	0.118988189263851	0.124946207376236
WARS:P23381:OID21084:v1	0.0364075728058121	0.0037947361566015	0.0402023089624136	0.0782	0.118402308962413	0.307490395456473	0.0320495114483462	WARS	0.0101881440039427	0.0050173439165949	0.0201922723249211	0.0368690990360315	0.0722221694812153	0.0865728304214935
ENO3:P13929:OID30209:v1	0.0048159416167072	0.0136535151514247	0.0184694567681319	0.0999	0.118369456768131	0.0406856781149288	0.115346606499765	ENO3	0.0110676805795808	0.00594459985811949	0.012162521652759	0.171819478962599	0.200670030044587	0.217436980279355
LATS1:O95835:OID30523:v1	0.00232069575834561	0.00565007185234534	0.00797076761069095	0.1102	0.11817076761069	0.0196384927107443	0.0478127710142264	LATS1	9.585623081946e-06	0.00269408708982138	0.0178924133064382	0.0237807937405673	0.0442566773085752	0.0666168022558314
ACRBP:Q8NEB7:OID31385:v1	0.0159323953327066	0.00781143043615541	0.023743825768862	0.0943	0.118043825768862	0.134970170857588	0.0661739856809684	ACRBP	0.00776023824765383	0.000694382223379974	0.0184755358159773	0.0124603193839743	0.0392696427255077	0.0598785337103857
IL7:P13232:OID20535:v1	0.00727010551667339	0.00836922826307601	0.0156393337797494	0.1024	0.118039333779749	0.0615905332898501	0.070902028968515	IL7	0.0155951286998162	0.000778882242723762	0.011694560815141	0.0118398968949426	0.0396887233438838	0.0579450037094413
FYB1:O15117:OID21140:v1	0	0.00618090106546469	0.00618090106546469	0.1118	0.117980901065464	0	0.0523889969448111	FYB1	0.000954768113173002	0.00399779718467498	0.0120712243689351	0.0265155791357075	0.0434361404992354	0.0617579442949947
DAAM1:Q9Y4D1:OID30664:v1	0	0.0130987904240416	0.0130987904240416	0.1048	0.117898790424041	0	0.111101991605934	DAAM1	0.00334513387608822	0.00317247526458479	0.0134902997076439	0.0235268808183606	0.0434714179876077	0.0601718253314203
CCL2:P13500:OID21004:v1	0.00232482673233185	0.0604627952503728	0.0627876219827047	0.0551	0.117887621982704	0.01972070259143	0.51288501908405	CCL2	0.062686820146293	0.00503716004315223	0.0184653827727116	0.103350171709543	0.189471023903191	0.20537976279256
CNPY4:Q8N129:OID21317:v1	0.0219854881779577	0.00137961706914326	0.023365105247101	0.0945	0.117865105247101	0.186530934086605	0.01170505100938	CNPY4	0.0112543611793983	0.00176911168517844	0.0219113512601783	0.0172885380844862	0.0520656786794203	0.0717703122804562
TMSB10:P63313:OID21118:v1	0	0.0163160856851411	0.0163160856851411	0.1014	0.117716085685141	0	0.138605404606999	TMSB10	0.00847901655643806	0.00797633263905169	0.0100017004296505	0.0525868382700988	0.0787993551564379	0.0935539454032653
FOXO1:Q12778:OID20515:v1	0.0105290358524263	0.0124858743895048	0.0230149102419312	0.0946	0.117614910241931	0.0895212675907193	0.106158941615665	FOXO1	0.0137631916887529	0.00228740817580482	0.0154268964082956	0.0259713785280044	0.0564819132040758	0.0745011870829663
EPO:P01588:OID20522:v1	0.00877130132670934	0.0350432380644109	0.0438145393911202	0.0736	0.11741453939112	0.0747037068168467	0.298457399280664	EPO	0.0296658610714524	0.0160153114038433	0.0136869721744981	0.0239075961812772	0.0832406643796165	0.105681632236752
SCGN:O76038:OID20457:v1	0.00631750341234166	0.02141993116315	0.0277374345754916	0.0895	0.117237434575491	0.053886401005079	0.182705560222381	SCGN	0.00891332539500006	0.00701966034166768	0.0237124870109061	0.0458582023215797	0.0854527218719619	0.102847747944306
ACOT13:Q9NPJ3:OID31522:v1	0.00787611555308252	0.0095762243759474	0.0174523399290299	0.0997	0.117152339929029	0.067229690485515	0.0817416398319369	ACOT13	0.00129926137010165	0.00275999000811906	0.0156341535452839	0.0134942594024196	0.0329416861225648	0.0487850777495481
PHACTR2:O75167:OID31009:v1	0.0233466009642644	0.00408208856069364	0.027428689524958	0.0897	0.117128689524958	0.19932435903579	0.0348513124943981	PHACTR2	0.000158800693227483	0.000975894383897999	0.0315676756726632	0.0223910982963743	0.0547967450077969	0.0764368716318856
TNF:P01375:OID20074:v1	0.00958915170341621	0.0144907047616216	0.0240798564650378	0.0928	0.116879856465037	0.0820428086877794	0.123979487996344	TNF	0.00336570727705688	0.0222993292124518	0.0141934933179215	0.0471995941249054	0.0868751464286386	0.107662173600082
TNF:P01375:OID20473:v1	0.0113952817546068	0.0149686723066432	0.02636395406125	0.0903	0.11666395406125	0.0976761146688389	0.128305888713359	TNF	0.00336570727705688	0.0222993292124518	0.0141934933179215	0.0471995941249054	0.0868751464286386	0.107662173600082
DECR1:Q16698:OID20579:v1	0.0142728261530324	0.0032600729415989	0.0175328990946313	0.0988	0.116332899094631	0.122689507990531	0.0280236542454511	DECR1	0	0.00309844730605382	0.0128187084723347	0.0187375104336693	0.0344044274172252	0.0529866739839297
EHD3:Q9NZN3:OID30229:v1	0.0179306465387318	0.00187405012117225	0.0198046966599041	0.0965	0.116304696659904	0.154169582602191	0.0161132798157955	EHD3	0.00407929042537209	0.00105627079160728	0.0163309342831475	0.0162509398135833	0.0373696160949467	0.0565290481861141
IL6:P05231:OID20563:v1	0	0.024286456189811	0.024286456189811	0.092	0.116286456189811	0	0.208850256389006	IL6	0.0109332475645288	0.0328533734675338	0.0167603308979974	0.135688570941889	0.196146253687334	0.210471592468531
HMOX2:P30519:OID20887:v1	0.00695215397910506	0.00972119609954618	0.0166733500786512	0.0996	0.116273350078651	0.0597914653220397	0.0836063989983124	HMOX2	0.00351201120650622	0.00539601715047186	0.0141966955176807	0.0298923938635571	0.052586386084231	0.0730014082681491
LACTB2:Q53H82:OID20150:v1	0.0243648104429957	0.00222740077770221	0.026592211220698	0.0896	0.116192211220698	0.209694007774038	0.0191699663368265	LACTB2	0.00050752775419434	0.00338955749021907	0.0315295339396405	0.0237262500887089	0.0583733639677911	0.0751837368642664
FKBP1B:P68106:OID20618:v1	0.0279626578603989	0.0116409380746773	0.0396035959350763	0.0765	0.116103595935076	0.240842306693371	0.100263372386733	FKBP1B	0.0178926135241389	-0.00016821495385434	0.0245080308391584	0.0171995078687326	0.0593575289386846	0.0761434050275375
ATP5IF1:Q9UII2:OID20760:v1	0.00605623662091193	0.00339722500743821	0.00945346162835014	0.1065	0.11595346162835	0.0522298906463281	0.0292981766971897	ATP5IF1	0.0024955297100719	0.0019372835888101	0.016151869273123	0.0154788032522064	0.0359468262904974	0.0548344921216286
FIS1:Q9Y3D6:OID20722:v1	0.0135227030227033	0.00726461149523789	0.0207873145179412	0.0949	0.115687314517941	0.116890110891166	0.0627952297579806	FIS1	0.00373876570147505	0.00630614140035563	0.0181493494547125	0.0189108239235354	0.0470071571698572	0.0684519518471414
DNAJB6:O75190:OID30613:v1	0.0181551061433071	0.00285264161912494	0.0210077477624321	0.0946	0.115607747762432	0.157040566006138	0.0246751768314609	DNAJB6	0.0128918632786906	0.00105072666140879	0.0102912249638614	0.0265071155734393	0.050412672529273	0.0759562562377978
NFU1:Q9UMS0:OID31510:v1	0.00985279691977717	0.00908016080238028	0.0189329577221574	0.0966	0.115532957722157	0.0852812661775	0.0785936842733391	NFU1	0.00308451644999858	0.00264617021050998	0.0193744514167431	0.0148679299419052	0.039871044485663	0.0592211965938935
HPCAL1:P37235:OID20615:v1	0.0203259773652498	0	0.0203259773652498	0.0952	0.115525977365249	0.175942916293074	0	HPCAL1	0.0133625359474807	0.00188086403441019	0.00759596107487329	0.0211108641688931	0.0438385319451627	0.0596054313364307
TPD52L2:O43399:OID30609:v1	0	0.00880098742787532	0.00880098742787532	0.1067	0.115500987427875	0	0.0761983739175486	TPD52L2	0	0.000896583723944556	0.0110360134170629	0.0193221056702411	0.0311293777542147	0.0531738741301223
IMPA1:P29218:OID20907:v1	0.0228308231058447	0.00139471001784687	0.0242255331236915	0.0912	0.115425533123691	0.19779699073496	0.0120832018713942	IMPA1	0.0103319857613961	0.000207746143587671	0.0163615312907705	0.0156085682894954	0.042485714809642	0.057451996088105
DCTPP1:Q9H773:OID20148:v1	0.00716319378941301	0.0162159813944723	0.0233791751838853	0.0919	0.115279175183885	0.0621377952955231	0.140667049088491	DCTPP1	0.00711247466700904	0.00690147764916092	0.0179372732830899	0.0694877474672857	0.101401741177912	0.121912923717964
SLC9A3R1:O14745:OID30630:v1	0.00412254087602348	0.0046471735960051	0.00876971447202859	0.1064	0.115169714472028	0.0357953555318115	0.0403506565706887	SLC9A3R1	0.00187996891282482	0.00130336920212842	0.010155052944613	0.0197013866931085	0.0326739472485433	0.0509494604890342
WFDC1:Q9HC57:OID31366:v1	0.0437032535114586	0.0147351171485893	0.058438370660048	0.0567	0.115138370660048	0.379571582096595	0.127977468016249	WFDC1	0.0187773159066379	0.000192332720369954	0.0109748447199471	0.00768657467601445	0.0374845962818668	0.0437288916459819
RNF5:Q99942:OID30218:v1	0	0.0201378786738635	0.0201378786738635	0.0949	0.115037878673863	0	0.17505432911324	RNF5	0.0139494136834501	0.00144620951452304	0.0104991309454537	0.0257091583479527	0.0515448792837486	0.0685493612412041
ADAMTS16:Q8TE57:OID20089:v1	0.0290145143317134	0.00138415078327683	0.0303986651149903	0.0846	0.11499866511499	0.252303053280671	0.0120362334805606	ADAMTS16	0.0137479476945036	0.0111267476935378	0.00974319432895117	0.112370456068077	0.146350056528584	0.155451573285639
CCL20:P78556:OID20671:v1	0.00500282776449553	0.0149437330166336	0.0199465607811292	0.0947	0.114646560781129	0.0436369632931806	0.130346108202605	CCL20	0.0022727269650396	0.0256667653325215	0.0157048066527381	0.0474291384503448	0.090954340213184	0.112169778289798
TPSD1:Q9BZJ3:OID30982:v1	0.101625510860412	0.00634518611197314	0.107970696972385	0.0066	0.114570696972385	0.887011369799964	0.0553822773156604	TPSD1	0.0699373620658397	0.00022942444987283	0.00357609415567095	0.00378158487300868	0.0771484866831213	0.0798774343124304
FST:P19883:OID20770:v1	0.0184913251018427	0.00769442803990823	0.0261857531417509	0.0882	0.11438575314175	0.16165758928848	0.0672673635358506	FST	0.0104822127886412	0.00795296482951529	0.0182605256811591	0.08377642623644	0.120339665101713	0.134743933169082
PCOLCE:Q15113:OID20384:v1	0.0229838078130525	0	0.0229838078130525	0.0914	0.114383807813052	0.200935851432897	0	PCOLCE	0.0108757196407055	0.01066570705926	0.00763022824014666	0.271220914344823	0.299227457754159	0.325651471352709
ACAA1:P09110:OID21269:v1	0.00906886137864537	0.00420583980126005	0.0132747011799054	0.101	0.114274701179905	0.0793601845816078	0.0368046449287029	ACAA1	0.00293627618777281	0.0133476149934262	0.00873558540822356	0.0471611321984641	0.0719292014069979	0.092769558551239
MSRA:Q9UJ68:OID21513:v1	0.00242872590283662	0.00674282125852185	0.00917154716135847	0.105	0.114171547161358	0.0212726021782301	0.0590586834125339	MSRA	0.00316658247199651	0.00245990839179083	0.0113656424518298	0.024249275304629	0.0411103468352117	0.061940936868188
DOK2:O60496:OID20138:v1	0.00410061749873619	0.0048879908550625	0.0089886083537987	0.105	0.113988608353798	0.0359739236925207	0.0428813977611791	DOK2	0.000317521948228914	0.00288822534522744	0.00904902608616263	0.0292428529060122	0.0412912301958241	0.0618798477797089
SLA2:Q9H6Q3:OID31017:v1	0.00927620588337006	0	0.00927620588337006	0.1047	0.11397620588337	0.0813872142126072	0	SLA2	0.00367167168478906	-0.000135864858121118	0.00697482083673897	0.018630549328007	0.0287535754176108	0.049830595198384
SERPINB6:P35237:OID21023:v1	0.0281478276526595	0.00165470251873918	0.0298025301713987	0.0841	0.113902530171398	0.24712205787091	0.014527355241795	SERPINB6	0.0108926450996369	0.00174291744086008	0.0237944779051416	0.0243160718885655	0.0605862319558926	0.0797577475110296
P4HB:P07237:OID21509:v1	0.0045053811842358	0.00787932209506701	0.0123847032793028	0.1014	0.113784703279302	0.0395956666791723	0.0692476393397621	P4HB	0.00275760079592818	0.0133910946016811	0.0115287383026945	0.0509334158902403	0.0782842236163264	0.0951944752643491
NEFL:P07196:OID20871:v1	0	0.00154989083513845	0.00154989083513845	0.1122	0.113749890835138	0	0.013625427011484	NEFL	0.00449434506673442	0.00458525756577817	0.00530432024801487	0.273330476229577	0.28755037549097	0.297628252362743
CACYBP:Q9HB71:OID30649:v1	0.00610728754821356	0.00755977191203993	0.0136670594602534	0.1	0.113667059460253	0.0537296168055541	0.0665080274614071	CACYBP	0	0.00285696105670063	0.0171360915398611	0.0251887786017074	0.0448174545998132	0.0611614188714683
S100A13:Q99584:OID30529:v1	0.0482657268510359	0.00498794832068094	0.0532536751717169	0.0601	0.113353675171716	0.425797635391347	0.0440034106801108	S100A13	0.0164801652582583	0.00520913127736126	0.0241670491750244	0.0736896641760759	0.119374945865784	0.135996965170384
UPB1:Q9UBR1:OID30352:v1	0.00456891142393248	0.0060788858296469	0.0106477972535793	0.1026	0.113247797253579	0.040344373442443	0.0536777401156451	UPB1	0.0048957036976122	0.0221119129152989	0.00560645412620066	0.169821961828034	0.20195413921784	0.21936731941186
ELAC1:Q9H777:OID31029:v1	0.00876336206390663	0.0143281918449131	0.0230915539088198	0.0899	0.112991553908819	0.0775576736556641	0.126807636051058	ELAC1	0.00173715938663803	-0.000623770607972258	0.0199016113100112	0.0221484488995552	0.0429826351375377	0.0610145221372674
EDIL3:O43854:OID20081:v1	0.00671151714201592	0.0204533243163211	0.027164841458337	0.0858	0.112964841458337	0.059412442449992	0.181059204370809	EDIL3	0.023766317974872	0.00673617912991499	0.0110430916549103	0.086924200835614	0.128268307348379	0.143514354464432
MAP4K5:Q9Y4K4:OID20899:v1	0.0180361499503667	0	0.0180361499503667	0.0949	0.112936149950366	0.159702185334751	0	MAP4K5	0.00708304182572935	0.0026971902393798	0.0181838735270668	0.02636070018684	0.0541805842132558	0.073079251392568
CCN1:O00622:OID21368:v1	0.0117497045161885	0.0295536334081425	0.041303337924331	0.0716	0.112903337924331	0.104068708084284	0.261760493103841	CCN1	0.0381962075414719	0.00786723578191714	0.0178059031269296	0.0876842850772453	0.151410037345629	0.170859654569762
CXCL13:O43927:OID21024:v1	0.00131932096433824	0.0199739219768117	0.02129324294115	0.0916	0.11289324294115	0.0116864475673356	0.17692752423831	CXCL13	4.99943266234438e-06	0.0208228766771417	0.0147311736626199	0.0218470606735518	0.057381070182007	0.0831848784844825
TRIM58:Q8NG06:OID31429:v1	0.0250391153189166	0.00277755953031771	0.0278166748492343	0.085	0.112816674849234	0.221945163269333	0.024620115191567	TRIM58	0.0153826800138859	0.00216142800628644	0.0165432150843121	0.0383095024539005	0.0722035960319622	0.0921058833674958
ODAM:A1E959:OID20793:v1	0.0619065505991526	0	0.0619065505991526	0.0508	0.112706550599152	0.549271983483257	0	ODAM	0.0466002439862504	0.00471797929370322	0.0075233619944983	0.0224233638909236	0.0809826865456685	0.0869087302642143
NUMB:P49757:OID30568:v1	0.00613250778516105	0.00604067097058019	0.0121731787557412	0.1002	0.112373178755741	0.0545727001145968	0.0537554515896576	NUMB	0	0.00313541314310867	0.014920551049884	0.037465141572933	0.0554393234151479	0.0786402207387134
DNAJC6:O75061:OID30247:v1	0.00439530877685197	0.0158729815030543	0.0202682902799063	0.0921	0.112368290279906	0.0391152055967335	0.141258547794179	DNAJC6	0.0271214961529423	0.000979844343853479	0.0114609044868884	0.0385390680230523	0.0778213680936159	0.0982603655615901
PRKG1:Q13976:OID30621:v1	0.021801509982043	0.00546017302287339	0.0272616830049164	0.0851	0.112361683004916	0.194029756399155	0.0485946176387771	PRKG1	0.0119359155536726	0.00118294562724717	0.0170242810639961	0.0244552368240994	0.0544075953128609	0.0734710945709731
CEACAM19:Q7Z692:OID31443:v1	0.0265212066811018	0.0111643524293055	0.0376855591104074	0.0746	0.112285559110407	0.236194279043703	0.0994282124767971	CEACAM19	0.0184963170306368	0.0016677082667996	0.0192392986588029	0.0436359128838062	0.0829415295998467	0.0961714328441772
GAST:P01350:OID31083:v1	0	0.023700173323776	0.023700173323776	0.0885	0.112200173323776	0	0.211231164994589	GAST	0.00860270268358274	0.0296969535938506	0.0116204244060582	0.0722170800527022	0.12210150437752	0.140995716122333
LMNB2:Q03252:OID31109:v1	0	0.00678348068121668	0.00678348068121668	0.1054	0.112183480681216	0	0.0604677323258741	LMNB2	0.00614013575683399	0.0174886204292707	0.00577167190055545	0.136904725114399	0.165986473678255	0.186181886937676
WWP2:O00308:OID20926:v1	0.0144387045964126	0.00498940088879971	0.0194281054852123	0.0927	0.112128105485212	0.128769718652892	0.0444973262252944	WWP2	0.0153917450850291	0.00570229254006154	0.0071199227299829	0.0536848606479315	0.0815852335422622	0.0999678372908622
SPESP1:Q6UW49:OID30298:v1	0.0299902373401601	0.0188190493124995	0.0488092866526596	0.0633	0.112109286652659	0.267508948059555	0.167863429287578	SPESP1	0.0259072907514267	0.00039905633378175	0.0349838281720207	0.162968626644018	0.224199713629081	0.232510653372726
FADD:Q13158:OID20151:v1	0.00765943016054404	0.00501574438312104	0.012675174543665	0.0994	0.112075174543665	0.0683418981208893	0.0447533934570575	FADD	0.000568117263238784	0.00252093267519199	0.0153625118169278	0.022577614341074	0.0408395338108502	0.0575730165526348
SERPINA6:P08185:OID30743:v1	0.0388138008546277	0.00445575471999978	0.0432695555746275	0.0688	0.112069555574627	0.346336707195929	0.0397588327815995	SERPINA6	0.0336106301400608	0.0246847396575108	0.0099964562059189	0.234762629361006	0.302929157735468	0.318007450724214
MGLL:Q99685:OID20711:v1	0.00406943238357171	0.0064888283559434	0.0105582607395151	0.1013	0.111858260739515	0.0363802579860259	0.0580093800229378	MGLL	0	0.00226803029374635	0.0136324033769877	0.019561471763554	0.0350143069489874	0.0536349841309783
COMMD1:Q8N668:OID30222:v1	0.0154493469379607	0.0093866910447243	0.024836037982685	0.087	0.111836037982685	0.138142831386361	0.0839326143347244	COMMD1	0.0039290329587897	0.00356047196949868	0.0194814124905561	0.0305323435992915	0.0570387247905326	0.0786320809629368
CKMT1A_CKMT1B:P12532:OID20721:v1	0.0141151523827787	0.0305849095937082	0.0447000619764869	0.0671	0.111800061976486	0.126253529141578	0.273567912691682	CKMT1A_CKMT1B	0.0347444477154688	0.00181432238692636	0.00971453703767435	0.00867304458028117	0.0548535719320525	0.0616511319331879
CXCL3:P19876:OID20788:v1	0	0.0100325913922162	0.0100325913922162	0.1016	0.111632591392216	0	0.0898715264699644	CXCL3	0.0102392357943596	0.00220015924878684	0.00657685664273086	0.0174720709856	0.036160636899949	0.0464542363012084
ACADSB:P45954:OID30356:v1	0.0315950557605679	0.0137172840711309	0.0453123398316988	0.0663	0.111612339831698	0.283078518094059	0.122901142398908	ACADSB	0.0260176172884481	0.000379833053158018	0.0295262675326336	0.00939424568716228	0.0652237711981748	0.0828227425290404
PDE5A:O76074:OID30584:v1	0.0204291438338789	0.00356595141663655	0.0239950952505155	0.0876	0.111595095250515	0.183064889975839	0.0319543740576724	PDE5A	0.00461817171271917	0.00167024925264611	0.0194874707468245	0.0331110642294837	0.0588804900008367	0.0767154572302558
GLRX5:Q86SX6:OID30663:v1	0.0116083656633861	0.00507661006062511	0.0166849757240112	0.0949	0.111584975724011	0.104031618845333	0.0454954623387771	GLRX5	0.00562323031472858	0.00301222729998686	0.0130188191027234	0.0170949368367786	0.0385986840273306	0.0571946137793088
CUZD1:Q86UP6:OID30914:v1	0	0.0967361466005796	0.0967361466005796	0.0148	0.111536146600579	0	0.867307590847655	CUZD1	0.0872622408609084	7.36744298076554e-05	0.00485284909526151	0.000762355093683451	0.0928795983169272	0.0945098184730301
PRDX3:P30048:OID20483:v1	0.00190763732508462	0	0.00190763732508462	0.1095	0.111407637325084	0.0171230390562739	0	PRDX3	0.000569269296964724	0.0046551192049962	0.00498766618065587	0.015714034620798	0.025477498243069	0.040726816216251
AGR3:Q8TD06:OID21243:v1	0	0.00930601796558111	0.00930601796558111	0.1021	0.111406017965581	0	0.0835324530534446	AGR3	0.0121132689254929	0.00978910883315277	0.00418400941765112	0.0562493941843699	0.0820795018853522	0.0951916823959365
FKBP5:Q13451:OID20937:v1	0.0201944695105524	0.00411508364643364	0.024309553156986	0.087	0.111309553156986	0.181426202314108	0.0369697256858978	FKBP5	0.0118597837637126	0.0023812344250972	0.02058782128567	0.0231672027957231	0.0577433554045655	0.0746728950640507
SPRY2:O43597:OID20475:v1	0.00682343006779945	0.0177772059108902	0.0246006359786896	0.0866	0.111200635978689	0.061361430244941	0.159866045319174	SPRY2	0.0125242134620166	0.00252342465509029	0.0174067530507244	0.012733877506795	0.0450936925582831	0.0649436433071237
AMOT:Q4VCS5:OID30572:v1	0	0.0327569577002698	0.0327569577002698	0.0782	0.110956957700269	0	0.295222204890988	AMOT	0.00631775189844086	0.0162075800134132	0.0277647170045607	0.190498797272832	0.240513638183966	0.255860483267483
METAP1D:Q6UB28:OID20519:v1	0.00680684636870324	0.00374916191935738	0.0105560082880606	0.1003	0.11085600828806	0.0614025930918924	0.0338201057142084	METAP1D	0	0.00311505903226199	0.00934203396140014	0.0148200989644611	0.0271906612559275	0.0438205581193108
HARS1:P12081:OID21086:v1	0	0.00530975170976711	0.00530975170976711	0.1055	0.110809751709767	0	0.0479177295124206	HARS1	0	0.00309640411677722	0.0108264274510064	0.0248106068835796	0.0384965904438893	0.0531689983584346
AIFM1:O95831:OID21287:v1	0	0.0027919146601094	0.0027919146601094	0.108	0.110791914660109	0	0.0251996246176855	AIFM1	0.00198297726735809	0.00912746475321364	0.00609515170100033	0.0460475865700491	0.0628415711447184	0.0790789909371651
WNT9A:O14904:OID20460:v1	0.0169483485015601	0.00233101005324407	0.0192793585548042	0.0914	0.110679358554804	0.153130165577965	0.0210609284665292	WNT9A	0.0138379542191307	0.00297881372828466	0.00925386720298878	0.202476841460305	0.228528840209822	0.243786561289238
MECR:Q9BV79:OID30274:v1	0.00491812007951772	0.0048578270638705	0.00977594714338822	0.1009	0.110675947143388	0.0444371176073692	0.0438923468852437	MECR	0.000275538026820798	0.00437619967379799	0.0146080243104914	0.0157204888119531	0.0345687830614017	0.0541293342175257
C9:P02748:OID30698:v1	0.0224138751426462	0.00668483142223617	0.0290987065648824	0.0813	0.110398706564882	0.203026610003563	0.0605517186771335	C9	0.00661017636680438	0.0204848158735645	0.0214076153466639	0.0443004266862377	0.0926018470048113	0.116446575669396
USP8:P40818:OID20110:v1	0.0034488135504184	0.0122828462895078	0.0157316598399262	0.0945	0.110231659839926	0.0312869601657692	0.111427572689593	USP8	0.0134987365061069	0.00270000965858806	0.00712180578803814	0.0385783620573829	0.0618632797228535	0.077971284798214
FAM172A:Q8WUF8:OID30248:v1	0.010467583607538	0.00330477633928379	0.0137723599468218	0.0961	0.109872359946821	0.0952703993306812	0.0300783230730941	FAM172A	0.00098404238815577	0.000911889484018139	0.0154293284946846	0.0175202136379027	0.0345765516402927	0.0545891746953943
ENO1:P06733:OID21037:v1	0.0131813743757754	0.00192119510710173	0.0151025694828771	0.0947	0.109802569482877	0.120046137698362	0.0174968137462514	ENO1	0.000261303030051372	0.00214953701678993	0.010691989688933	0.0203725394330513	0.0333655049292495	0.0524515149128243
PMM2:O15305:OID30125:v1	0.0357804703778896	0	0.0357804703778896	0.0739	0.109680470377889	0.326224625538281	0	PMM2	0.00979585511166214	0.00226217490734086	0.0273790387740246	0.0148217936084352	0.0540190345240228	0.0700741580279647
OGFR:Q9NZT2:OID21360:v1	0.0131722066504981	0.00127353888225188	0.01444574553275	0.0952	0.10964574553275	0.120134224875727	0.0116150323577442	OGFR	0.00556794274564395	0.00639650010249669	0.00587220680820972	0.0848410206364125	0.102548052098581	0.120599336723416
SERPINH1:P50454:OID31322:v1	0.017105168776707	0.0113161631011128	0.0284213318778199	0.081	0.109421331877819	0.156323894830733	0.103418254072692	SERPINH1	0.00749959810551344	0.00317953597180683	0.0263021020309704	0.0192910689622458	0.0562100707422402	0.0749606157729802
RTN4IP1:Q8WWV3:OID31030:v1	0.0056947846350556	0.00202692150425171	0.00772170613930731	0.1016	0.109321706139307	0.0520919846219634	0.0185408879520122	RTN4IP1	0.00339228444241073	0.00128876662323087	0.0107181751171265	0.0133149473287346	0.0284181308361655	0.0502522016038126
ITGB1BP2:Q9UKP3:OID20112:v1	0	0.0101645089897547	0.0101645089897547	0.0991	0.109264508989754	0	0.0930266294493471	ITGB1BP2	0.00361642555139729	0.00276104003908371	0.0103728047061776	0.0164575181661545	0.0330175652122205	0.0480768513539637
SERPINB1:P30740:OID21088:v1	0.00754704636787964	0.00283106638465487	0.0103781127525345	0.0988	0.109178112752534	0.0691260013349557	0.0259307137051529	SERPINB1	0.000965284330732462	0.0035043791338636	0.01305705182933	0.0341949804719646	0.05134545593599	0.0679174011442135
EHBP1:Q8NDI1:OID30302:v1	0.0144758493388933	0.00558829649681849	0.0200641458357118	0.0891	0.109164145835711	0.132606262139209	0.0511916843578722	EHBP1	0.00604916327222067	0.00186826660813983	0.0153004242850067	0.0376087544320064	0.0602788747320165	0.0822288237281508
PPP1R2:P41236:OID20176:v1	0	0.00742988488070581	0.00742988488070581	0.1017	0.109129884880705	0	0.0680829535266871	PPP1R2	4.58595149633552e-05	0.00348639723102228	0.0119118040936788	0.0242958010490149	0.0397100496542941	0.0556731348154922
PLCB2:Q00722:OID31155:v1	0.0154817097494711	0.0139562030511953	0.0294379128006665	0.0796	0.109037912800666	0.141984648750324	0.127994040721495	PLCB2	0.00577168900112588	0.000193952766761197	0.0267865497981092	0.0240604433066734	0.0560985617475616	0.0770282493927251
CIRBP:Q14011:OID31503:v1	0	0.0127656174168531	0.0127656174168531	0.096	0.108765617416853	0	0.117368132687813	CIRBP	0.00153642881945359	0.00126089914163635	0.0141223387548157	0.0245065046548261	0.041126827815465	0.0608753582080782
HSPA1A:P0DMV8:OID20718:v1	0.0104198120309581	0.00440744643583199	0.0148272584667901	0.0938	0.10862725846679	0.0959226273223464	0.0405740372908284	HSPA1A	0	0.00312699199378401	0.0177391121732827	0.0438002167251694	0.0642301253263814	0.0828651723082189
APBB1IP:Q7Z5R6:OID21359:v1	0.0285717814119181	0.0171260615797585	0.0456978429916766	0.0628	0.108497842991676	0.263339626153766	0.157847023567762	APBB1IP	0.0178492432876434	0.0100121451632157	0.0225611726101925	0.085602391956453	0.135583343586907	0.153926643680551
LZTFL1:Q9NQ48:OID30637:v1	0.0106518399979771	0.00844025844511523	0.0190920984430924	0.0892	0.108292098443092	0.0983621164527966	0.0779397441407103	LZTFL1	0	0.000485199040068559	0.0268296972333124	0.0215599398433648	0.0486410249079732	0.0700082100553152
TIMM10:P62072:OID30358:v1	0.0193188828154291	0.00360661365162223	0.0229254964670514	0.0849	0.107825496467051	0.179168039549277	0.0334486162345129	TIMM10	0.0116099227421713	6.26662649898796e-05	0.0188517242680313	0.00976201738406615	0.0396495150775018	0.0577550677406192
PDZK1:Q5T2W1:OID30550:v1	0.0064394284861824	0.0173560243389446	0.023795452825127	0.084	0.107795452825127	0.0597374779493608	0.16100887267574	PDZK1	0.00220547055423404	0.015409807656668	0.0162812732538717	0.0750794766989885	0.10866108139845	0.126917454128822
IL22:Q9GZX6:OID31407:v1	0.00941479690030376	0.00403460520532729	0.013449402105631	0.0943	0.107749402105631	0.0873767901846366	0.0374443396110171	IL22	0.00385185371967472	0.00880363527233815	0.0131088693060518	0.0724098484030136	0.0977628455413828	0.108749575847214
IRAK4:Q9NWZ3:OID20577:v1	0.00398247059588396	0	0.00398247059588396	0.1034	0.107382470595883	0.0370867849639196	0	IRAK4	2.5783247699367e-05	0.00181643009916519	0.00811056536695903	0.0223761311152443	0.0320086729420285	0.049113703123639
PPIB:P23284:OID20331:v1	0	0.00533010910037148	0.00533010910037148	0.1015	0.106830109100371	0	0.0498933226340115	PPIB	0	0.00173289161519393	0.0122932809343244	0.0174732182561252	0.0313026017710536	0.0499668186149033
GCHFR:P30047:OID30631:v1	0.00897057638872388	0.00770287201928775	0.0166734484080116	0.0901	0.106773448408011	0.0840150479587843	0.0721422051468534	GCHFR	7.1198972692701e-06	0.0121573334487443	0.0158091049009009	0.105995152996893	0.133307577388374	0.155169154711679
PSIP1:O75475:OID20534:v1	0	0.0140729175629928	0.0140729175629928	0.0927	0.106772917562992	0	0.131802313584718	PSIP1	0.00424190162084414	0.00350591587081477	0.00782647220182341	0.0688435117385861	0.0843552687317222	0.101901404806748
GPR15L:Q6UWK7:OID31511:v1	0.0566363552559024	0.00682753050579409	0.0634638857616965	0.0433	0.106763885761696	0.530482333532878	0.0639498127768931	GPR15L	0.0440071238697435	0.00817289355255905	0.0252757777327281	0.109752812439382	0.186883847591748	0.202357061368358
ACYP1:P07311:OID30642:v1	0.0483685631568878	0.004792615243981	0.0531611784008688	0.0535	0.106661178400868	0.453478612200423	0.0449330798312459	ACYP1	0.0297657262136648	0.0037216474211573	0.0199625531276033	0.0653836583697961	0.118298776648392	0.138882559234386
PTN:P21246:OID20083:v1	0.0168968233916652	0.00914609945646166	0.0260429228481268	0.0805	0.106542922848126	0.158591701259698	0.0858442701961452	PTN	0.00854707404261994	0.0143803763425458	0.0176142932300254	0.106590490291162	0.147081514449661	0.159997111597054
CRYZL1:O95825:OID30272:v1	0.0150230033588688	0.00881704871025592	0.0238400520691247	0.0827	0.106540052069124	0.141008034697802	0.0827580664643874	CRYZL1	0.00728464707198232	0.00175808545998301	0.020680033487585	0.0319131427803275	0.0614045998318965	0.0790016572940068
NTF3:P20783:OID20591:v1	0.0295687997643648	0.0263647361444547	0.0559335359088195	0.0506	0.106533535908819	0.277553913067076	0.247478279206088	NTF3	0.0281831575357845	0.0193734364134694	0.0291336188806675	0.0216504796878286	0.0982160043856142	0.117164358241016
GIPC2:Q8TF65:OID31153:v1	0.0442983003265913	0	0.0442983003265913	0.0622	0.106498300326591	0.415953120291541	0	GIPC2	0.0362195682893726	0.00630112539933806	0.00569032391077321	0.104472477351775	0.152177141433406	0.175419606444908
TIA1:P31483:OID20068:v1	0	0.00696297328584721	0.00696297328584721	0.0995	0.106462973285847	0	0.0654027693473486	TIA1	0.000184981148751037	0.00192374592581893	0.0114722633811195	0.0165551515909905	0.0298716477223346	0.0450779565620412
MYDGF:Q969H8:OID30313:v1	0.00420663735670723	0.00414778239688	0.00835441975358723	0.098	0.106354419753587	0.0395530093291242	0.0389996241481078	MYDGF	0.000122558391590414	0.00335794588390146	0.0158311728157667	0.0241044824848552	0.0431496378385559	0.0665124090346927
PLAT:P00750:OID20247:v1	0.00383135041818988	0.00809447604328519	0.011925826461475	0.0944	0.106325826461475	0.0360340525505164	0.0761289736714913	PLAT	0.000608580867809322	0.042382753136027	0.00933266206227332	0.252993490329089	0.305052742170377	0.32392247039381
SH3BP1:Q9Y3L3:OID31439:v1	0.0555665611394132	0	0.0555665611394132	0.0507	0.106266561139413	0.522897895100928	0	SH3BP1	0.0237490532909833	-0.000377645024343769	0.0155643326916962	0.00884446941865632	0.0475729231597256	0.0618800914386714
PRKAR2A:P13861:OID31119:v1	0.00784768176177726	0.00305176505112952	0.0108994468129067	0.0953	0.106199446812906	0.0738956934079199	0.0287361671149367	PRKAR2A	0	0.0021385493423557	0.00934960994704701	0.0428700088333049	0.053604895360163	0.0718472557875085
IL6:P05231:OID20101:v1	0	0.0254195087500911	0.0254195087500911	0.0807	0.106119508750091	0	0.239536622902707	IL6	0.0109332475645288	0.0328533734675338	0.0167603308979974	0.135688570941889	0.196146253687334	0.210471592468531
CASP7:P55210:OID31135:v1	0.018426864893739	0.00510804781425534	0.0235349127079943	0.0825	0.106034912707994	0.173781110609145	0.048173263727978	CASP7	0.00403598994776144	-7.63760005129325e-05	0.016272352964175	0.0189301562684524	0.0390179704736016	0.0606812458154249
MTSS2:Q765P7:OID31409:v1	0.00511188027297514	0.00927070229804227	0.0143825825710174	0.0916	0.105982582571017	0.0482332110519174	0.0874738289362793	MTSS2	0.00403260193734292	0.00211139826418625	0.0164480539490519	0.028284043005953	0.0506694386185839	0.0714365482841621
TXNRD1:Q16881:OID21135:v1	0.00306445281203923	0.00818111251583694	0.0112455653278761	0.0947	0.105945565327876	0.0289247860687277	0.0772199618787096	TXNRD1	0.00105557440784941	0.00355532300588878	0.00957294851845878	0.0451466610163072	0.0592321903858551	0.0793564221015506
CMC1:Q7Z7K0:OID30360:v1	0.00258477338153224	0.00512745489956863	0.00771222828110087	0.0982	0.1059122282811	0.0244048626252297	0.048412303119144	CMC1	0.000147668722284076	0.00114687855645382	0.0176567181412832	0.0191152052681764	0.0374467980337728	0.0577376954970733
CD164L2:Q6UWJ8:OID30922:v1	0.105847217677807	0	0.105847217677807	0	0.105847217677807	0	0	CD164L2	0.0835444059006749	0	0.0165815247347093	5.03186166890466e-05	0.0994945007200365	0.101177646975375
RTBDN:Q9BSG5:OID21343:v1	0.025474744770868	0.00165787840015811	0.0271326231710261	0.0786	0.105732623171026	0.24093552213929	0.0156799136391087	RTBDN	0.000995869885307333	0.00406491004904429	0.0169019549898855	0.08557143495506	0.107416587564709	0.130442536577303
LUZP2:Q86TE4:OID31402:v1	0.0518133435092712	0	0.0518133435092712	0.0539	0.105713343509271	0.490130590796488	0	LUZP2	0.0265679872739492	0.00972213013096746	0.0167948607715853	0.0352480712842531	0.0882026091592211	0.101765647223405
PNMA1:Q8ND90:OID30194:v1	0.00533283259068149	0.0203267156672764	0.0256595482579579	0.08	0.105659548257957	0.0504718473493931	0.192379354278996	PNMA1	0.0154512151138562	-0.000591325855473225	0.0188058155187084	0.0121916287581213	0.0457369225153469	0.0631312276431463
IST1:P53990:OID31497:v1	0.00329926834305456	0.0044328181402873	0.00773208648334186	0.0979	0.105632086483341	0.0312335811294881	0.0419646935686189	IST1	0.0013203692459296	0.000467855777507583	0.010616207401451	0.0243161656453784	0.0363978679617401	0.0563541867196583
LBR:Q14739:OID21034:v1	0	0.026227564860873	0.026227564860873	0.0792	0.105427564860873	0	0.248773315550673	LBR	0.00500566111380096	0.0092339698416994	0.0233036573214465	0.0584526288366523	0.0958167084505975	0.113397111532858
NIT1:Q86X76:OID30252:v1	0.030025599019674	0	0.030025599019674	0.0754	0.105425599019674	0.284803684293705	0	NIT1	0.0142730635767859	0.00333501746601385	0.0235699258282466	0.0587654215763929	0.0991441328803273	0.118959121104315
L3HYPDH:Q96EM0:OID30314:v1	0	0.015936148942345	0.015936148942345	0.0894	0.105336148942345	0	0.151288509237864	L3HYPDH	0.000829686184781469	0.00288049940367404	0.0160015192797621	0.0119899948868195	0.0313994850414328	0.0502875555204873
ARL2BP:Q9Y2Y0:OID30121:v1	0.0400822775930522	0.00893087687174835	0.0490131544648006	0.0563	0.1053131544648	0.380600864125185	0.0848030515953576	ARL2BP	0.0247876162489596	6.02056383159017e-06	0.020382678405912	0.0150525127895027	0.0601560272204714	0.082220101017316
ASS1:P00966:OID30170:v1	0	0.0177707714821568	0.0177707714821568	0.0875	0.105270771482156	0	0.168810119199791	ASS1	0.0208307130826625	0.0113716799007426	0.00589321137961045	0.121057912933353	0.158816807657126	0.178175500258577
SEC31A:O94979:OID30269:v1	0.00508081545132306	0.00689825064145688	0.0119790660927799	0.0932	0.105179066092779	0.0483063373736481	0.0655857757414564	SEC31A	0.000442846044470863	0.00262068269880662	0.0167849752944957	0.0226486603959216	0.0424254215663663	0.062811842406979
RBFOX3:A6NFN3:OID30984:v1	0	0.00116197328075787	0.00116197328075787	0.1039	0.105061973280757	0	0.0110598844136757	RBFOX3	0	0.0188530299858188	0.00201496273925168	0.202727789985529	0.22340926171258	0.241216933985657
S100A4:P26447:OID21519:v1	0.0181673831609374	0.00647247522725209	0.0246398583881895	0.0804	0.105039858388189	0.172957041638397	0.0616192303242846	S100A4	0.00648864550772164	0.00333482878636166	0.0268858779921876	0.0441082795325933	0.0804865079837169	0.0961299045502897
LAMP1:P11279:OID30416:v1	0.00332887362247791	0.0168458949138483	0.0201747685363262	0.0846	0.104774768536326	0.0317717105843452	0.160781981665821	LAMP1	0.00677618743220892	0.00767251374616031	0.00779766770282067	0.0154609880179416	0.0373781379552997	0.0573408569352749
EVI5:O60447:OID30519:v1	0.00922962702710733	0	0.00922962702710733	0.0954	0.104629627027107	0.0882123667010313	0	EVI5	0.000494065273454955	0.00198241256417728	0.0126781546253352	0.0301377328769524	0.0442683783440796	0.0646547038688916
MIF:P14174:OID21073:v1	0.00709703873813647	0.00343433630469864	0.0105313750428351	0.094	0.104531375042835	0.0678938618690152	0.0328545979931031	MIF	0.00104990035539548	0.00996401857238084	0.018550426858128	0.0344832659323846	0.0638631769200454	0.0807313091591357
CRADD:P78560:OID20923:v1	0.00273012616899581	0.00427619668102955	0.00700632285002537	0.0975	0.104506322850025	0.026124028618955	0.0409180666242197	CRADD	0.00214281461830156	0.00114178960428061	0.0113876420689656	0.0245304266473658	0.0387960241112924	0.058272882584814
UBE2L6:O14933:OID30321:v1	0.0297009241471097	0.00977490944894626	0.039475833596056	0.065	0.104475833596056	0.284285112880218	0.0935614401196342	UBE2L6	0.00521189895941457	0.00428848312970744	0.0351244624166066	0.0417245103891326	0.086243032711031	0.106333518250442
SORD:Q00796:OID21453:v1	0.0205083000883036	0.00928417101857728	0.0297924711068809	0.0746	0.10439247110688	0.196453823449647	0.0889352548142269	SORD	0.0031251943183332	0.0145432004024472	0.0252476007819412	0.110477565275291	0.153227673947535	0.173072240189316
CASP8:Q14790:OID21414:v1	0.0278786214862543	0.00535382579903889	0.0332324472852932	0.0711	0.104332447285293	0.267209503962092	0.051315060063712	CASP8	0.00155262124963466	-0.00161940879388652	0.0339313875826263	0.050060122856029	0.0838116692886791	0.105740788194061
GPHA2:Q96T91:OID31437:v1	0.0306565877954164	0.0104883237790305	0.0411449115744469	0.0631	0.104244911574446	0.294082342556575	0.100612333212448	GPHA2	0.012483645907784	0.000572912843743575	0.0090462053364637	0.0300026739570278	0.0516766039824337	0.0557768119998889
PPP3R1:P63098:OID20902:v1	0	0.0125084039129681	0.0125084039129681	0.0917	0.104208403912968	0	0.120032583201396	PPP3R1	0.00822227433916165	0.00127535411672587	0.00628534562273342	0.0458317732936578	0.0615022947166395	0.0792084625600687
ICA1:Q05084:OID20484:v1	0	0.0234844750116793	0.0234844750116793	0.0807	0.104184475011679	0	0.225412423578913	ICA1	0.0120389622109655	0.0027221650954709	0.0160220071341921	0.0307332634614444	0.0613129060605162	0.0772916945637589
SIRT2:Q8IXJ6:OID21375:v1	0.0132805601886805	0.00758065880051982	0.0208612189892004	0.0833	0.1041612189892	0.127500045770946	0.0727781306140993	SIRT2	0.00482002353712243	0.00364934819523986	0.0214299115270568	0.0240784682268289	0.0535031685574899	0.0715158356965788
MAP2:P11137:OID31138:v1	0.00746418106127587	0.0159961669052187	0.0234603479664946	0.0807	0.104160347966494	0.0716604850789945	0.153572517925576	MAP2	0.0173847316971925	0.00240864472714859	0.016354207939742	0.017336582468981	0.0531043613960805	0.074486016019583
ANXA3:P12429:OID21036:v1	0.0120968420054964	0.00514265290650034	0.0172394949119967	0.0869	0.104139494911996	0.116159983450264	0.0493823492311552	ANXA3	0.00123076549352005	0.00405870562930216	0.0169033952439547	0.042814040388691	0.0648516521711875	0.080437136539583
CSF3:P09919:OID20491:v1	0.00289550980328965	0.0340340785886626	0.0369295883919522	0.0671	0.104029588391952	0.0278335216744321	0.327157678067824	CSF3	0.0270716667450346	0.00923275903752856	0.00716918390694577	0.0686747216313075	0.111864867782048	0.127982565623565
TBCC:Q15814:OID20942:v1	0.0102960767892004	0.00632753613398739	0.0166236129231878	0.0874	0.104023612923187	0.0989782656059367	0.0608278827871486	TBCC	0.00406994321245047	0.00187618205316274	0.01786365131415	0.0250153438826975	0.0486712860579409	0.0640081498173173
SUOX:P51687:OID31031:v1	0.00474042417202915	0.0460178395981794	0.0507582637702086	0.0531	0.103858263770208	0.0456432064232998	0.44308308195866	SUOX	0.0307785771037282	0.0095113594974168	0.0240473083417456	0.0743893831645641	0.138295936515085	0.156134851878548
NRGN:Q92686:OID30674:v1	0	0.00791133308513292	0.00791133308513292	0.0959	0.103811333085132	0	0.0762087611248095	NRGN	0.00422799533943032	0.00198631301477399	0.00931218318283901	0.0189791282308312	0.0341491948901434	0.0479875851169026
EIF4E:P06730:OID30557:v1	0	0.00688770307665473	0.00688770307665473	0.0967	0.103587703076654	0	0.066491512719013	EIF4E	0.00389299009134273	0.00175623554013616	0.00823623240530502	0.0309727094094221	0.0448323843940798	0.058467613663631
YARS1:P54577:OID31494:v1	0	0.0055353327149918	0.0055353327149918	0.0979	0.103435332714991	0	0.0535149118748812	YARS1	0.00149118290050232	0.00308513587835397	0.00777892370708056	0.0254833313354181	0.0377860098518073	0.0510427621475155
FHIT:P49789:OID20872:v1	0.0114009846175269	0.00193809759880026	0.0133390822163272	0.09	0.103339082216327	0.110325971288001	0.0187547398064084	FHIT	0.0049516457291935	0.00421958410098688	0.0116015226393767	0.0312843165172217	0.051935163296807	0.0721790476747155
ESYT2:A0FGR8:OID31134:v1	0.0142851345397161	0.00285293381655903	0.0171380683562751	0.0862	0.103338068356275	0.138236903078793	0.0276077718689599	ESYT2	0.000274499374256016	0.0036277011358993	0.022138162965366	0.0333616011197659	0.0591523125036179	0.0784947497910098
SARG:Q9BW04:OID30331:v1	0.00240190503645731	0.0120998300462331	0.0145017350826904	0.0888	0.10330173508269	0.0232513523082129	0.117130946895978	SARG	0.00656553664004676	0.00246140943681093	0.00958626455487378	0.0298177895970732	0.0482477886507483	0.0689965832351022
C7orf50:Q9BRJ6:OID31095:v1	0.0990160856903411	0	0.0990160856903411	0.0042	0.103216085690341	0.959308668102369	0	C7orf50	0.0368914682043671	-0.000931280014459738	0.0128253569420258	0.0218966789914229	0.0705946003315374	0.0882202192938643
GADD45GIP1:Q8TAE8:OID30237:v1	0	0.0124479463910907	0.0124479463910907	0.0907	0.10314794639109	0	0.12068050626906	GADD45GIP1	0.00248880839680791	0.00326784093904534	0.011169843781863	0.0112207628852782	0.0279123662163097	0.0444252832741499
PLA2G4A:P47712:OID20685:v1	0.00325922745444835	0.00356962980958405	0.00682885726403241	0.0963	0.103128857264032	0.0316034477731487	0.0346132974250361	PLA2G4A	0.000595362277541867	0.00168258321069977	0.0103877706685868	0.0208996205166639	0.0333382853357426	0.050479263986004
MESD:Q14696:OID21099:v1	0	0.00546568046466325	0.00546568046466325	0.0976	0.103065680464663	0	0.0530310423413659	MESD	0.000100906156084027	0.00169868648756588	0.0143318529140976	0.0174632975884341	0.0334406285589571	0.0484403326668466
SULT1A1:P50225:OID21031:v1	0.0176573097573279	0	0.0176573097573279	0.0854	0.103057309757327	0.171334860175431	0	SULT1A1	0.0128942257090601	0.000592651619902989	0.0235406754726682	0.0266782249572591	0.0636303679903884	0.0804117174367431
GCC1:Q96CN9:OID31147:v1	0	0.00733674545778837	0.00733674545778837	0.0957	0.103036745457788	0	0.071205135849269	GCC1	0	3.01607811437847e-05	0.0100952520512093	0.0350046677072718	0.0445003621774343	0.0630946059187197
BANK1:Q8NDB2:OID20594:v1	0.0132582117110995	0.00418396790778939	0.0174421796188889	0.0855	0.102942179618888	0.128792801553104	0.0406438636065335	BANK1	0.00458581687688517	0.00380391678695517	0.0109849677118462	0.0505761795889461	0.0698716940319184	0.0870443795588388
S100G:P29377:OID31051:v1	0.0247569457449653	0.00507221162147574	0.029829157366441	0.073	0.102829157366441	0.240758033801071	0.0493265893777623	S100G	0.00648917975950182	0.00203175068849771	0.0050700373725055	0.0327028343044166	0.0461206068212529	0.0524796101376317
NFATC1:O95644:OID20545:v1	0.0153872583010294	0	0.0153872583010294	0.0873	0.102687258301029	0.149845838282306	0	NFATC1	0.0108278633464811	0.00280675218871058	0.0116494198841689	0.0573109074491511	0.0822123701313754	0.098256370632225
GMFG:O60234:OID30340:v1	0.00218646527922136	0.00337163064284363	0.005558095922065	0.0969	0.102458095922065	0.0213400928403403	0.0329074107077714	GMFG	0.000500662897995154	0.00131425578886639	0.00654782351942267	0.0203892196157956	0.028716614861505	0.0486678575386792
ARG1:P05089:OID21445:v1	0.0301613447496245	0.0187479451412507	0.0489092898908752	0.0535	0.102409289890875	0.294517663209692	0.183068793477897	ARG1	0.0161584709691744	0.00114552518799299	0.032939198485194	0.0857393914854097	0.135459889540822	0.154199686251021
SKAP2:O75563:OID20761:v1	0	0.0056042058021673	0.0056042058021673	0.0968	0.102404205802167	0	0.0547263245514931	SKAP2	0.000308759445347922	0.00414995706771998	0.011929797486473	0.0257255327353902	0.0420406414977763	0.0562502662617655
ERP29:P30040:OID30578:v1	0	0.00753745864016986	0.00753745864016986	0.0948	0.102337458640169	0	0.0736529784921904	ERP29	0	0.00227992553101478	0.00873298262414288	0.0208824379335121	0.0316249057566817	0.0488954610522759
OLR1:P78380:OID20183:v1	0.00708731395606395	0.0235800819678268	0.0306673959238908	0.0716	0.10226739592389	0.0693017935192019	0.230572820934793	OLR1	0.0198134072686896	0.00633805413402672	0.0145980080068466	0.0514821801907623	0.0919874780717949	0.107794460584653
GSTM4:Q03013:OID30164:v1	0.0821702325104318	0	0.0821702325104318	0.02	0.102170232510431	0.804248267733383	0	GSTM4	0.0249740332971526	1.51791499216591e-05	0.0146381650354623	0.00168530759601151	0.0411520746604815	0.0441173630933078
MAP2K6:P52564:OID20552:v1	0	0.00534355049683456	0.00534355049683456	0.0968	0.102143550496834	0	0.0523141252760757	MAP2K6	0.0010904935383719	0.00154233690681708	0.00895658870235123	0.0267252748110356	0.0379831158639633	0.0527276791692282
PSTPIP2:Q9H939:OID30596:v1	0.0135768313034324	0.00176072755748838	0.0153375588609208	0.0868	0.10213755886092	0.132926921838026	0.017238786369331	PSTPIP2	0.00350243482336668	0.000742430028281755	0.0127609507640722	0.0245083006651866	0.0413053323796501	0.0633032408335235
KYAT1:Q16773:OID20232:v1	0.0195204915822606	0.0124156477797996	0.0319361393620603	0.07	0.10193613936206	0.191497261956597	0.121798293102913	KYAT1	0.0107076901548193	0.00751623421331257	0.0164282673374762	0.0330469084584895	0.0672006843716593	0.0869908988806192
EBAG9:O00559:OID20918:v1	0.00232726902830091	0.00821114685417743	0.0105384158824783	0.0912	0.101738415882478	0.0228750271774353	0.0807084205405991	EBAG9	0.000796855845454293	0.00260730690130902	0.0110636516625341	0.0248095514712419	0.0388499382796129	0.0538661526997331
SCAMP3:O14828:OID21332:v1	0.00464886315899446	0.00646894075178895	0.0111178039107834	0.0906	0.101717803910783	0.045703534487158	0.0635969368495494	SCAMP3	0.00244299475424775	0.00580718718151652	0.0145977060530768	0.0437670753859845	0.0663970682775044	0.0828352029444314
CASP3:P42574:OID20305:v1	0.00937908125501937	0.00259135048025455	0.0119704317352739	0.0896	0.101570431735273	0.0923406654356294	0.0255128430192014	CASP3	0.000656959134263012	0.00206548153537081	0.0150298340407018	0.0271948754208394	0.0446620354110731	0.0617419440863497
PRDX5:P30044:OID20644:v1	0.013561773832519	0	0.013561773832519	0.088	0.101561773832519	0.133532266331653	0	PRDX5	0	0.000701002664285758	0.0124458402033211	0.030052067486375	0.0429301942243101	0.0610715960438711
EIF2AK2:P19525:OID31442:v1	0.0116603608839555	0.00339845251318227	0.0150588133971378	0.0862	0.101258813397137	0.115154034426845	0.0335620416551152	EIF2AK2	0.00229479378981995	0.00363886081497952	0.0170035904418134	0.0355634352839379	0.0584260069506597	0.0762749640855899
SMAD1:Q15797:OID21180:v1	0	0.00733042708852729	0.00733042708852729	0.0939	0.101230427088527	0	0.0724132782934595	SMAD1	0.00308336731416692	0.00401525685053827	0.00728868037488821	0.0383123458524079	0.0522482203795036	0.0738709663896842
SKAP1:Q86WV1:OID20906:v1	0.00150601503128654	0.0164762787007473	0.0179822937320338	0.0832	0.101182293732033	0.0148841756372414	0.162837568640045	SKAP1	0.0170502862793541	0.0132595448193256	0.0200759292856608	0.0636621388767884	0.113792884686731	0.129037860105548
OTUD7B:Q6GQQ9:OID31064:v1	0	0.00424073870628114	0.00424073870628114	0.0969	0.101140738706281	0	0.0419290857524435	OTUD7B	0	0.000327414402574911	0.00934804254384921	0.028380793997846	0.0378174296406846	0.0569663764764077
LMOD1:P29536:OID30212:v1	0.0232524505511791	0.00235420810759431	0.0256066586587734	0.0755	0.101106658658773	0.229979418365057	0.0232844022226031	LMOD1	0.00497571021509735	0.000241279918333251	0.0160821670251227	0.144400624424887	0.164911635570734	0.17607509892921
AMPD3:Q01432:OID31139:v1	0.078797820205888	0	0.078797820205888	0.0223	0.101097820205888	0.779421554741877	0	AMPD3	0.0573240664817792	0.000724469910037635	0.0197123357553563	0.0942029879998163	0.171628587027276	0.191364933539685
MAX:P61244:OID20877:v1	0.00333032833794226	0.0067631887980086	0.0100935171359508	0.091	0.10109351713595	0.0329430455314323	0.0669003215004721	MAX	0.000908777387412021	0.00247355865260724	0.0113096248106304	0.0178607632898567	0.0323430755681955	0.0516112625890177
SLAMF6:Q96DU3:OID21254:v1	0.0204688214091705	0.00529821596775648	0.025767037376927	0.0753	0.101067037376927	0.202527173452533	0.0524227889257	SLAMF6	0.0112172379914798	0.00180598041127061	0.0140616161510786	0.0224017936063976	0.0493445643591407	0.0565933804510696
TTF2:Q9UNY4:OID30942:v1	0.0758105409094013	0	0.0758105409094013	0.0252	0.101010540909401	0.750521086481435	0	TTF2	0.0694555039478756	0.00196459756019242	0.0206488460180473	0.00891235827076205	0.100811643401982	0.116192666207842
SPINK8:P0C7L1:OID30153:v1	0.100947502164229	0	0.100947502164229	0	0.100947502164229	0	0	SPINK8	0.046282515451735	-0.000139593288916065	0.00953743681335125	0.00280340055675994	0.0579443324427455	0.0636466539001848
DTYMK:P23919:OID30308:v1	0.00472731605481353	0.00645652821945479	0.0111838442742683	0.0895	0.100683844274268	0.0469520814276425	0.0641267550518517	DTYMK	0	0.00377476954632313	0.0173693849600953	0.0569224517703327	0.0779386598299476	0.10326767389084
AREG:P15514:OID21357:v1	0.0226493070717099	0.00718934518054818	0.029838652252258	0.0708	0.100638652252258	0.225055747119285	0.0714372164139039	AREG	0.000992335707169813	0.0252248254182205	0.0187564661109948	0.0471403249053449	0.0920423127176262	0.119163890923042
ENTR1:Q96C92:OID30231:v1	0.0431213582543744	0.00189541007045751	0.0450167683248319	0.0556	0.100616768324831	0.428570296704035	0.0188379144154019	ENTR1	0.0102247714043517	0.00931925099558924	0.0195458456640404	0.0617325361133848	0.100750752835734	0.119180230619601
APRT:P07741:OID20927:v1	0.00911313058360512	0.0157960811990294	0.0249092117826346	0.0757	0.100609211782634	0.09057948494114	0.157004323154392	APRT	0.0101491303909061	0.000237069073705343	0.0139379919732626	0.0462786605410834	0.0705835036518682	0.0863754946801614
TMED8:Q6PL24:OID31462:v1	0.00325175940641388	0.00437082904144538	0.00762258844785927	0.0929	0.100522588447859	0.0323485443085318	0.0434810634001185	TMED8	0	0.00174387605323279	0.00989513679924775	0.0259972165968464	0.0374239363427927	0.0549963247286236
TXLNA:P40222:OID20952:v1	0	0.00852859263149801	0.00852859263149801	0.0919	0.100428592631498	0	0.0849219570644779	TXLNA	0.000119918409889835	0.00488085038396416	0.0147554340962439	0.0523764027002025	0.0713974213593567	0.0872162535521013
FLT3:P36888:OID21272:v1	0.0067462917312832	0.0144805187455787	0.0212268104768619	0.0792	0.100426810476862	0.0671762022436979	0.144189770409118	FLT3	0.0132729066878311	0.00110123993274582	0.01003846379551	0.0323863412884278	0.0565390363497557	0.0631868694574825
RBPMS2:Q6ZRY4:OID30257:v1	0.00405356088650352	0.0114535068573234	0.0155070677438269	0.0849	0.100407067743826	0.0403712704452793	0.114070723452907	RBPMS2	0.00109314579570548	0.00268018747311995	0.0202801287813014	0.0371435620217282	0.0605916244176518	0.0789257978632351
FABP2:P12104:OID20200:v1	0.02837645158269	0.00832965106841335	0.0367061026511034	0.0637	0.100406102651103	0.282616801503531	0.082959609510566	FABP2	0.00943845514695119	0.00876177681632031	0.0304811983326239	0.0539818603968904	0.102608895555382	0.119937701194095
C3:P01024:OID30776:v1	0.00696782729679231	0.013613233370114	0.0205810606669064	0.0798	0.100381060666906	0.0694137644143211	0.135615556158414	C3	0.000566342585071702	0.0190476256758394	0.013367167003967	0.0853899313931626	0.118061561885683	0.136059690465486
AP1G2:O75843:OID31348:v1	0.0241482279579832	0	0.0241482279579832	0.0762	0.100348227957983	0.240644288886639	0	AP1G2	0.00387028136477718	0.00403367403691486	0.0160514430948494	0.0378233834079712	0.0616847890222079	0.0836413595487802
LDLRAP1:Q5SW96:OID31068:v1	0.00336381650825085	0.00413259836403595	0.0074964148722868	0.0928	0.100296414872286	0.0335387512358661	0.0412038493030706	LDLRAP1	0.000720029645181364	0.0014331525216463	0.0100060541962176	0.0246249713185435	0.0364290791049529	0.0564199478568189
PFKFB2:O60825:OID21356:v1	0.0188362377049025	0.00503798666539222	0.0238742243702947	0.0764	0.100274224370294	0.187847254099355	0.0502420905973586	PFKFB2	0.00174934571689075	0.00219807102413549	0.0216275186841093	0.0533040117876761	0.0788113746606084	0.0954780346024188
DIABLO:Q9NR28:OID20184:v1	0	0.00291508163118171	0.00291508163118171	0.0973	0.100215081631181	0	0.0290882528231628	DIABLO	0.00199309437283759	0.00216034022717872	0.00681134829034667	0.0173351964039739	0.0272525464577109	0.0458418353146416
GRAP2:O75791:OID20192:v1	0.00271635053977324	0.00302666083600289	0.00574301137577614	0.0944	0.100143011375776	0.027124713971107	0.0302233854806469	GRAP2	0.000790006604167181	0.00143295974256884	0.00543424916976852	0.0200091282115705	0.0275809649541439	0.0452898251663685
GPD1:P21695:OID31358:v1	0.0147526473553729	0	0.0147526473553729	0.0853	0.100052647355372	0.147448845635974	0	GPD1	0.00125983567706263	0.0184010890810332	0.00186499261082273	0.185090326983865	0.206440901201541	0.226166186918452
PMVK:Q15126:OID20850:v1	0.00735916937630053	0.00876450252613061	0.0161236719024311	0.0839	0.100023671902431	0.0735742773318609	0.0876242829265457	PMVK	0.00555462344609759	0.000386684929106994	0.015654598683013	0.0193354139459649	0.0408643802657496	0.0596228561268497
MARS1:P56192:OID30658:v1	0	0.00611914767902444	0.00611914767902444	0.0939	0.100019147679024	0	0.061179762285734	MARS1	0.000608249174727222	0.00163624657177412	0.00581503817840982	0.0378106406057223	0.0457190335534597	0.0642350546740977
CACNB3:P54284:OID31039:v1	0.0064041531286922	0.00733736526549184	0.013741518394184	0.0862	0.099941518394184	0.0640790057184571	0.073416587854431	CACNB3	0.00271362966252765	0.00253269956842036	0.0168319587724482	0.0187983287932679	0.0400076297580199	0.060084587795739
TNFAIP2:Q03169:OID31446:v1	0.0082858547966606	0.0054519100810645	0.0137377648777251	0.0862	0.0999377648777251	0.082910147198093	0.0545530519692428	TNFAIP2	0.00154650927262208	0.00361298313592024	0.00901079379919441	0.0448576508059756	0.0586827314293568	0.0778866210840323
TBC1D17:Q9HA65:OID20844:v1	0.0895142582232971	0	0.0895142582232971	0.0104	0.0999142582232971	0.895910752029433	0	TBC1D17	0.0355144386688714	0.00287051904684064	0.0315613564113402	0.0712818545886928	0.140664234405973	0.157898561556528
GOPC:Q9HD26:OID20551:v1	0	0.00730253382461373	0.00730253382461373	0.0926	0.0999025338246137	0	0.073096582689623	GOPC	0.000433635348443098	0.00218994911402694	0.00930243354067468	0.0319836724115818	0.0437682341469315	0.0598038003402281
TBCB:Q99426:OID20993:v1	0	0.00699216221644267	0.00699216221644267	0.0929	0.0998921622164426	0	0.069997105491543	TBCB	0.00129681598411108	0.00120471582746173	0.0099763269887551	0.0225265541051364	0.034924771316772	0.05217550327043
PHOSPHO1:Q8TCT1:OID20922:v1	0	0.0103831316282331	0.0103831316282331	0.0895	0.0998831316282331	0	0.103952804232043	PHOSPHO1	1.17662640100477e-05	0.00344000964150591	0.00427143714889643	0.138565924549802	0.14617222251303	0.162743796155001
TBCA:O75347:OID30616:v1	0.0122812296096164	0.00555754791931872	0.0178387775289351	0.082	0.0998387775289351	0.123010616852325	0.0556652240429129	TBCA	0.00402810490215776	0.0033458309904233	0.0214823018985217	0.033568383069842	0.0618983029069894	0.0772731095376688
SERPINF2:P08697:OID30779:v1	0.0296474897051732	0.00687973856103299	0.0365272282662062	0.0633	0.0998272282662062	0.296988008382975	0.0689164537623643	SERPINF2	0.0107754550508419	0.00230292886651881	0.0246854440591985	0.0791736494678167	0.116733812691019	0.140675898556802
CHMP1A:Q9HD42:OID20930:v1	0.00601693490916784	0.00313081086574628	0.00914774577491412	0.0906	0.0997477457749141	0.0603215126559888	0.031387284408523	CHMP1A	0.00279758774887381	0.00130764782176649	0.00985721434695074	0.0161307427155605	0.0297826317504246	0.0490756091251567
BCR:P11274:OID20558:v1	0.00302150427809784	0	0.00302150427809784	0.0967	0.0997215042780978	0.030299425384435	0	BCR	0.00138619979203992	0.003344777127191	0.00339539589761929	0.0392652783474434	0.0471632654515125	0.0650822518581354
DBNL:Q9UJU6:OID20681:v1	0.00176435357730864	0.00458727709022972	0.00635163066753836	0.0933	0.0996516306675383	0.0177052153134848	0.0460331362316987	DBNL	0.000482717551951228	0.00247351084658336	0.00781471904045	0.0324464221084871	0.0428960386696697	0.0632218706837756
ZBP1:Q9H171:OID30526:v1	0.0655867219568673	0	0.0655867219568673	0.034	0.0995867219568673	0.658589023396854	0	ZBP1	0.00693210295950029	0.003004016932457	0.0249237441524464	0.0209062880532021	0.0556413105911575	0.0747585304996044
FXN:Q16595:OID21442:v1	0.003021851812488	0.00609214765270825	0.00911399946519626	0.0904	0.0995139994651962	0.0303660975212322	0.0612190012003176	FXN	0	0.00241518252730113	0.0180567532487915	0.0176881839894021	0.0379503418650736	0.0520734687472718
PPP1R12A:O14974:OID21475:v1	0	0.0109817299191658	0.0109817299191658	0.0884	0.0993817299191658	0	0.110500490664612	PPP1R12A	0.00125475945208491	0.00326078753430286	0.0155104453065276	0.0228690251539248	0.0427494996147147	0.0571719552593076
STAT2:P52630:OID30536:v1	0.0146940549105704	0.0027664822318628	0.0174605371424332	0.0819	0.0993605371424332	0.147886226596244	0.0278428671122928	STAT2	0	0.00356619561001277	0.0209685470214266	0.0327528002840838	0.0570490960597085	0.076462208220998
SSNA1:O43805:OID31453:v1	0.00494389450672033	0.00843668253543276	0.0133805770421531	0.0859	0.0992805770421531	0.0497971975386608	0.0849781778751212	SSNA1	0.000278175673484975	0.00369747976665743	0.0171732030182537	0.0307778658376111	0.0512509066080948	0.0690162766601661
KAZN:Q674X7:OID31481:v1	0	0.00716430876791582	0.00716430876791582	0.0919	0.0990643087679158	0	0.0723197774962534	KAZN	0.00119084151030401	0.00245207251951383	0.00894722924580839	0.046844796489751	0.059355082394755	0.0732522070265727
CNP:P09543:OID30285:v1	0.00287902467407857	0.00406955909131248	0.00694858376539105	0.0921	0.099048583765391	0.0290667929275788	0.041086494491953	CNP	0.0009091758642216	0.00244110843646481	0.010699019609445	0.0464307569823988	0.0598960638231792	0.0796084394782368
HTRA2:O43464:OID21471:v1	0	0.00154169045607178	0.00154169045607178	0.0975	0.0990416904560718	0	0.0155660757502476	HTRA2	0.00228145105191351	0.00247260890364588	0.00559996999139401	0.0227637677746652	0.0328489743264821	0.0494652904820777
PROCR:Q9UNN8:OID30149:v1	0.0881641602115044	0	0.0881641602115044	0.0108	0.0989641602115044	0.890869583726892	0	PROCR	0.045017779050297	0.000118005527470266	0.00897598404091805	0.00216531922119996	0.0560852414354427	0.060153567072993
C19orf12:Q9NSK7:OID20804:v1	0.00639143837396474	0.0136096890791387	0.0200011274531034	0.0789	0.0989011274531034	0.0646245249023617	0.137609038740151	C19orf12	0.00782464204478157	0.0178624155732062	0.00542834335218314	0.090824630257842	0.121815839147818	0.13762029362938
EDN1:P05305:OID30224:v1	0.0266836040483666	0	0.0266836040483666	0.0722	0.0988836040483666	0.269848619547837	0	EDN1	0.0115552218711392	0.00724676271842607	0.0146218975776919	0.101765855700001	0.134907449067841	0.157504838437475
MINK1:Q8N4C8:OID31156:v1	0.00362551678261913	0.00465040399140877	0.0082759207740279	0.0905	0.0987759207740279	0.0367044594898114	0.0470803405826771	MINK1	0.00059516063142176	0.000331737749035834	0.00802690589721593	0.0226568448840889	0.0310077568749232	0.0492620188016445
TOMM20:Q15388:OID30353:v1	0	0.0112433086299384	0.0112433086299384	0.0875	0.0987433086299384	0	0.11386400542922	TOMM20	0.00181404523033924	0.00461420558629033	0.0154328301707949	0.0274206894401508	0.0490814221094571	0.0675894304047732
CDKN2D:P55273:OID21295:v1	0	0.0132955597003147	0.0132955597003147	0.0854	0.0986955597003147	0	0.134712845650667	CDKN2D	0.00248481015591444	0.000168719532416476	0.0142830752457426	0.0193002294462614	0.0361322860992026	0.05171975324383
RBP2:P50120:OID21365:v1	0.00230886229300696	0.0105379768123415	0.0128468391053485	0.0858	0.0986468391053485	0.0234053347674043	0.106825286120801	RBP2	0.00080563655138052	0.0123831316902288	0.0191276462777707	0.0685307374191777	0.100812347632579	0.119116323517518
SCG2:P13521:OID21400:v1	0	0.0077831600825725	0.0077831600825725	0.0908	0.0985831600825725	0	0.0789501987565969	SCG2	0.00256223705157587	0.00819270667807564	0.0087402301862233	0.08002389848477	0.0993934971627323	0.120343947420132
CRKL:P46109:OID20742:v1	0	0.0020387001074856	0.0020387001074856	0.0965	0.0985387001074856	0	0.0206893342946659	CRKL	0	0.00173477405657533	0.00345781020347071	0.030167616793196	0.0349612775774557	0.053094619703239
RILPL2:Q969X0:OID30342:v1	0.00497844816937795	0.00339461053362775	0.00837305870300571	0.09	0.0983730587030057	0.0506078415677629	0.03450752246991	RILPL2	0.000433519125236722	0.000288373847012027	0.00957883385046085	0.0230914056369095	0.0330804208640202	0.055206780002969
NIT2:Q9NQR4:OID30336:v1	0.00908537190422286	0.00146755419975941	0.0105529261039822	0.0878	0.0983529261039822	0.0923752069625003	0.0149213069493007	NIT2	0.000791611910035105	0.00465777850736076	0.0113674182598016	0.037535462266185	0.053901575213236	0.0755175712023827
CLU:P10909:OID30732:v1	0.0172145236382975	0.00321200050130443	0.0204265241396019	0.0778	0.0982265241396019	0.175253311558004	0.0326999303847854	CLU	0.00134250945144374	7.54822324714268e-06	0.0043110777970526	0.0101714081383646	0.0155347976452393	0.0207113989322016
LMOD1:P29536:OID31014:v1	0.0238149993600829	0.00189656357932194	0.0257115629394048	0.0725	0.0982115629394048	0.242486715894914	0.0193110008899063	LMOD1	0.00497571021509735	0.000241279918333251	0.0160821670251227	0.144400624424887	0.164911635570734	0.17607509892921
PGD:P52209:OID30344:v1	0.0269841963623266	0.00800169376683605	0.0349858901291627	0.0632	0.0981858901291627	0.274827638949233	0.0814953529097704	PGD	0.0101722155798131	0.000678178542735463	0.0308835596826322	0.0443330445506135	0.0860288551669442	0.107610251173944
PACS2:Q86VP3:OID30186:v1	0.0138088768913391	0.00562458052772058	0.0194334574190597	0.0787	0.0981334574190597	0.140715279523588	0.0573156258390235	PACS2	0.000315184969210371	0.00236341405939275	0.0207524624446034	0.032947477783598	0.0559217195153918	0.0725388300966752
SPART:Q8N0X7:OID30656:v1	0	0.00400732470343493	0.00400732470343493	0.0941	0.0981073247034349	0	0.0408463355366027	SPART	0.000267545789638787	0.00230219170502908	0.00761460943267415	0.0450937119082023	0.0552416151240023	0.071901434742325
MINDY1:Q8N5J2:OID31399:v1	0.0150145618957617	0.00357700160791098	0.0185915635036727	0.0795	0.0980915635036727	0.153066801664341	0.0364659454916024	MINDY1	0.000693450586544705	-0.000269067921027603	0.0171560779333833	0.0329162204103247	0.0503272327726933	0.0694531565315582
MITD1:Q8WV92:OID20959:v1	0.00255883205713355	0.00149282448651118	0.00405165654364474	0.094	0.0980516565436447	0.026096775386906	0.0152248777749787	MITD1	0.000155558417420572	0.00249750683195077	0.00872781398637315	0.0231797690578624	0.0343624517271689	0.0512948189490892
LYN:P07948:OID21350:v1	0	0.00943409859337449	0.00943409859337449	0.0885	0.0979340985933744	0	0.0963310913040122	LYN	0.00274811418912075	0.00252205494836971	0.0116099334386201	0.0197994536892489	0.0363191632835257	0.0570475114437088
ASPN:Q9BXN1:OID30315:v1	0.0390708243370475	0.0160438821721749	0.0551147065092225	0.0428	0.0979147065092225	0.399029172735839	0.163855693839656	ASPN	0.0385117694767948	0.0027537182254865	0.0111952405301318	0.0609387827702709	0.113038472252673	0.117717234757902
HCLS1:P14317:OID20648:v1	0.00640038900213085	0.0066123701265754	0.0130127591287062	0.0847	0.0977127591287062	0.0655020803751977	0.0676715117405052	HCLS1	0.00047436035076248	0.00370986731692184	0.0165570819866851	0.0379475309861303	0.0585700726485156	0.0764502801062703
NOS3:P29474:OID20834:v1	0	0.0074844186883058	0.0074844186883058	0.0902	0.0976844186883058	0	0.0766183470076972	NOS3	0.00205642349672723	0.0293171255877311	0.0116946553406413	0.0788596848175308	0.121769555570565	0.138735345284669
TBC1D23:Q9NUY8:OID21286:v1	0.0131390670923514	0.00444036250724825	0.0175794295995997	0.0801	0.0976794295995997	0.134512119350104	0.0454585220803382	TBC1D23	0.0073522597755911	0.00207898804944295	0.0104889297742362	0.029449188927759	0.0492150843574151	0.0647280606304878
SH2B3:Q9UQQ2:OID21222:v1	0.0036539647931995	0.00911218530154864	0.0127661500947481	0.0849	0.0976661500947481	0.0374128066853737	0.0932993190855655	SH2B3	0.00515633225387652	0.00167983571304516	0.0130899081312563	0.0326842376800848	0.0525191870238439	0.0702172289549868
TNF:P01375:OID21237:v1	0.00920063962760747	0.0138159134462435	0.023016553073851	0.0745	0.097516553073851	0.0943495164419897	0.141677623036783	TNF	0.00336570727705688	0.0222993292124518	0.0141934933179215	0.0471995941249054	0.0868751464286386	0.107662173600082
OGA:O60502:OID31465:v1	0.00963447550336346	0.0034418093440463	0.0130762848474097	0.0842	0.0972762848474097	0.0990423875508441	0.0353817926891967	OGA	0.0127988963265489	0.000480705699399033	0.0101413635762503	0.0384013816198914	0.0616407550869454	0.0789770515383256
MED18:Q9BUE0:OID21236:v1	0	0.00298447379238931	0.00298447379238931	0.0942	0.0971844737923893	0	0.0307093682347337	MED18	0.0011355506883763	0.00293046599323082	0.00587101961588551	0.0200524020181773	0.0299314858812019	0.0465418626207685
BCL2L1:Q07817:OID31152:v1	0	0.00345130294441938	0.00345130294441938	0.0935	0.0969513029444193	0	0.0355983142010784	BCL2L1	0.000590716848991688	5.50706011048488e-06	0.0125649698927851	0.0195068406601428	0.0323937834316648	0.0508890040858805
JPT2:Q9H910:OID31520:v1	0	0.0040534826042935	0.0040534826042935	0.0928	0.0968534826042935	0	0.0418516969684455	JPT2	0.00105288886553078	0.00145071155811182	0.0129465958520263	0.0230438497468205	0.0383715153880319	0.0541552620956554
PDAP1:Q13442:OID30323:v1	0	0.00703599708874604	0.00703599708874604	0.0898	0.096835997088746	0	0.0726589006183088	PDAP1	0.000884127017859336	0.000514094278511437	0.0103716344611392	0.0165269636667782	0.0280191533787712	0.0458954086241982
PIK3AP1:Q6ZUJ8:OID20587:v1	0.03894875797132	0.0135704961996168	0.0525192541709369	0.0443	0.0968192541709369	0.402283185352316	0.140163197039896	PIK3AP1	0.0403944191635633	0.00144949221160274	0.0196361636512152	0.0666213967226771	0.127662335243436	0.143765863202526
RHOC:P08134:OID20950:v1	0.00361817976915881	0.00345166180574438	0.00706984157490319	0.0897	0.0967698415749032	0.0373895390368932	0.035668776031556	RHOC	0.000192653812072931	0.000726091313830618	0.00907360008237861	0.0188039514002256	0.0286925795821301	0.0486876357863993
FAM3C:Q92520:OID20233:v1	0.00892443123565005	0.00360508799725749	0.0125295192329075	0.0842	0.0967295192329075	0.0922617139671872	0.0372697809918508	FAM3C	0.00077281280163957	0.0210698116683156	0.0161343840009116	0.120811022109319	0.158480164482585	0.182067142044315
STK24:Q9Y6E0:OID20837:v1	0	0.00145205429349097	0.00145205429349097	0.0952	0.0966520542934909	0	0.0150235223048824	STK24	0.000142289224364577	0.000439757286985065	0.00290986432085919	0.0162597974757026	0.0196527479262085	0.0355132721322902
HNRNPUL1:Q9BUJ2:OID31037:v1	0	0.0122662725041329	0.0122662725041329	0.0842	0.0964662725041329	0	0.127156074197926	HNRNPUL1	0	0.00552752103793041	0.0121450421565636	0.0747418410471567	0.0923818149994385	0.10818363892773
IDS:P22304:OID20619:v1	0.00195461547517906	0.0280632184673738	0.0300178339425528	0.0663	0.0963178339425528	0.0202933911111919	0.291360564483952	IDS	0.012063669361653	0.00055078384095838	0.00998803271355205	0.0204782378671862	0.0427959697266103	0.0469991649556937
ANXA11:P50995:OID20583:v1	0.00313872442219044	0.00534641457102007	0.00848513899321051	0.0877	0.0961851389932105	0.0326321140151598	0.0555846217719502	ANXA11	0.00241875516004304	0.000583101878583267	0.0128890031007618	0.0171452033099833	0.0329147019569266	0.0477274919223278
STK4:Q13043:OID20140:v1	0.00141479779163082	0.00501298413379723	0.00642778192542806	0.0897	0.096127781925428	0.0147178865806803	0.0521491709616903	STK4	0	0.0019940982031552	0.0123742898495751	0.0151510297706899	0.0294885108530371	0.0432868667744363
CHCHD10:Q8WYQ3:OID31116:v1	0.00589862581071384	0.00719991117822071	0.0130985369889345	0.083	0.0960985369889345	0.0613810157317281	0.074922172634634	CHCHD10	0.00226291234917543	0.0190167427823849	0.0136115196323531	0.208237375225468	0.242914280082419	0.263418143586036
YES1:P07947:OID21348:v1	0.00418421170722901	0.00174979709309434	0.00593400880032336	0.09	0.0959340088003233	0.0436155202889313	0.0182395910999233	YES1	0.000611126994798166	0.00241591307423041	0.0101260475719115	0.0329771782577269	0.0457802782641195	0.0620627092509892
CETN2:P41208:OID20836:v1	0	0.00932487328519605	0.00932487328519605	0.0866	0.095924873285196	0	0.0972101704786421	CETN2	0.00218474580531319	0.00146073098863417	0.00760450004718439	0.0168921448319803	0.0279580350229877	0.0416365301046092
CD2AP:Q9Y5K6:OID20177:v1	0.0454700523783809	0.00209257711179175	0.0475626294901726	0.0482	0.0957626294901727	0.474820424422944	0.0218517089905775	CD2AP	0.0197890408483031	0.00824032194650692	0.0301042016066448	0.0796084220773567	0.137618206214524	0.155339335248171
MYH9:P35579:OID30382:v1	0	0.0131579112151621	0.0131579112151621	0.0825	0.0956579112151621	0	0.137551730411154	MYH9	0.00114705088266548	0.00327785376516364	0.0176800171052595	0.02973550746428	0.0516635540423859	0.0699417788548525
LRRC38:Q5VT99:OID30924:v1	0.0662895550511629	0	0.0662895550511629	0.0293	0.0955895550511629	0.693481155087315	0	LRRC38	0.0348502975667679	0.00195159742286088	0.0183082685296304	0.0496964249968834	0.104447224229458	0.11121572936252
ATXN3:P54252:OID31149:v1	0.0584945409263182	0.00117892776234163	0.0596734686886598	0.0359	0.0955734686886598	0.612037438097701	0.012335303704233	ATXN3	0.0377266061791429	0.00253520868688849	0.0266970118162425	0.0847427821019549	0.151217927444846	0.168405118869342
APPL2:Q8NEU8:OID30590:v1	0.0134298005750597	0	0.0134298005750597	0.0821	0.0955298005750597	0.140582315614777	0	APPL2	0.00105371000028304	0.000896311497374762	0.0135154185353076	0.0352183306681967	0.0504896407163126	0.0713041606915478
MAP2K1:Q02750:OID31468:v1	0.00547333125922533	0.00603593276765621	0.0115092640268815	0.084	0.0955092640268815	0.0573068101297988	0.0631973539860737	MAP2K1	0	0.000610186591892334	0.0148102811097178	0.0391027845185855	0.0539728672025445	0.0765583849868914
PAXX:Q9BUH6:OID30591:v1	0.0152662856789105	0.00288035666390236	0.0181466423428128	0.0773	0.0954466423428128	0.159945759265989	0.0301776635950908	PAXX	0.00273068038856528	0.00776139634935939	0.0139073496590467	0.0594172031767328	0.0835908915340356	0.104408894475549
CEACAM20:Q6UY09:OID31308:v1	0.0181342734504244	0.036688703182899	0.0548229766333235	0.0404	0.0952229766333235	0.190440102710235	0.385292546820677	CEACAM20	0.0458659564602905	3.53633512686293e-05	0.00315688668294122	0.00580044238627978	0.0542935153920933	0.0587811636380052
AP3B1:O00203:OID31478:v1	0	0.00427748440965278	0.00427748440965278	0.0909	0.0951774844096527	0	0.0449421881255244	AP3B1	0	0.00228394626564908	0.00812425203969546	0.03346746025767	0.0434727090718541	0.0598804731850195
PRKAR1A:P10644:OID20146:v1	0	0.0276155463169843	0.0276155463169843	0.0675	0.0951155463169843	0	0.290336831215289	PRKAR1A	0.0046086419711244	0.0017014976463883	0.0240522420965481	0.020227004654171	0.0502771932421994	0.0669368161637665
CES2:O00748:OID21366:v1	0.00964911448792815	0.00135329200551843	0.0110024064934465	0.0841	0.0951024064934465	0.101460255777997	0.0142298397634311	CES2	0.00077337998891222	0.0175901575011128	0.0103510980357734	0.0806407270809327	0.108893854166741	0.130074962358813
NUDT5:Q9UKK9:OID21115:v1	0.00238077458744479	0.00357455778611023	0.00595533237355503	0.0889	0.094855332373555	0.0250990063275403	0.0376843103773341	NUDT5	0.000135385757990216	0.00640831809553656	0.00858557322832742	0.0424045923485275	0.0574605667024552	0.0768362933650134
AIF1L:Q9BQI0:OID30204:v1	0.0603044956377302	0.00140998146660009	0.0617144771043303	0.0331	0.0948144771043303	0.636026242821266	0.0148709512477572	AIF1L	0.0258330415845987	-9.90124342713829e-05	0.0023147438442059	0.00409118693576323	0.0317659399882397	0.0361965828628048
MAPKAPK2:P49137:OID31293:v1	0.0196969146684668	0	0.0196969146684668	0.0751	0.0947969146684668	0.207780123829481	0	MAPKAPK2	0.0146445985561249	0.000995296737169872	0.00945240907089181	0.0198808989969155	0.0446682076574678	0.0626609325760701
NUDC:Q9Y266:OID20623:v1	0	0.00518095545713771	0.00518095545713771	0.0896	0.0947809554571377	0	0.0546624101028467	NUDC	0.00069861059474869	0.00242209081279677	0.00834999665264873	0.0298171401178666	0.0410230472904578	0.0564529899147929
LRCH4:O75427:OID30191:v1	0.0021433459210673	0.00848628696436962	0.0106296328854369	0.0841	0.0947296328854369	0.0226259287171459	0.0895842906372568	LRCH4	0.00486487239403434	0.00836473810876621	0.0103756616820526	0.0703915848148665	0.0935546318760568	0.114019547925464
RWDD1:Q9H446:OID21015:v1	0.00799824821451163	0.0041444147960041	0.0121426630105157	0.0825	0.0946426630105157	0.0845099658028742	0.0437901329503335	RWDD1	7.21744657516312e-05	0.00366738654491143	0.0176880219350731	0.0367475004106245	0.057964997512769	0.0753010567808454
RLN2:P04090:OID30601:v1	0.0233826035189038	0.00742190932554966	0.0308045128444535	0.0638	0.0946045128444535	0.247161608002241	0.0784519586053213	RLN2	1.25315701374749e-05	0.00196492438313349	0.00211938159794885	0.145682587340412	0.149658123301754	0.178256646785847
TBL1X:O60907:OID21220:v1	0	0.0200774214299458	0.0200774214299458	0.0743	0.0943774214299458	0	0.21273543105698	TBL1X	0.0078615112153305	0.000332810848876132	0.0149896064061157	0.0216601195895602	0.0447193444463656	0.0612724155236068
PRKRA:O75569:OID21225:v1	0	0.0168548184197188	0.0168548184197188	0.0775	0.0943548184197188	0	0.178632302006491	PRKRA	0.00477938000331913	0.0053158618670281	0.0173023145180119	0.0512253400777087	0.0782973583172343	0.0943083957560226
GFER:P55789:OID21259:v1	0.00244852464791378	0	0.00244852464791378	0.0919	0.0943485246479137	0.0259519124125268	0	GFER	3.60556763871812e-06	0.00783927915220294	0.00094643791010157	0.0599775569889343	0.0686008443296729	0.0870125738113187
UFD1:Q92890:OID31486:v1	0	0.00322335159541605	0.00322335159541605	0.0911	0.094323351595416	0	0.0341734209068616	UFD1	0.00183796380657988	0.000845003438631721	0.00670350463568172	0.0235116231032128	0.0328504945176771	0.0525989506828701
DCTD:P32321:OID30657:v1	0	0.00355407664819272	0.00355407664819272	0.0906	0.0941540766481927	0	0.0377474536920217	DCTD	0	0.00102231391631771	0.00547358272281242	0.0205534722115624	0.0268271999745917	0.0468249268459706
INPP1:P49441:OID21345:v1	0.0110997546529768	0.00134721610305189	0.0124469707560287	0.0817	0.0941469707560287	0.11789816033211	0.014309712699552	INPP1	0.00168286769042268	0.000584994598643853	0.00501830099070356	0.0299885662268073	0.0369127915256268	0.0591704788480305
IL10:P22301:OID20431:v1	0.00670127392114815	0.0420337869072775	0.0487350608284257	0.0453	0.0940350608284256	0.0712635676747755	0.447001219938289	IL10	0.0325744320255933	0.000891404395447519	0.0102003308129428	0.00137258040834202	0.0447052687128552	0.0518154422657676
METAP2:P50579:OID21437:v1	0	0.0144064963645547	0.0144064963645547	0.0795	0.0939064963645547	0	0.153413202731227	METAP2	0.00179878465988387	0.0029520109313001	0.0199263663391362	0.0393876352154288	0.0636327004035989	0.0825439690935729
USP25:Q9UHP3:OID31428:v1	0	0.00439887732815048	0.00439887732815048	0.0895	0.0938988773281504	0	0.0468469640246883	USP25	0	0.00150171805954765	0.00852237263983222	0.0496250963415597	0.0593346267924068	0.0779209923704736
NT5C1A:Q9BXI3:OID31102:v1	0	0.0116559621879276	0.0116559621879276	0.0822	0.0938559621879276	0	0.12418989605145	NT5C1A	0.000870567622787618	0.0187711868483112	0.0114191107035274	0.174453081493362	0.205271505632182	0.225060711287936
ANXA4:P09525:OID20123:v1	0	0.00380135789764777	0.00380135789764777	0.09	0.0938013578976477	0	0.0405256169297214	ANXA4	0.0013786044536127	0.00220880007562322	0.00798496164700016	0.0196458203522945	0.0310582477797261	0.0478039247665183
CDC26:Q8NHZ8:OID31508:v1	0	0.00488245629460862	0.00488245629460862	0.0889	0.0937824562946086	0	0.0520615100895935	CDC26	0.000240358413460146	-0.000228584938166829	0.00928965946643023	0.0241013195417536	0.0324502480184637	0.0505054510004961
RAB27B:O00194:OID30354:v1	0	0.0126525995751395	0.0126525995751395	0.0811	0.0937525995751395	0	0.134957319930088	RAB27B	0.00449397500647064	0.0014465905217477	0.00892055397879707	0.0208866936479907	0.0354578557317214	0.0514296867657204
CASP2:P42575:OID20555:v1	0	0.00847746837446472	0.00847746837446472	0.0852	0.0936774683744647	0	0.0904963436946976	CASP2	4.49427395079266e-05	0.00141704815720292	0.00957895487053115	0.0286882159948074	0.0395390072503629	0.0536832917018855
WASHC3:Q9Y3C0:OID31123:v1	0.00405537303536106	0.0155059665780686	0.0195613396134297	0.0741	0.0936613396134297	0.0432982600088668	0.165553542604309	WASHC3	0.00619422436884241	0.00261372964071933	0.0127599478552754	0.0414685724469769	0.0624010976599226	0.0822526388231813
CPOX:P36551:OID30495:v1	0.0138646123984775	0.0164104888372762	0.0302751012357537	0.0633	0.0935751012357537	0.148165614734917	0.175372386677215	CPOX	0.0118705323343776	0.00438037300375544	0.012250397169012	0.0111326560075276	0.0395681446008262	0.0520095612634211
SYTL4:Q96C24:OID30339:v1	0.015328214434543	0.0033458923245027	0.0186741067590457	0.0749	0.0935741067590457	0.163808290193069	0.0357566044751932	SYTL4	0.000844200881399378	0.00211062213076765	0.0106805989062656	0.016748174590212	0.0294376450134933	0.0437571709232003
GTPBP2:Q9BX10:OID30946:v1	0	0.00603318800595083	0.00603318800595083	0.0873	0.0933331880059508	0	0.0646414007155329	GTPBP2	9.11646909748674e-05	0.00148213255836211	0.00702500448106603	0.0296548841777537	0.0381577635308949	0.0553939418835134
PADI4:Q9UM07:OID20832:v1	0.066559284470671	0	0.066559284470671	0.0267	0.093259284470671	0.713701427675044	0	PADI4	0.0313450523874371	0.00148657577578969	0.0174057398872726	0.0617297371026995	0.111790552694964	0.126350279080306
PTH:P01270:OID30963:v1	0	0.0233363216684905	0.0233363216684905	0.0699	0.0932363216684905	0	0.250292174239399	PTH	0.0239310859166463	0.0140107870426355	0.0120683155191298	0.094560390374939	0.144287639970866	0.163836479015534
SLAMF1:Q13291:OID20496:v1	0.012090605860346	0.0166303278793558	0.0287209337397018	0.0645	0.0932209337397018	0.129698399010959	0.178396924512601	SLAMF1	0.0269552409571362	0.00192666892646044	0.00804478540191493	0.0184955861570345	0.0552873844173093	0.0611115282663032
PTS:Q03393:OID20847:v1	0.0220069275723251	0.00720147997761136	0.0292084075499364	0.064	0.0932084075499364	0.236104533387021	0.0772621286738877	PTS	0.0153949233202436	0.0173806321362409	0.0166716203538918	0.124736518701745	0.174076683265981	0.195612307605629
PECR:Q9BY49:OID30228:v1	0.0439922879256155	0.00139738253416847	0.045389670459784	0.0478	0.093189670459784	0.472072577449454	0.0149950367596966	PECR	0.0190179453610602	0.00118981194918854	0.00969555507505032	0.00489653569850653	0.0346202680313332	0.0416492767226258
AZU1:P20160:OID20309:v1	0.038915254079008	0.00653812383153004	0.045453377910538	0.0477	0.093153377910538	0.417754620947628	0.0701866532184059	AZU1	0.00717198068164665	0.00606530169789019	0.017862971577468	0.0646693614533133	0.0956180565794972	0.113024339704835
LMOD1:P29536:OID31416:v1	0.0224967951089939	0	0.0224967951089939	0.0706	0.0930967951089939	0.241649512023003	0	LMOD1	0.00497571021509735	0.000241279918333251	0.0160821670251227	0.144400624424887	0.164911635570734	0.17607509892921
MUC16:Q8WXI7:OID21378:v1	0.00646456032438228	0.0401800075211286	0.0466445678455109	0.0464	0.0930445678455109	0.0694781057515995	0.431836145317398	MUC16	0.0179890636466811	0.000298056456390287	0.0158976066806781	0.00324795535425684	0.0372231339507218	0.040675980054441
NUDT2:P50583:OID21308:v1	0.0523767419489638	0.00190145563208742	0.0542781975810512	0.0387	0.0929781975810512	0.563322836015462	0.020450553802464	NUDT2	0.0275210983951207	-0.0001538471242696	0.0236812893410539	0.0122340761918706	0.0630085775161828	0.0782926688675199
FKBP4:Q02790:OID20960:v1	0.00143917018948393	0.0128041962425674	0.0142433664320513	0.0784	0.0926433664320513	0.0155345195766334	0.138209531191405	FKBP4	0.00131480104387743	0.00622353932587894	0.0186186497646136	0.0278897724835057	0.053994191121644	0.0710350568031519
BACH1:O14867:OID20505:v1	0	0.00289075866655717	0.00289075866655717	0.0897	0.0925907586665571	0	0.0312208119707446	BACH1	0.000387872198610801	0.0047071256953653	0.00152182827096541	0.0516019298368694	0.0580758102438831	0.0745785600957497
POLR2F:P61218:OID21283:v1	0	0.00162920305081538	0.00162920305081538	0.0909	0.0925292030508153	0	0.0176074471312657	POLR2F	0	0.0123906123486838	0.000555632943663131	0.0973649947972853	0.110167728098518	0.126655545197329
DAPP1:Q9UN19:OID20524:v1	0.00556198210438482	0.00166341666973035	0.00722539877411517	0.0853	0.0925253987741151	0.0601130303470882	0.0179779465073293	DAPP1	0.00136221236773614	0.000313100034395433	0.0054220741358657	0.0117244154341847	0.0187493427872799	0.0378959317140055
PPL:O60437:OID30564:v1	0.00691145557098975	0.0037561962101523	0.010667651781142	0.0818	0.092467651781142	0.0747445775669549	0.0406217324415536	PPL	0	0.00587289360319485	0.00881083159431073	0.0373332168402738	0.0511996700396282	0.0747790433967682
PTRHD1:Q6GMV3:OID30659:v1	0.00294232576854576	0.00429407481023935	0.00723640057878512	0.0849	0.0921364005787851	0.0319344553299518	0.0466056279957184	PTRHD1	0	0.00215332719389245	0.00918411063789047	0.0312871287858088	0.0421963558713755	0.056934335152384
KIFBP:Q96EK5:OID21320:v1	0	0.0142119638685914	0.0142119638685914	0.0779	0.0921119638685915	0	0.154290097308819	KIFBP	0.00960873462797215	0.00242179578163964	0.00822848333185145	0.0198898965470018	0.0397411442217067	0.0532233427710876
AHSP:Q9NZD4:OID21078:v1	0	0.0476641277815735	0.0476641277815735	0.0444	0.0920641277815735	0	0.517727468125901	AHSP	0.0519330472574581	0.00652437344462618	0.00600796595922216	0.13056054438537	0.194966299668393	0.210456294554713
BIN2:Q9UBW5:OID21067:v1	0.00689331716304988	0.00512636619278947	0.0120196833558393	0.08	0.0920196833558393	0.0749113332241481	0.0557094526501016	BIN2	0.00190349722145244	0.00285160314531685	0.0121383379467033	0.0310753436719492	0.0479000720297292	0.0645837793483763
COX5B:P10606:OID21297:v1	0	0.0100107256355884	0.0100107256355884	0.0819	0.0919107256355884	0	0.108917926241594	COX5B	0.000770684872750442	0.00290833510280769	0.0145977413339436	0.0105226209682934	0.0286286299863319	0.0436577242846547
YWHAQ:P27348:OID30605:v1	0	0.00391041954365985	0.00391041954365985	0.088	0.0919104195436598	0	0.042545987311072	YWHAQ	0.00144099210061541	0.00213512568819769	0.00795789501072109	0.0321641871497541	0.0433112484750428	0.0599135181186985
DFFA:O00273:OID20620:v1	0.00196549661033093	0.00343423260224678	0.00539972921257771	0.0865	0.0918997292125777	0.0213874037189429	0.0373693440848219	DFFA	8.02153620269794e-05	0.00358075516039249	0.0090784011531473	0.0264040460097749	0.0388482562603906	0.0557669880703814
TNFAIP8L2:Q6P589:OID30629:v1	0.00152208832199916	0.00399700367767772	0.00551909199967689	0.0863	0.0918190919996768	0.0165770352205674	0.0435312917022941	TNFAIP8L2	0.000572314224896226	0.00115581975464091	0.00912857641642492	0.0170647568671073	0.0277577437168801	0.0462796989544951
ERBIN:Q96RT1:OID21323:v1	0	0.00305104128601902	0.00305104128601902	0.0887	0.091751041286019	0	0.0332534785791465	ERBIN	0.000536597250778706	0.00288699173197217	0.00559210324717315	0.0232705823081642	0.0321616411983561	0.0468993044833322
FOLH1:Q04609:OID30430:v1	0.00515398734820978	0.0104758620844297	0.0156298494326395	0.0761	0.0917298494326395	0.0561865889902559	0.114203415237507	FOLH1	0.00580336227853893	0.00881973183957721	0.0160838221779522	0.00180884786646061	0.0320085627681208	0.039856872697322
DDHD2:O94830:OID31043:v1	0.005691849869284	0.00183118568174042	0.00752303555102443	0.0842	0.0917230355510244	0.062054748134864	0.0199642943644376	DDHD2	0.000283845274386572	0.00119355579671936	0.00675001644601389	0.0501702942623499	0.0582926895366089	0.0827847249753672
GATD3:P0DPI2:OID30253:v1	0.00640994467064786	0.00629916408417558	0.0127091087548234	0.0788	0.0915091087548234	0.0700470669845748	0.0688364707064591	GATD3	0.000234574698132384	0.00316121300521338	0.0124923188948841	0.0162918952357562	0.032059289376508	0.0488849453156415
ELOA:Q14241:OID21337:v1	0.00513975950063044	0.00701543036321614	0.0121551898638465	0.0792	0.0913551898638466	0.0562612754490534	0.0767929044170534	ELOA	0.00196832699108483	0.00608686636300548	0.0072329217267559	0.0948860249469285	0.109867615195867	0.128099767320819
SRPK2:P78362:OID20502:v1	0	0.0120345926943762	0.0120345926943762	0.0793	0.0913345926943762	0	0.131763796600554	SRPK2	0.000138490310956001	0.00304121422269415	0.0103990271308407	0.0444007496900291	0.057864093483754	0.077546717577862
DRG2:P55039:OID21335:v1	0	0.00832580934121941	0.00832580934121941	0.083	0.0913258093412194	0	0.0911660066445379	DRG2	0.00511830585629132	0.0012361384978848	0.00722877491371133	0.0228906857561079	0.0363743867354148	0.0521666295883996
SLC39A14:Q15043:OID20852:v1	0.00535945003873565	0.0104599611004281	0.0158194111391638	0.0755	0.0913194111391638	0.0586890560493021	0.114542581582003	SLC39A14	0.00622493639972859	5.59921654821216e-05	0.0135284353626671	0.0398788680668261	0.0594127559308157	0.0698404964705605
TARBP2:Q15633:OID20870:v1	0	0.00411208236746329	0.00411208236746329	0.0872	0.0913120823674633	0	0.0450332777530494	TARBP2	0	0.00287883271312999	0.00728998736892797	0.0445556258500301	0.054632206932077	0.0720893217842969
TXNDC5:Q8NBS9:OID21012:v1	0.010171664691557	0.00594805738024783	0.0161197220718048	0.075	0.0911197220718048	0.111629672043352	0.0652773872110869	TXNDC5	0.00154319381890688	0.00493742625830868	0.0194877835038665	0.0216414282220447	0.047410628646457	0.0646483380247854
AXIN1:O15169:OID20582:v1	0	0.00311668770480255	0.00311668770480255	0.088	0.0911166877048025	0	0.0342054543828449	AXIN1	0.00123423514486694	0.00342957927718705	0.00234285581406967	0.0548219977693148	0.0615515668695201	0.0789914611317202
CAMKK1:Q8N5S9:OID21182:v1	0.0433226092266996	0.00504066239892911	0.0483632716256287	0.0427	0.0910632716256287	0.475741849082731	0.0553534076795729	CAMKK1	0.0141606393897201	0.00220379585611627	0.0246101827742697	0.0132912883416822	0.053940864731598	0.0696281295216491
CLIP2:Q9UDT6:OID20559:v1	0.0103685026114329	0.00200749553612131	0.0123759981475542	0.0786	0.0909759981475542	0.113969649386162	0.0220662106159621	CLIP2	0.00446158737391433	0.00252133400571632	0.0117087236438884	0.0360822838985286	0.0544702828434908	0.0709583852276975
CSF2:P04141:OID30072:v1	0.0246654790317042	0.00649642198150535	0.0311619010132095	0.0598	0.0909619010132095	0.271162747886307	0.0714191536142361	CSF2	0.018113147128485	0.000161052917197589	0.0137870880854952	0.0295201481483893	0.0610266900031274	0.0672072244187277
GOT1:P17174:OID30417:v1	0	0.014253549395618	0.014253549395618	0.0764	0.090653549395618	0	0.157231012912849	GOT1	0.0129082539887756	0.000980511732681847	0.00484732131498362	0.0748030747491669	0.0932786559080391	0.114540723207515
IL22RA1:Q8N6P7:OID20449:v1	0.0410583840841104	0.0179556970174701	0.0590140811015805	0.0316	0.0906140811015805	0.453112624273958	0.19815570382865	IL22RA1	0.0332937364743026	0.000303150101349639	0.0107604454399943	0.00917405215773494	0.0532165262546745	0.0556057859751982
FABP5:Q01469:OID21043:v1	0.00675158781810466	0.00151613553535539	0.00826772335346005	0.0823	0.09056772335346	0.0745473946800576	0.0167403516309927	FABP5	1.33136092265757e-05	0.0104415673425783	0.0102026789686769	0.0548024533480582	0.0751720262364564	0.0925494372991867
PDLIM5:Q96HC4:OID31063:v1	0	0.00821234392372917	0.00821234392372917	0.0823	0.0905123439237291	0	0.0907317562193435	PDLIM5	0.000767984655929261	0.000117804369270618	0.00795987347983608	0.0258173879155168	0.0342390155669472	0.0528294867282041
AKR7L:Q8NHP1:OID30488:v1	0.0386228918272326	0.00446553184512166	0.0430884236723543	0.0472	0.0902884236723543	0.427772357255792	0.049458520411504	AKR7L	0.0246632276650619	0.00129225817712312	0.00699375322848792	0.0442896580217468	0.0767740783053832	0.0830347430388595
MVK:Q03426:OID20459:v1	0.00672857473140774	0	0.00672857473140774	0.0833	0.0900285747314077	0.0747382123007262	0	MVK	0.00087406561361534	0.0174885089467999	0.00747801828435886	0.0999153290792744	0.125732373613439	0.144182236958683
FLI1:Q01543:OID21239:v1	0	0.00568159050939076	0.00568159050939076	0.0843	0.0899815905093907	0	0.0631416990656307	FLI1	0.00146259102725311	0.00330659301008437	0.0100972652929328	0.0247849646336706	0.0391126849888585	0.0573759491385894
GMPR:P36959:OID20641:v1	0.0577829744807925	0.00110012008692936	0.0588830945677219	0.0309	0.0897830945677219	0.643584126377018	0.0122530872011719	GMPR	0.0184722754122217	0.000969656827992941	0.021762250610428	0.0739608298409791	0.114885622764561	0.133719398809526
EIF4B:P23588:OID21000:v1	0	0.00963611072864097	0.00963611072864097	0.0799	0.0895361107286409	0	0.107622618965942	EIF4B	0.00122175312483072	0.00290941725782618	0.0105201227809435	0.0396113057399205	0.0539767305045198	0.0688739961379675
TALDO1:P37837:OID30414:v1	0.0074665832392802	0.00754642700829484	0.015013010247575	0.0745	0.089513010247575	0.0834133855919841	0.0843053650795894	TALDO1	0.0021516628532219	0.00662070026974638	0.0148870653418965	0.0769384278652585	0.100347075323946	0.122066181498221
GLO1:Q04760:OID20107:v1	0.0617044869470893	0	0.0617044869470893	0.0278	0.0895044869470893	0.689401046268954	0	GLO1	0.0133772922065432	0.0112606821917573	0.0451445571453642	0.0569237104981976	0.126280821662119	0.141172587946826
ARHGEF1:Q92888:OID31133:v1	0	0.00320345588599195	0.00320345588599195	0.0863	0.0895034558859919	0	0.0357914211723004	ARHGEF1	0	0.00176296178163135	0.00950652053791838	0.0333261540117729	0.0439443604069935	0.0613733979629448
ATG16L1:Q676U5:OID31466:v1	0	0.00486405620177501	0.00486405620177501	0.0846	0.089464056201775	0	0.0543688315540349	ATG16L1	0.000360383014533559	0.00276869331805398	0.00354766352300534	0.037111323529178	0.0435947049200123	0.0648156229067277
IL1B:P01584:OID20427:v1	0	0.0324389711658519	0.0324389711658519	0.0569	0.0893389711658519	0	0.363099896299803	IL1B	0.017406853905727	0.00277688599382239	0.0223545987023538	0.0236366107002417	0.0659672777568157	0.0822584924513139
GCG:P01275:OID21263:v1	0	0.00683613815973475	0.00683613815973475	0.0824	0.0892361381597347	0	0.0766072837833693	GCG	0.00487782886192318	0.0135696356140968	0.00539149511074473	0.0857292253370054	0.109262960450956	0.125876990891994
SCRN1:Q12765:OID20542:v1	0.0102841672305453	0.00391371422301604	0.0141978814535613	0.075	0.0891978814535613	0.115296092944758	0.0438767620849114	SCRN1	0.000298677778469597	-0.000100114781990187	0.0118489393401392	0.0233618046069884	0.0352753047595821	0.0551453954313651
BRAP:Q7Z569:OID31506:v1	0	0.00643054940857727	0.00643054940857727	0.0827	0.0891305494085772	0	0.0721475347257137	BRAP	0.000199412410425214	0.00142597933231936	0.00678202214587113	0.0359640213045203	0.0439924577747013	0.0618780597968882
CASP10:Q92851:OID20893:v1	0.0195730171067279	0.00383721363606288	0.0234102307427908	0.0656	0.0890102307427908	0.219896262973267	0.043109804390364	CASP10	0.00757141962863155	0.00190890256084652	0.0124104278460279	0.0294358858271964	0.0510957348838135	0.0683374131121337
FGF19:O95750:OID20715:v1	0	0.0422876742579746	0.0422876742579746	0.0466	0.0888876742579746	0	0.475742836236721	FGF19	0.030486515386109	8.81245913894151e-05	0.0176980965789494	0.037074158564511	0.0851263076265386	0.101368206225908
DARS1:P14868:OID20903:v1	0.00537526302915627	0.00605122517415351	0.0114264882033097	0.0774	0.0888264882033098	0.0605141905064753	0.0681241068576663	DARS1	0.00819816300401984	0.000667505272534863	0.00904559572175335	0.0304332299454795	0.0481192794853197	0.0617758877299568
IPCEF1:Q8WWN9:OID20977:v1	0.00849752158989563	0.00200311813227565	0.0105006397221712	0.0783	0.0888006397221712	0.0956921213234685	0.0225574741189113	IPCEF1	0.00271743609773407	0.00272778509246697	0.0136499760403627	0.0441012247433876	0.062747933735937	0.0822185230589346
TST:Q16762:OID20868:v1	0.0112537685179159	0	0.0112537685179159	0.0775	0.0887537685179159	0.126797641450506	0	TST	8.9348214114023e-05	0.000592857607013623	0.00729516848628167	0.0131658051926258	0.0207342605720504	0.0420705984621664
UBXN1:Q04323:OID30654:v1	0.00131708068274625	0.00391072495030195	0.00522780563304821	0.0835	0.0887278056330482	0.0148440578841012	0.0440755287747738	UBXN1	0	0.00254767643889057	0.00818509159803161	0.0523861040882358	0.0630166539778504	0.0785204639944629
SDCCAG8:Q86SQ7:OID31423:v1	0.0236328536777237	0.00368813146893605	0.0273209851466598	0.0614	0.0887209851466598	0.266372759935629	0.0415700013118588	SDCCAG8	0.00301244795044389	0.00207916705291567	0.0262882128499112	0.0577757344771583	0.0890617740165709	0.110807205225836
NARS1:O43776:OID31035:v1	0	0.00595444994689401	0.00595444994689401	0.0827	0.088654449946894	0	0.067164704653414	NARS1	0.00207847170025908	-0.00120385636934825	0.00649541728231982	0.0280205442109249	0.0353583551359054	0.0553513132812084
CNST:Q6PJW8:OID20127:v1	0	0.00163555316152066	0.00163555316152066	0.087	0.0886355531615206	0	0.0184525633696919	CNST	0.000297857930399537	0.00345627794184904	0.00709565923981264	0.0313639926319285	0.0420625143346189	0.0575506714010765
PKD2:Q13563:OID30184:v1	0.00566272537826215	0.0119422029691957	0.0176049283474578	0.071	0.0886049283474578	0.0639098240230632	0.134780346781222	PKD2	0.00536559685609522	0.00416139069686222	0.00799048477905485	0.0330459957565878	0.050371340046112	0.0680667929038455
DHRS4L2:Q6PKH6:OID31072:v1	0.0572896648445699	0	0.0572896648445699	0.0311	0.0883896648445699	0.648148909098272	0	DHRS4L2	0.0395954066293731	0.000138470240441487	0.0065818344680799	0.00231972313416238	0.0481141441119274	0.0562809193426864
FAM171B:Q6P995:OID31338:v1	0.0690986975650643	0.00292767593498613	0.0720263735000505	0.0163	0.0883263735000505	0.782311045126571	0.0331461127517531	FAM171B	0.0400561921149457	0.000661715902175461	0.0055020797092053	0.00801738573031458	0.0540763249131824	0.0578948763253711
PPM1F:P49593:OID30350:v1	0.00127682404184855	0.00537153708164888	0.00664836112349744	0.0816	0.0882483611234974	0.0144685297901649	0.0608684060900778	PPM1F	0.000222716582939846	0.000941214028134844	0.0120649411052667	0.0202800452494101	0.0333082750863849	0.0544136564197828
PDLIM7:Q9NR12:OID20729:v1	0	0.0063015802537008	0.0063015802537008	0.0819	0.0882015802537008	0	0.0714452080742215	PDLIM7	0.000144150546685836	0.00242520271046426	0.00785291848298435	0.0346430429858686	0.0448078912778265	0.062995267113401
PTP4A3:O75365:OID30469:v1	0	0.0308377921032263	0.0308377921032263	0.0573	0.0881377921032263	0	0.349881604330516	PTP4A3	0.00142038875893716	0.00619038647547723	0.021572658370122	0.0540651214566164	0.0831018301505604	0.100828852871064
NFE2:Q16621:OID30268:v1	0.00348290696786605	0.0038371229118966	0.00732002987976265	0.0808	0.0881200298797626	0.0395245776995126	0.0435442761098952	NFE2	0.000932259757502592	0.0022147056764943	0.0097539893386018	0.042092467094794	0.0545207189853032	0.0730932350014633
DPY30:Q9C005:OID21410:v1	0.0016941476602731	0.00280777541766572	0.00450192307793882	0.0836	0.0881019230779388	0.0192294061365083	0.0318696268999921	DPY30	0	0.0108587523592834	0.00561932927072192	0.0798020799870157	0.0961905963524611	0.117263035672314
STK11:Q15831:OID20077:v1	0	0.008768117852918	0.008768117852918	0.0793	0.088068117852918	0	0.0995606363197358	STK11	0	0.00418629234615777	0.0120538494955443	0.0373162166708784	0.0532718205415693	0.0703466812870013
VGF:O15240:OID31067:v1	0.00441424762924863	0	0.00441424762924863	0.0836	0.0880142476292486	0.0501537847354353	0	VGF	0	0.00387263985387813	0.00386165997540887	0.0786662128648157	0.0863473587654034	0.108212638648785
PARK7:Q99497:OID21160:v1	0.0138061510578196	0.00297391085682642	0.0167800619146461	0.0711	0.0878800619146461	0.157102199941881	0.0338405639690473	PARK7	0.00479069425771914	0.00485676067001476	0.0142904104936356	0.0504739935897685	0.0742833749146578	0.0921559120230091
GIT1:Q9Y2X7:OID30533:v1	0.0035949210838527	0.00317661747177901	0.00677153855563171	0.0811	0.0878715385556317	0.040911097528772	0.0361506982123442	GIT1	0.0017494922112884	0.00189734181565226	0.00199821924606945	0.0508687556952179	0.056205873987222	0.0777921080868553
ARHGAP45:Q92619:OID30653:v1	0.00258234638503301	0.00286273800621728	0.00544508439125029	0.0823	0.0877450843912503	0.0294300974572943	0.0326256225756476	ARHGAP45	0	0.00224880206768636	0.00602198068566197	0.0400888875337435	0.0483347598898883	0.068673752486359
CEP43:O95684:OID20084:v1	0.00419338672319939	0.0063911810379966	0.010584567761196	0.0771	0.087684567761196	0.0478235433014832	0.0728883223260292	CEP43	0.000671310755933916	0.00374947808444682	0.00950616203510985	0.0361634740905078	0.0499941294246628	0.068754829013704
DNAJA2:O60884:OID20627:v1	0	0.00192236530466047	0.00192236530466047	0.0856	0.0875223653046604	0	0.0219642750509407	DNAJA2	0	0.00241011244078427	0.00568842626029214	0.0379939537566978	0.0455953914357454	0.062121906426239
MAD1L1:Q9Y6D9:OID20904:v1	0.018599546572252	0	0.018599546572252	0.0689	0.087499546572252	0.212567348070697	0	MAD1L1	0.00237632849199073	0.0138713206026827	0.0077197392667316	0.107647423590022	0.131422125287903	0.151379068390199
FGD3:Q5JSP0:OID31040:v1	0	0.00135363409217875	0.00135363409217875	0.0861	0.0874536340921787	0	0.0154783058043303	FGD3	0	0.00158581771144358	0.00191408599679511	0.0267314213086348	0.0299865892507019	0.0451374012291805
GPI:P06744:OID30680:v1	0	0.00849218518130678	0.00849218518130678	0.0789	0.0873921851813067	0	0.0971732788657088	GPI	0.000142860446803324	0.00318631190856561	0.00975423993999812	0.0307709233522206	0.0435289130352635	0.0602884081836139
HIP1R:O75146:OID31141:v1	0.00846808716584604	0	0.00846808716584604	0.0789	0.087368087165846	0.096924259652973	0	HIP1R	0.00122965469999224	0.0147182487772833	0.00236068587944854	0.0739252283066402	0.090759566997501	0.116445075938065
HNRNPK:P61978:OID20051:v1	0	0.00187091064584567	0.00187091064584567	0.0854	0.0872709106458456	0	0.0214379640592731	HNRNPK	0.000113346974034252	0.00302338299888743	0.0076269183647808	0.0306381634844922	0.0407573474633592	0.0562695808685316
AKT2:P31751:OID31052:v1	0	0.00653223080576865	0.00653223080576865	0.0807	0.0872322308057686	0	0.0748832254480952	AKT2	0	0.000218829360697171	0.0076878083325268	0.0166770258751692	0.024226688092976	0.0424779172850315
MAPK9:P45984:OID20557:v1	0.00702054981791507	0	0.00702054981791507	0.0802	0.087220549817915	0.0804919234351473	0	MAPK9	0.000783591656366946	0.00146793476505802	0.00793122302406954	0.0351420934038787	0.0448000046047115	0.0634779269398631
CIAPIN1:Q6FI81:OID21501:v1	0.00249653147572844	0.00512527252824774	0.00762180400397619	0.0795	0.0871218040039761	0.028655644867208	0.0588288154365333	CIAPIN1	0.000248682674007806	0.00324497874566018	0.00958716871397295	0.0390167842866489	0.0515711066456301	0.0697382539905384
RAB10:P61026:OID30357:v1	0	0.00321883238373386	0.00321883238373386	0.0839	0.0871188323837338	0	0.0369476070289351	RAB10	0	0.000694643972324574	0.00854091026048562	0.0118898311398297	0.0207787684279581	0.0386353144984544
NT5C3A:Q9H0P0:OID20553:v1	0.00684397285988391	0.00704805673796998	0.0138920295978538	0.0731	0.0869920295978539	0.078673562296709	0.0810195689254714	NT5C3A	0.00053921067446332	-0.000802295495967724	0.0162288060192407	0.0262854863911019	0.0419130014048689	0.0627040382337174
SYAP1:Q96A49:OID30636:v1	0.00175695459986716	0.00799044134668679	0.00974739594655395	0.0772	0.0869473959465539	0.0202070985650582	0.0918997200514028	SYAP1	0	0.00327485868176753	0.00757671952908038	0.030133346237691	0.0406571073814117	0.0606178373000742
STAMBP:O95630:OID20955:v1	0.00311355917517753	0.00281531355361342	0.00592887272879096	0.081	0.0869288727287909	0.0358173191189481	0.032386403564635	STAMBP	0.000697342619188214	0.00236603477070583	0.0108224488161779	0.04238598374421	0.0559753583843983	0.0749564105383563
VPS4B:O75351:OID31386:v1	0	0.00324324631445454	0.00324324631445454	0.0835	0.0867432463144545	0	0.0373890354840697	VPS4B	0.0023498223532074	0.00124519305271996	0.00672176360033904	0.0165434652384128	0.0263927727649958	0.0418161616061882
ADD1:P35611:OID30655:v1	0.010732858659379	0.00813022921015141	0.0188630878695304	0.0678	0.0866630878695304	0.123845790903933	0.0938142109867041	ADD1	0.00759324514853323	0.00310572057004298	0.0169617969396893	0.0992074363643218	0.126694625409319	0.14584933674327
RGCC:Q9H4X1:OID31060:v1	0	0.00563320926653416	0.00563320926653416	0.0808	0.0864332092665341	0	0.0651741305724635	RGCC	0.000540175228543428	0.00175935652375354	0.0107464606346552	0.0245018747896794	0.0373317292321315	0.0557283080623614
BOLA1:Q9Y3E2:OID30837:v1	0.00553680969195149	0.0447021362400115	0.050238945931963	0.0361	0.086338945931963	0.0641287617330262	0.517751702403661	BOLA1	0.0219213901372053	0.00335828146217749	0.0137332648195333	0.0220467357228596	0.0610162921405686	0.0785105179321925
CEP20:Q96NB1:OID21209:v1	0.00810482907183362	0.0096289870444219	0.0177338161162555	0.0686	0.0863338161162555	0.0938778040451705	0.11153204477207	CEP20	0.00357615516084336	0.00326748331957804	0.01831997815696	0.0223290210901808	0.0473343272799551	0.0675259154740689
TP53BP1:Q12888:OID30470:v1	0	0.0159095600943293	0.0159095600943293	0.0704	0.0863095600943293	0	0.184331377392509	TP53BP1	0.0175523803050794	0.0190047879279361	0.0136120286636995	0.00567315372896153	0.0554233696275324	0.0673039888813379
OXCT1:P55809:OID30227:v1	0	0.00664864610296029	0.00664864610296029	0.0795	0.0861486461029602	0	0.0771764433188443	OXCT1	0.00153597463204553	0.00191525978541486	0.00782461765352866	0.0116160641347793	0.022421727234713	0.0427960248007461
HCG22:E2RYF7:OID30088:v1	0.0838151335001403	0.00214351516995923	0.0859586486700995	0	0.0859586486700995	0	0	HCG22	0.0278963147914674	-0.000191718686644999	0.00642601886895951	0.00148069402450698	0.0351649679305999	0.0383657822414712
TWF2:Q6IBS0:OID30386:v1	0.00165075995991335	0.00309344483503172	0.00474420479494507	0.0811	0.085844204794945	0.0192297192787387	0.0360355698141883	TWF2	0	0.00171527210776525	0.00883540130692927	0.0245177073019363	0.0347641741959778	0.0575280115139861
PIBF1:Q8WXW3-4:OID31061:v1	0.00307591291445082	0.00884680298883788	0.0119227159032887	0.0739	0.0858227159032887	0.0358403119975484	0.103082300480995	PIBF1	0.00267361007400164	0.000609203230384931	0.0115215635533694	0.0254231421704821	0.0398043732470142	0.0575795186523228
PDIA4:P13667:OID30375:v1	0.00411430062268945	0.00498259414946351	0.00909689477215297	0.0767	0.0857968947721529	0.047953957233716	0.0580742946780949	PDIA4	0.000603112999683354	0.000732746648573095	0.0124426704640656	0.0149985279289394	0.0285634604037894	0.0486256826413872
DUSP13:Q6B8I1:OID31394:v1	0.0390964042715753	0	0.0390964042715753	0.0467	0.0857964042715753	0.455688144549993	0	DUSP13	0.0231408507002702	0.0101763020795928	0.013218970043485	0.0347459605993538	0.0799560357870343	0.0955295773885632
PLEKHO1:Q53GL0:OID31088:v1	0.00264229601143695	0.00293199620874051	0.00557429222017747	0.0802	0.0857742922201774	0.0308052208073526	0.0341826919563994	PLEKHO1	0.000572485418989792	0.00220639456281367	0.00970134679487199	0.0349727964181239	0.0469266484901839	0.0678213426744209
SERPINB9:P50453:OID20932:v1	0.019302841543261	0.00204403427592998	0.0213468758191909	0.0644	0.0857468758191909	0.225114225548738	0.023838002917332	SERPINB9	0.00368655003457216	-0.000405673558434684	0.0116777055745285	0.018674841592722	0.0332682755042874	0.05174599666951
YTHDF3:Q7Z739:OID20478:v1	0	0.00539075036526342	0.00539075036526342	0.0803	0.0856907503652634	0	0.0629093611887506	YTHDF3	0	0.00174884213087492	0.00990511708150696	0.0197559825143778	0.031001794333522	0.0483021511446083
PIKFYVE:Q9Y2I7:OID30465:v1	0	0.00297471140493607	0.00297471140493607	0.0827	0.085674711404936	0	0.0347209970848491	PIKFYVE	0.000259865137866119	0.00150949733050742	0.0038967730931141	0.0233805071804513	0.0289150783484919	0.0472695401491107
PHLDB1:Q86UU1:OID31467:v1	0	0.00485612505134738	0.00485612505134738	0.0808	0.0856561250513473	0	0.0566932609715456	PHLDB1	0.000724389636783612	0.00393235678727731	0.000845029487993317	0.0723627316065941	0.0777084036665938	0.100451782005554
ECI2:O75521:OID30142:v1	0.0369534747541047	0	0.0369534747541047	0.0486	0.0855534747541047	0.43193423598884	0	ECI2	0.025843972825324	0.00140861086883722	0.00738507387509837	0.00293021610824144	0.036813126281507	0.0445751965369581
CMIP:Q8IY22:OID31406:v1	0	0.00164846139672226	0.00164846139672226	0.0839	0.0855484613967222	0	0.0192693283994634	CMIP	0.000404995125655542	0.000548028989315838	0.00237907642221989	0.0281259237803157	0.030755938744345	0.048443674106932
CDC37:Q16543:OID21470:v1	0	0.00489726346293353	0.00489726346293353	0.0806	0.0854972634629335	0	0.0572797685513839	CDC37	0.00148765481626059	0.00218753670571711	0.00706141028755431	0.0246068369642722	0.0353126169812659	0.0491059179288271
MPHOSPH8:Q99549:OID20092:v1	0.00173431350995198	0.00407889711862136	0.00581321062857334	0.0796	0.0854132106285733	0.0203049797237314	0.0477548740833405	MPHOSPH8	0	0.00203770061814647	0.00976408692304749	0.016534016369753	0.0281371360071921	0.0430126017959347
VWC2L:B2RUY7:OID31002:v1	0.00858033049800069	0	0.00858033049800069	0.0768	0.0853803304980006	0.10049540038032	0	VWC2L	0.00030370728952277	0.00169005017124229	0.00161287377410726	0.0524749938471738	0.0560434887472463	0.0623204055730781
AK2:P54819:OID31142:v1	0.00347185720067791	0	0.00347185720067791	0.0817	0.0851718572006779	0.0407629622599127	0	AK2	0.00102000690045079	0.000708467078862011	0.00722280342331729	0.0172373612624073	0.025442915416528	0.0444534165426367
DNMBP:Q6XZF7:OID20956:v1	0.013594539979677	0.00323384866652094	0.016828388646198	0.0683	0.085128388646198	0.159694553084721	0.0379878994298968	DNMBP	0.0123102428154111	0.0065304938338241	0.00828346833431978	0.0561190061219546	0.0831962466118432	0.100321644153718
PCYT2:Q99447:OID31519:v1	0	0.00839166662468458	0.00839166662468458	0.0767	0.0850916666246845	0	0.0986191357809204	PCYT2	0.00038514348700201	0.00177061154795451	0.013651826652589	0.0234477359098175	0.0389257031057578	0.0585866764752706
PTPRK:Q15262:OID31461:v1	0.00547644220083838	0.0145237482518115	0.0200001904526499	0.065	0.0850001904526499	0.0644285874146256	0.170867243643438	PTPRK	0.0136246378229476	0.00387674371351396	0.00545358046740901	0.0159251240713817	0.0385730806013256	0.0440518039862871
AKT3:Q9Y243:OID21197:v1	0.00161417322335968	0.00154338975013117	0.00315756297349085	0.0818	0.0849575629734908	0.018999759019257	0.018166596311299	AKT3	0	0.00117655226134654	0.00577305425837446	0.0167440603089692	0.0235509063252583	0.0399952934610164
ACTA2:P62736:OID20079:v1	0.00198509811423838	0	0.00198509811423838	0.0829	0.0848850981142383	0.0233857079550858	0	ACTA2	0	0.00295671107393363	0.00166905392753047	0.172450815431051	0.176799899374258	0.191559223374957
DEFB4A_DEFB4B:O15263:OID21373:v1	0.0127218891835247	0.00666559532672844	0.0193874845102532	0.0654	0.0847874845102532	0.150044422912279	0.0786153211789457	DEFB4A_DEFB4B	0.018809651626553	0.00870086327094239	0.0191927405372912	0.139397177385018	0.185684462516419	0.200571438283082
SUGT1:Q9Y2Z0:OID21229:v1	0	0.00198585476485876	0.00198585476485876	0.0828	0.0847858547648587	0	0.0234220055971157	SUGT1	0.000691248376052906	0.00260649705277683	0.00759774273399881	0.0184534915794037	0.0289697032956937	0.0445026649723217
PCDH1:Q08174:OID20614:v1	0.00429879413446197	0.0224670852954298	0.0267658794298918	0.0578	0.0845658794298918	0.0508336714930734	0.265675535415626	PCDH1	0.00465217838827857	0.00252914008057228	0.0269588681631074	0.0508682558575146	0.0848285305295799	0.0952450250571981
DAB2:P98082:OID21428:v1	0	0.00425938644949795	0.00425938644949795	0.0802	0.0844593864494979	0	0.0504311791566805	DAB2	0	0.00127173288529572	0.00820721458409041	0.023064069727971	0.0325014518362394	0.0506585471762147
PCBP2:Q15366:OID31003:v1	0	0.00147903591776422	0.00147903591776422	0.0824	0.0838790359177642	0	0.0176329627728946	PCBP2	0.00109771501988392	0.00138854093665522	0.00655387207291464	0.0270660633951901	0.0353000933338833	0.0533482949198818
CFC1:P0CG37:OID21261:v1	0	0.017488335519636	0.017488335519636	0.0662	0.083688335519636	0	0.208969809365281	CFC1	0.00967142117217145	0.00963930161471598	0.012256672302135	0.0260944420445564	0.0575086291737053	0.0732120638011995
EZR:P15311:OID21017:v1	0.00911679178408954	0.00345886216382596	0.0125756539479155	0.0709	0.0834756539479155	0.109214978894061	0.041435580318833	EZR	0.00455907776810589	0.010047900249094	0.0129697572124057	0.0801659727336461	0.107495073364417	0.12584556382447
SRC:P12931:OID21521:v1	0	0.00144265609721828	0.00144265609721828	0.082	0.0834426560972182	0	0.0172891919396413	SRC	0	0.00226720501972905	0.00210634003090135	0.0260647065889322	0.0300450388773595	0.0442803637541256
ANKMY2:Q8IV38:OID30518:v1	0.00392073418544374	0.00684855630347028	0.010769290488914	0.0724	0.083169290488914	0.0471416091491889	0.0823447724900714	ANKMY2	0.00201356023185694	0.000641645288329999	0.00876229293487199	0.0237630937001283	0.0348906053944299	0.0512694060804076
RAB11FIP3:O75154:OID30325:v1	0.002617869458294	0.00172855704822415	0.00434642650651816	0.0786	0.0829464265065181	0.0315609673442446	0.020839439636237	RAB11FIP3	0.00198402500895498	0.00195713706692946	0.0051589078886495	0.0374702147970259	0.0460088570985844	0.0665768527340318
LMOD1:P29536:OID30547:v1	0.0201997248105249	0	0.0201997248105249	0.0626	0.0827997248105249	0.243958839920652	0	LMOD1	0.00497571021509735	0.000241279918333251	0.0160821670251227	0.144400624424887	0.164911635570734	0.17607509892921
SNX9:Q9Y5X1:OID20135:v1	0.00590012227480794	0.0028257276744653	0.00872584994927324	0.0739	0.0826258499492732	0.0714077044705769	0.034199075424944	SNX9	0	0.00344250643651114	0.00941511272725949	0.0353369354483216	0.0478995135226309	0.0646559645600439
STAT5B:P51692:OID21277:v1	0	0.00396258158488335	0.00396258158488335	0.0786	0.0825625815848833	0	0.0479948847143228	STAT5B	0.00172931675816859	0.00158355953864803	0.00750967521864962	0.0244563968868667	0.0350738777021423	0.0517172528573549
SH3GLB2:Q9NR46:OID31145:v1	0.0400035811672784	0.0040483093495635	0.0440518905168419	0.0383	0.0823518905168419	0.485763968698414	0.0491586692686256	SH3GLB2	0.0377952654336372	0.00339410428872355	0.0146064799253016	0.074992270860342	0.130200942635304	0.145474637435436
EIF4G1:Q04637:OID20625:v1	0	0.00843559802618825	0.00843559802618825	0.0739	0.0823355980261882	0	0.102453838053197	EIF4G1	5.71848192271276e-05	0.00468679874140844	0.010011804777001	0.0473538167838805	0.0616710316714269	0.0792566138360692
DDX58:O95786:OID21226:v1	0.0764374354086375	0	0.0764374354086375	0.0057	0.0821374354086375	0.930604115265564	0	DDX58	0.0378061121773479	0.0017744124235718	0.0155779326367226	0.0249139485020362	0.0796770257119465	0.0950404322698602
THOP1:P52888:OID20194:v1	0.0334341784488168	0	0.0334341784488168	0.0482	0.0816341784488168	0.409561032941361	0	THOP1	0.0229152792031114	0.0153182906543148	0.00625909832254257	0.125536977206825	0.16994538241739	0.186394703358215
NFKB1:P19838:OID30160:v1	0.00660108131237782	0.00200010954704923	0.00860119085942705	0.073	0.081601190859427	0.0808944237560134	0.0245107887027628	NFKB1	0.00164431914252926	0.00326102573234594	0.0102509995439634	0.0441107752120613	0.0589622914771706	0.0795311819542468
AOC1:P19801:OID20452:v1	0.0602994672324956	0	0.0602994672324956	0.0211	0.0813994672324956	0.740784544206738	0	AOC1	0.0302048203710073	7.8654313987431e-05	0.00172367331251203	0.00045117933944942	0.0322309899720982	0.0342342647206266
VTI1A:Q96AJ9:OID30640:v1	0.00236649783650311	0.00832867512289821	0.0106951729594013	0.0707	0.0813951729594013	0.0290741791000737	0.102323944038455	VTI1A	0	0.00333083377551884	0.0116041007842917	0.040855430769924	0.055730128322637	0.0742988839247398
SNCA:P37840:OID30645:v1	0	0.012342924666697	0.012342924666697	0.0689	0.081242924666697	0	0.15192614885954	SNCA	0.00185706291418179	0.00537899517462545	0.018297184019935	0.0378685723591502	0.0630204029753306	0.0855495436585219
CC2D1A:Q6P1N0:OID20958:v1	0.00694287785968993	0	0.00694287785968993	0.0743	0.0812428778596899	0.0854582954542869	0	CC2D1A	0	0.00656995840800328	0.00790326322452854	0.0709629474394045	0.0849081326927256	0.103468149434969
NMNAT1:Q9HAN9:OID20913:v1	0.0129721382681531	0.035951889724932	0.0489240279930851	0.0323	0.0812240279930851	0.159708137957126	0.442626284527439	NMNAT1	0.0136223417948528	0.00336966956364678	0.0254751914619629	0.0958351958615883	0.138218946796245	0.156203836369911
EEF1D:P29692:OID30335:v1	0	0.0141059593391998	0.0141059593391998	0.0669	0.0810059593391998	0	0.174134834699423	EEF1D	0.00189652665477341	0.00514786589454439	0.0127939668466658	0.0510993743052343	0.0708094012219048	0.0909165848610778
PTPN1:P18031:OID20908:v1	0	0.00765634980075342	0.00765634980075342	0.0733	0.0809563498007534	0	0.0945738020500791	PTPN1	0	0.00223315556448829	0.0100142573225544	0.0376631826425959	0.0497822459734433	0.0614531927904021
PTPN6:P29350:OID20717:v1	0	0.00445197213398972	0.00445197213398972	0.0765	0.0809519721339897	0	0.0549952276223849	PTPN6	0.000162042823538891	0.000228936444747674	0.00595266903045612	0.0155666410615513	0.0215048200360061	0.0377069675451102
PLPBP:O94903:OID20144:v1	0	0.00378516416786926	0.00378516416786926	0.0771	0.0808851641678692	0	0.0467967668336992	PLPBP	0	0.00412798132373865	0.00614687951732099	0.0417508048777567	0.0517396993636513	0.0697975875943161
PPP2R5A:Q15172:OID31502:v1	0.00415728247599943	0.00161263125824124	0.00576991373424068	0.0749	0.0806699137342406	0.0515344852071517	0.0199904919144193	PPP2R5A	0.000155182478354361	0.00158608265560059	0.00744589787626194	0.0231244640165951	0.0318794467533374	0.0496493677517951
TNIP1:Q15025:OID31120:v1	0	0.00775879997422293	0.00775879997422293	0.0727	0.0804587999742229	0	0.0964319624044687	TNIP1	0.00112923083322139	0.00225369383127762	0.00780912987501282	0.0630154402102231	0.0738364213658952	0.0922360954323385
CALCOCO1:Q9P1Z2:OID21387:v1	0.00495016735792606	0.00540165203003989	0.0103518193879659	0.0699	0.0802518193879659	0.0616829300030593	0.0673087796792042	CALCOCO1	0.000586551118406738	0.00273844899731186	0.0069467139148212	0.0647398820871895	0.0746622469991009	0.0917139807605898
RRAS:P10301:OID30961:v1	0	0.00162000932470562	0.00162000932470562	0.0785	0.0801200093247056	0	0.0202197845252381	RRAS	0	0.00121040914748691	0.00170531561191902	0.017743335076121	0.0204018577840832	0.0366182528165784
DYNLT3:P51808:OID31415:v1	0	0.0468843746208483	0.0468843746208483	0.0332	0.0800843746208483	0	0.585437232204382	DYNLT3	0.0326112869363408	0.00115481554495469	0.021025673659642	0.0158158223407294	0.0701020317691471	0.0859324072759499
VPS53:Q5VIR6:OID21281:v1	0	0.00292563463084662	0.00292563463084662	0.0769	0.0798256346308466	0	0.0366503147062495	VPS53	0.000117295441870637	0.00266432868412478	0.00444348346535599	0.033222881739738	0.0399774877802972	0.0558213652090953
ADAM12:O43184:OID30491:v1	0.0286765520352525	0	0.0286765520352525	0.0511	0.0797765520352525	0.359460910551519	0	ADAM12	0.0044481888638832	0.015349708488537	0.0185425985006413	0.0959294209761487	0.13411801433173	0.153976553360236
RRM2B:Q7LG56:OID21174:v1	0.00676786179441644	0.00689192400025666	0.0136597857946731	0.066	0.0796597857946731	0.0849595781221522	0.086516978818157	RRM2B	0.00791133080117178	0.00176195297981641	0.0068209671490021	0.0243342020737368	0.0403729021450791	0.0543632805510236
ATXN10:Q9UBB4:OID20865:v1	0.00496634537321669	0.00817564867871014	0.0131419940519268	0.0665	0.0796419940519268	0.0623583755321171	0.102654997228969	ATXN10	0.00158681557702401	0.000147606415574322	0.00778562134688449	0.015842965892566	0.0249279046536829	0.044014444232176
GNE:Q9Y223:OID21231:v1	0	0.0126087405441254	0.0126087405441254	0.0668	0.0794087405441254	0	0.158782779549551	GNE	0.00412000592375277	0.00187362521309786	0.00926550408863546	0.0216229781470885	0.0365255754608729	0.0522547572381648
SMPD3:Q9NY59:OID30477:v1	0	0.00526890006437515	0.00526890006437515	0.0741	0.0793689000643751	0	0.0663849449860287	SMPD3	0.00419473087793011	0.00747541905399377	0.00650830719147968	0.00122451898141682	0.0193369276022218	0.0289461395756643
TJAP1:Q5JTD0:OID21477:v1	0.00221906800303454	0.00198654183185091	0.00420560983488546	0.0751	0.0793056098348854	0.0279812236190435	0.0250491968473214	TJAP1	1.72775508184358e-05	0.00354488415768485	0.00438667137171052	0.0524301647222514	0.060299273543454	0.077545882291882
GPIHBP1:Q8IV16:OID31469:v1	0.057101888793086	0.00568876318800603	0.062790651981092	0.0165	0.079290651981092	0.720159153271974	0.0717456982112165	GPIHBP1	0.0457004567982135	0.000219013676807768	0.00848370842430138	0.00357691836382376	0.0579114213288063	0.0605336181306616
KRT19:P08727:OID20596:v1	0.0128957145796769	0.0031587331272232	0.0160544477069001	0.0631	0.0791544477069002	0.162918382393726	0.0399059461436661	KRT19	0.00391082664603867	0.0106792894622534	0.0100429784207498	0.0587729560303839	0.0833074608612126	0.10161944710405
SLC9A3R2:Q15599:OID31445:v1	0.00713864380570032	0.0143721292332863	0.0215107730389866	0.0576	0.0791107730389866	0.0902360516965537	0.181670949242318	SLC9A3R2	0.00490059595611816	0.000842697669730664	0.00438675248183376	0.0192069389962123	0.0290534408605448	0.0384326973437138
LAT2:Q9GZY6:OID21292:v1	0	0.00184362344374332	0.00184362344374332	0.0771	0.0789436234437433	0	0.0233536714343639	LAT2	0	0.00240775777401471	0.00631179699234791	0.0364101523118045	0.0449159423803556	0.0652322675028853
CRIP2:P52943:OID20901:v1	0.0173503269904954	0.00666143166699559	0.024011758657491	0.0549	0.078911758657491	0.21986998244207	0.0844162109719148	CRIP2	0.0137153628064396	0.0156482105130066	0.0113189684786773	0.156550845976152	0.196977316272177	0.214277358532397
VAV3:Q9UKW4:OID30795:v1	0.00348952244507303	0.00133789612661008	0.00482741857168312	0.074	0.0788274185716831	0.0442678766893752	0.0169724716456806	VAV3	0.00033323827577475	1.83538438232939e-05	0.00564630112463861	0.0264103992888574	0.0322755501871923	0.0511542609018228
VASP:P50552:OID30692:v1	0	0.00362537396187823	0.00362537396187823	0.075	0.0786253739618782	0	0.0461094654206161	VASP	7.28404911760182e-05	0.000640519881095198	0.00528966879341306	0.0217804128582974	0.0275961654416589	0.0425860229046189
CDC42BPB:Q9Y5S2:OID31485:v1	0	0.00356140062296615	0.00356140062296615	0.075	0.0785614006229661	0	0.0453327027614759	CDC42BPB	0	0.00253425232518844	0.00176281415593416	0.048242956241975	0.0523487430491946	0.067769691083418
CTF1:Q16619:OID20061:v1	0.00142849817656779	0.0028949509435071	0.0043234491200749	0.0742	0.0785234491200749	0.0181919947808634	0.0368673431433234	CTF1	0.001947731668443	0.00104615942324662	0.00340682204605517	0.0118774556369637	0.0176461263636154	0.0351020300173133
CSNK2A1:P68400:OID31053:v1	0	0.0265879251893599	0.0265879251893599	0.0519	0.0784879251893599	0	0.338751790485147	CSNK2A1	0.0133272540899993	0.00159487055579593	0.0206286362834131	0.0322975197289569	0.0678125548621324	0.0816605842186523
NPPB:P16860:OID20049:v1	0.0198142925971767	0.00151075259178729	0.021325045188964	0.0571	0.078425045188964	0.252652613070665	0.0192636496178886	NPPB	0.00469744697495745	0.00424247040659622	0.0126967535622833	0.062709544020854	0.0840470178713587	0.0964892207882804
GLOD4:Q9HC38:OID20710:v1	0	0.00322016129215124	0.00322016129215124	0.0751	0.0783201612921512	0	0.0411153557273629	GLOD4	0.00100992652973318	0.00394724904147919	0.00983657471313263	0.053527601575912	0.0682566141211429	0.0844156129173669
DNAJB1:P25685:OID21363:v1	0.00142624522614786	0.0148301230465436	0.0162563682726914	0.062	0.0782563682726914	0.0182252928116722	0.189506916483354	DNAJB1	0.00670455999741433	0.00433720008697137	0.0215340183084859	0.054393191890901	0.0864499091703967	0.110023591553353
STXBP1:P61764:OID31054:v1	0.00135729487665393	0.00498491949443283	0.00634221437108677	0.0718	0.0781422143710867	0.0173695471465439	0.0637929131462813	STXBP1	0.00278744014018715	-0.000624311859855448	0.00734095695047567	0.015373823219385	0.0246608197345685	0.0402179337343886
DNAJB14:Q8TBM8:OID31434:v1	0	0.00659864838289442	0.00659864838289442	0.0715	0.0780986483828944	0	0.0844911982412706	DNAJB14	0.00292451076987526	0.00266331523822297	0.00765012891912498	0.0202075310807202	0.0330521813781844	0.0505507380718644
GGCT:O75223:OID30304:v1	0.00674646804672279	0.00353140574466336	0.0102778737913861	0.0676	0.0778778737913861	0.0866288166109255	0.04534543090022	GGCT	0.00139371771893331	0.00280427070083454	0.0164973134497301	0.0278544114332899	0.0482646908151251	0.0668441952550213
TRIM21:P19474:OID20533:v1	0.00851089908513487	0.00204827177853746	0.0105591708636723	0.0673	0.0778591708636723	0.109311452854244	0.0263073926400254	TRIM21	0.000167022657814031	-0.000214202427249022	0.0106685057501992	0.0494783653157121	0.0598584828301282	0.0812883392125201
CBS:P35520:OID30200:v1	0.00987409276899949	0.00566929636993591	0.0155433891389354	0.0622	0.0777433891389354	0.127008776930903	0.0729231955633463	CBS	0.00654216805485539	0.00879705720830013	0.0105073018209888	0.0479303907597193	0.073747532228033	0.0891840327913231
REG3G:Q6UW15:OID31408:v1	0.0604351312240806	0	0.0604351312240806	0.0172	0.0776351312240806	0.778450815644851	0	REG3G	0.0573261635561511	4.34848133889046e-05	0.00571586884158407	0.0137616321811098	0.0764650576885118	0.07942073898171
USO1:O60763:OID21367:v1	0	0.00544333030993039	0.00544333030993039	0.0721	0.0775433303099303	0	0.0701972727786403	USO1	0	0.00303654676609189	0.00696940914508405	0.0296645795109803	0.0394335111485889	0.0550124332425392
SLMAP:Q14BN4:OID31441:v1	0.0025017726267212	0	0.0025017726267212	0.0747	0.0772017726267212	0.0324056370935618	0	SLMAP	0.00073521002091349	0.00202263755717021	0.00451323911571643	0.0389161951589803	0.0458861344354171	0.0650954975478833
STX4:Q12846:OID21326:v1	0	0.0020109164567088	0.0020109164567088	0.075	0.0770109164567088	0	0.0261120961706672	STX4	0	0.00420087327369084	0.00305179997657073	0.0392081273276586	0.0461774590982243	0.065624657560739
INPP5D:Q92835:OID30259:v1	0.01527746837285	0	0.01527746837285	0.0617	0.07697746837285	0.198466755217925	0	INPP5D	0.00203755492876685	0.00512332834940067	0.0155921819689851	0.0983044839289742	0.120952023823339	0.143058777544239
BID:P55957:OID20517:v1	0.00202425395644412	0.00643431365683575	0.00845856761327988	0.0684	0.0768585676132798	0.0263373885215936	0.0837162837747709	BID	0.000583858109135577	0.00442986526006713	0.012302163611131	0.0448676708770305	0.0620957667454803	0.0834279442974439
GORASP2:Q9H8Y8:OID31438:v1	0.00138764159008688	0.00413415291013257	0.00552179450021946	0.0713	0.0768217945002194	0.0180631238714805	0.053814844303341	GORASP2	0.00271709600106011	0.00106066978582313	0.00853942097949726	0.0157744330179091	0.0274816128498049	0.0465454690136073
TRIM25:Q14258:OID31482:v1	0.00413350628531696	0	0.00413350628531696	0.0724	0.0765335062853169	0.0540091064155253	0	TRIM25	0.000138057246465101	0.00112303861066946	0.00541824286769947	0.051083468564575	0.0565080606443409	0.0757987717191753
MAVS:Q7Z434:OID21204:v1	0.00433937234678807	0.00160702414447765	0.00594639649126572	0.0705	0.0764463964912657	0.0567635957475623	0.0210215813725275	MAVS	0	0.00322545061428246	0.00813702008961655	0.0433792020135819	0.0546422461221367	0.0735477021462508
MYOM2:P54296:OID30131:v1	0.0128171649574902	0.00348722889402224	0.0163043938515125	0.0601	0.0764043938515125	0.167754291492707	0.0456417323432926	MYOM2	0.00143274468158114	0.00747974060974044	0.0152155365741118	0.0420942548661448	0.0660596301451967	0.0795831221651765
TIMM8A:O60220:OID31143:v1	0	0.00143223802389268	0.00143223802389268	0.0748	0.0762322380238927	0	0.0187878260040561	TIMM8A	0	-0.000633553271442833	0.0049796841988318	0.0234267336620201	0.0274765888735343	0.0437272494578441
VPS37A:Q8NEZ2:OID21355:v1	0	0.00281976554281284	0.00281976554281284	0.0734	0.0762197655428128	0	0.0369952009525531	VPS37A	0	0.00282266067804292	0.00520961546332284	0.0443804572486309	0.0519922208003054	0.0699850487038173
OPHN1:O60890:OID31087:v1	0.00397096977679849	0.0019435439301486	0.00591451370694709	0.0703	0.0762145137069471	0.0521025403647826	0.0255009687212823	OPHN1	0.000103525521729193	0.00183074847184053	0.00290248016385499	0.0403675806656413	0.0450147000941797	0.0598915050773147
PCDH7:O60245:OID31456:v1	0.00723297066653728	0.00976826426357633	0.0170012349301136	0.0592	0.0762012349301136	0.0949193365851728	0.128190366895432	PCDH7	0.00453843199892899	0.00249495844516949	0.0050387445884205	0.0175998990010954	0.0290709051085223	0.037334184773664
PAK4:O96013:OID20819:v1	0	0.00159767067732554	0.00159767067732554	0.0746	0.0761976706773255	0	0.0209674477332936	PAK4	0	0.000809744261597887	0.00223808283592333	0.0140630000615712	0.0170400662318759	0.0337634452185951
BLNK:Q8WV28:OID30541:v1	0.001666313074889	0.0106754295640014	0.0123417426388904	0.0638	0.0761417426388904	0.0218843569524229	0.140204691855172	BLNK	0.00158786642737508	0.00224182970290708	0.00694105266825739	0.0177301905795144	0.028121785316106	0.0430772812177531
S100A12:P80511:OID21374:v1	0.02920140182586	0.0161339651262657	0.0453353669521257	0.0308	0.0761353669521257	0.383545821014063	0.211911569775592	S100A12	0.00417847954085988	0.00268530928894198	0.0409336593136315	0.0801321457269908	0.127779323590707	0.147020110486948
SUGP1:Q8IWZ8:OID31524:v1	0.0296165358969306	0	0.0296165358969306	0.0465	0.0761165358969306	0.389094636900375	0	SUGP1	0.0134391570159246	0.00178237661108572	0.0149469771232137	0.0284415922577016	0.0584848749844694	0.0791768299195188
POF1B:Q8WVV4:OID30504:v1	0.00817249548688977	0.00533649507544824	0.013508990562338	0.0623	0.075808990562338	0.107803776653238	0.0703939603451126	POF1B	0	0.0099768146819458	0.00377858209282739	0.0167298930984995	0.0304164074619729	0.0495935653826013
VSTM2L:Q96N03:OID20067:v1	0.0183995584832944	0.0159844389932243	0.0343839974765187	0.0414	0.0757839974765187	0.242789495090905	0.210921032480202	VSTM2L	0.0086768377059656	-8.60311584021393e-05	0.00740192997967704	0.0129279540423657	0.0287395975237233	0.032026813797213
SEPTIN8:Q92599:OID31079:v1	0.0076017318019706	0.00435495091270991	0.0119566827146805	0.0637	0.0756566827146805	0.100476673430667	0.0575620124547818	SEPTIN8	0.000126750199720239	0.00801511423749737	0.0102570365589869	0.116273815837799	0.13456122732897	0.159220216876765
TSPYL1:Q9H0U9:OID30512:v1	0.00812975865345652	0.00142469764128126	0.00955445629473779	0.0661	0.0756544562947378	0.107459085050909	0.0188316420612537	TSPYL1	0.000245432021411603	0.00150032554819544	0.00625962659884915	0.0153771992531572	0.0232545236268796	0.039769975389113
UXS1:Q8NBZ7:OID21189:v1	0.00750783061946291	0.0418779323502125	0.0493857629696755	0.0262	0.0755857629696755	0.0993286344476672	0.554045242184215	UXS1	0.0172203764995104	0.0011018486069006	0.0254489386738746	0.0250217433763078	0.0685712751772485	0.0784797681047147
IRAK1:P51617:OID20485:v1	0	0.00168514469086634	0.00168514469086634	0.0739	0.0755851446908663	0	0.0222946545615328	IRAK1	0	0.00415463695582264	0.00315241360491285	0.0434890870867824	0.050771311072405	0.0654745320889588
RABEP1:Q15276:OID30647:v1	0.0024853710643736	0.00456973021584872	0.00705510128022232	0.0685	0.0755551012802223	0.0328948148074839	0.0604820870916483	RABEP1	2.59739132782566e-06	0.00342790032180994	0.00879650563846692	0.0601270508444289	0.0721813142748636	0.0927323451828519
RAB33A:Q14088:OID30122:v1	0.00210641120303147	0	0.00210641120303147	0.0732	0.0753064112030314	0.0279712068253052	0	RAB33A	6.83434040468122e-06	-0.000343395062101893	-0.000928804488732298	0.0174234945113667	0.0159249181114057	0.0323289594573494
DNPEP:Q9ULA0:OID31118:v1	0.00616904167087613	0.0276282009675485	0.0337972426384247	0.0414	0.0751972426384247	0.0820381366978986	0.367409761291313	DNPEP	0.0105269782958963	0.000946757148279583	0.0114758428756706	0.0339132319734353	0.0565463503657825	0.0769190152970816
RILP:Q96NA2:OID21436:v1	0.00384646306065507	0.00643444712988895	0.010280910190544	0.0648	0.075080910190544	0.0512309061103991	0.0857001748321817	RILP	0.00398471629776521	0.00457053147925449	0.0130118089692718	0.0631783400887187	0.0841732983323682	0.102936399822976
PLSCR3:Q9NRY6:OID31146:v1	0.00220550825356485	0.00146817054426381	0.00367367879782867	0.0713	0.0749736787978286	0.0294171006269033	0.0195824797156189	PLSCR3	0	0.00176369292331268	0.00393921587828119	0.0254091976687281	0.030692096535728	0.0487336682785407
NINJ1:Q92982:OID21167:v1	0.0385673138289372	0.00351116680863512	0.0420784806375723	0.0328	0.0748784806375723	0.515065389956443	0.0468915338390733	NINJ1	0.0172106597133586	0.000233154138357097	0.00197202289013558	0.00703738033001701	0.0264121763121606	0.0315064568350804
BECN1:Q14457:OID30220:v1	0	0.0102193050251316	0.0102193050251316	0.0646	0.0748193050251316	0	0.136586473527106	BECN1	0.00121755813379864	0.00459115973015283	0.0121481284799458	0.0590551237736297	0.0766619088109605	0.0953734218634426
OTUD6B:Q8N6M0:OID31487:v1	0	0.00355808513607073	0.00355808513607073	0.0711	0.0746580851360707	0	0.0476584033676435	OTUD6B	0.00381284427711016	0.000823331131589604	0.00461724412143407	0.0325263299734512	0.0413884841874848	0.0553202005106712
IFIT3:O14879:OID31283:v1	0.00481790700905486	0.0243148627524708	0.0291327697615257	0.0455	0.0746327697615257	0.0645548466772644	0.325793385803102	IFIT3	0.0183123676439113	0.000429575040834389	0.0137982012741574	0.00655251087222376	0.039009844552185	0.053075885142066
CERT:Q9Y5P4:OID20857:v1	0.00149710031499283	0.00660211168254755	0.00809921199754038	0.0664	0.0744992119975404	0.0200955187961217	0.0886198861105474	CERT	0.0021579177357147	0.00117502272701963	0.0082133178695598	0.0192441297864666	0.030332713407069	0.0504609506621579
PRL:P01236:OID21033:v1	0	0.00827653240439458	0.00827653240439458	0.0662	0.0744765324043945	0	0.111129400593658	PRL	0.000289550961084884	0.0038536301656559	0.00882234069076903	0.0671261214901593	0.0798983199301596	0.0953683294427813
RAD23B:P54727:OID21166:v1	0.00216569787271886	0.00167289204941749	0.00383858992213635	0.0706	0.0744385899221363	0.0290937519770888	0.0224734516218987	RAD23B	0.000719265997990235	0.00118220990413277	0.00763777696100448	0.009026077478988	0.0178993364179489	0.0318116352222177
PLIN3:O60664:OID20143:v1	0.00194544219187284	0.0017542104375225	0.00369965262939534	0.0705	0.0741996526293953	0.0262190202101044	0.0236417607813374	PLIN3	1.33734817255223e-05	0.00563083421530147	0.00667029929503473	0.0356627299655988	0.047798518251716	0.0668660301456014
DNPH1:O43598:OID20744:v1	0.045269079657652	0	0.045269079657652	0.0289	0.074169079657652	0.610349755809348	0	DNPH1	0.0240699432525754	0.00563571291053086	0.0178888909451068	0.0802438224477044	0.12765994902687	0.145227889731023
ARF6:P62330:OID31523:v1	0	0.00182759434770114	0.00182759434770114	0.072	0.0738275943477011	0	0.0247548950206048	ARF6	0.00270728105906703	0.00134233646655802	0.00744060192684651	0.0214888504044809	0.0324598138507554	0.0502901957971366
MAPRE3:Q9UPY8:OID31177:v1	0	0.0120208189614595	0.0120208189614595	0.0617	0.0737208189614595	0	0.163058673666442	MAPRE3	0.00333731616868945	0.0135843126928065	0.0191300835703381	0.00073787504815355	0.0366664246539476	0.0511668442627832
ABL1:P00519:OID21280:v1	0	0.0032398549045865	0.0032398549045865	0.0703	0.0735398549045865	0	0.0440557696066985	ABL1	0.000541072198255696	0.00438607137368402	0.0079909227297384	0.0472301806448374	0.0599231386151908	0.0775436052213836
TRIM40:Q6P9F5:OID30885:v1	0.0412679806825987	0	0.0412679806825987	0.0321	0.0733679806825987	0.562479439922579	0	TRIM40	0.0259191544617363	0.000371514428861143	0.0173366035274046	0.00742698858281894	0.0508399152043492	0.0659829761890999
NFATC3:Q12968:OID20470:v1	0	0.0120632964900211	0.0120632964900211	0.0613	0.0733632964900212	0	0.164432312439259	NFATC3	0.00898047683981114	0.00823837203331889	0.00985966788115479	0.0260028299438033	0.0529097682722622	0.0690376122779157
ILKAP:Q9H0C8:OID20855:v1	0	0.0015362420514761	0.0015362420514761	0.0716	0.0731362420514761	0	0.0210052090233846	ILKAP	0	0.00114482216220114	0.00404753576837481	0.0198930574731764	0.0247159251876208	0.0398668323208323
PAGR1:Q9BTK6:OID30206:v1	0	0.00312888915098689	0.00312888915098689	0.0699	0.0730288891509869	0	0.042844539843923	PAGR1	0	0.00354588798244806	0.00434380177798533	0.0181448594972776	0.025594790586422	0.0411012915680701
DCTN1:Q14203:OID21399:v1	0	0.00503686612736587	0.00503686612736587	0.0679	0.0729368661273658	0	0.069057890677264	DCTN1	0.000861766910648244	0.0020589553446879	0.00963217854534944	0.0524503189304523	0.0649470061776835	0.0824968174872108
CCDC50:Q8IVM0:OID31001:v1	0.0216218117676022	0.0243761519946206	0.0459979637622228	0.0269	0.0728979637622228	0.296603782214382	0.334387282395572	CCDC50	0.0276056187943067	4.89017742513721e-05	0.00132097969655414	0.00029818224305249	0.0289245457999669	0.0323617079707048
GOLGA3:Q08378:OID31026:v1	0.010540386626739	0.0223747638396261	0.0329151504663652	0.0399	0.0728151504663652	0.144755405423599	0.307281708495013	GOLGA3	0.0152768222907343	0.00228583569541333	0.0138840247718993	0.0314837102244277	0.0628606021187768	0.0813311867957185
PKLR:P30613:OID20682:v1	0.0284059314455425	0.00336263756960618	0.0317685690151487	0.041	0.0727685690151486	0.390359901671682	0.0462100274214017	PKLR	0.0095802062602035	0.00231021161225776	0.0156093888285831	0.0786595670678741	0.105843641329278	0.119548578606286
ENAH:Q8N8S7:OID20497:v1	0.00749442232135677	0.00174055114673352	0.00923497346809029	0.0635	0.0727349734680903	0.103037396784707	0.0239300444303746	ENAH	0.00237595065986159	0.0019878262131466	0.00666741578141438	0.0438940882261096	0.0544976547469216	0.0687482429637749
LYZL2:Q7Z4W2:OID31180:v1	0.0266811271791978	0.00182730652937229	0.0285084337085701	0.044	0.0725084337085701	0.367972742128675	0.0252012963997637	LYZL2	0.0176260808750046	0.00073885538426018	0.00709186186475458	0.148524606007118	0.173024717066769	0.180193076100553
AGR2:O95994:OID20896:v1	0.00721795315903086	0.00708896069952597	0.0143069138585568	0.0582	0.0725069138585568	0.0995484813091247	0.0977694446264089	AGR2	0.00224972066482152	0.0106866814332839	0.00925198140393638	0.0329200804786067	0.0548031089850352	0.0782487363321888
TAB2:Q9NYJ8:OID31319:v1	0	0.00140422148158399	0.00140422148158399	0.0711	0.0725042214815839	0	0.0193674444451577	TAB2	0	0.00125213688869158	0.00171931855725207	0.043047794917446	0.0459537370458156	0.0655042482338117
LTB:Q06643:OID31383:v1	0.0321067499512615	0.00411943811894112	0.0362261880702026	0.0362	0.0724261880702026	0.443303048341305	0.0568777431023727	LTB	0.0188497057158102	0.000365180206982535	0.0104818794586991	0.0172275299204318	0.0465525622093639	0.0529359970386516
TYRP1:P17643:OID30517:v1	0.00314752396490595	0.00818163084290559	0.0113291548078115	0.0607	0.0720291548078115	0.0436979161188852	0.113587766852684	TYRP1	0.004168528478511	0.00131572201790017	0.0176678055520633	0.0212815086006752	0.0442420479076528	0.0512006741080825
BNIP3L:O60238:OID30525:v1	0.0014331244615184	0.00282701444605617	0.00426013890757458	0.0676	0.0718601389075745	0.019943246468834	0.0393405090643122	BNIP3L	0.000985606035163637	0.00240161664920961	0.00186676154816339	0.046351993183409	0.0515782677194345	0.0711404870315423
PARP1:P09874:OID20500:v1	0.0067503980625887	0.00869439925943299	0.0154447973220216	0.0564	0.0718447973220217	0.0939580639685316	0.121016407360202	PARP1	0.000612162175323959	0.00430241151697048	0.0110381268788807	0.0612409700408059	0.0766155579834487	0.0941166667296987
BAX:Q07812:OID20856:v1	0	0.00312690156722719	0.00312690156722719	0.0687	0.0718269015672272	0	0.0435338501174318	BAX	0.000121160662813726	0.00334484720827556	0.00411610100060638	0.0139082481722363	0.0212170537305897	0.0334437608128646
XIAP:P98170:OID30490:v1	0	0.00528432603014199	0.00528432603014199	0.0665	0.071784326030142	0	0.0736139255235624	XIAP	0	0.000207130850930365	0.00787491406079744	0.0323142912211003	0.0401517133959983	0.0539759367307241
MCEE:Q96PE7:OID31033:v1	0.0190642616447623	0	0.0190642616447623	0.0527	0.0717642616447623	0.265651191941912	0	MCEE	0.0113324488956877	-4.93101261456686e-06	0.000317821215753209	-7.82311436207996e-05	0.0112154440846703	0.012061915027575
TXNDC9:O14530:OID31121:v1	0.00290138663016869	0.00253244353302419	0.00543383016319288	0.0663	0.0717338301631928	0.0404465595043245	0.0353033363374427	TXNDC9	0.000729378649481853	0.00149495958936828	0.0101803328718355	0.00882011390766853	0.0204692747479537	0.0360114834178636
ALDH5A1:P51649:OID31047:v1	0.0157878591155611	0	0.0157878591155611	0.0559	0.0716878591155611	0.220230584513774	0	ALDH5A1	0.0088715779282575	0.00208635949277986	0.00642669683785018	0.00347559129934565	0.0205492899130912	0.0313201836993008
MMP13:P45452:OID20807:v1	0.0113136182354788	0	0.0113136182354788	0.0602	0.0715136182354788	0.158202290901091	0	MMP13	0.00275385284539659	0.000228387586345643	0.00917455494848644	0.0305582926090356	0.0422932562884318	0.0568995452711891
RNASEH2A:O75792:OID31027:v1	0.00589276242290002	0.0110423613931382	0.0169351238160383	0.0544	0.0713351238160383	0.0826067455647305	0.154795573378617	RNASEH2A	0.00127325285164062	0.00032276924663275	0.0123779636746924	0.00775683505856274	0.0213525031062805	0.039086715987538
PSRC1:Q6PGN9:OID21169:v1	0.0221159923466789	0.00638586651090999	0.0285018588575889	0.0428	0.0713018588575889	0.310174134321675	0.089561010234873	PSRC1	0.0167687433365881	0.00380600717969543	0.0225851823748941	0.0164539787879339	0.0595219693744666	0.0769402664867837
CHAC2:Q8WUX2:OID21230:v1	0.0197826674378474	0	0.0197826674378474	0.0514	0.0711826674378474	0.277914106760898	0	CHAC2	0.00213020973859599	0.0026191779484006	0.0154963733521927	0.0334785940600992	0.0535467743884004	0.0697351187861054
RAB2B:Q8WUD1:OID31362:v1	0.0136430594711043	0.00371134854421957	0.0173544080153238	0.0537	0.0710544080153238	0.192008629051725	0.0522324884251962	RAB2B	0.00533163668439911	0.00104897472733446	0.0132554421818299	0.0174652402274823	0.036968454143133	0.0554134585804855
VAMP5:O95183:OID20071:v1	0.00574253726263818	0.00180038528836556	0.00754292255100374	0.0635	0.0710429225510037	0.0808319401347185	0.0253422188124794	VAMP5	0.00522727173836599	0.00204493850661592	0.00279702662808702	0.00771734210813487	0.0176343178319465	0.022621494792802
FKBPL:Q9UIM3:OID31499:v1	0.00577822623805288	0.0015890214446956	0.00736724768274849	0.0636	0.0709672476827485	0.0814210276814429	0.0223909126615584	FKBPL	0.0012158586728032	0.00136618887268992	0.0083613649001314	0.0298936281025435	0.0407152650460005	0.0604504244346874
GRSF1:Q12849:OID31224:v1	0	0.00141563800678385	0.00141563800678385	0.0694	0.0708156380067838	0	0.0199904716899993	GRSF1	0.00122776920196711	0.005429845581454	0.00475074424380181	0.00783390442224988	0.0187425633331761	0.035251445566696
RPE:Q96AT9:OID31324:v1	0.00171911316785376	0.0015992840624126	0.00331839723026637	0.0674	0.0707183972302663	0.0243092778567387	0.0226148233705745	RPE	0.00159871744802293	0.00238548025660643	0.00187443762210684	0.0176951601551587	0.0234388382398688	0.0427583196263501
RGS10:O43665:OID30999:v1	0	0.00290544903566937	0.00290544903566937	0.0678	0.0707054490356693	0	0.0410922931018179	RGS10	0.00100065638159437	3.6541365627899e-05	0.00738000166537754	0.0114929950309574	0.0198682981196978	0.0365697664778345
BAG4:O95429:OID30474:v1	0	0.00422288867099833	0.00422288867099833	0.0664	0.0706228886709983	0	0.0597949014896708	BAG4	0.00018678698433229	0.00295974241715126	0.00237368304701405	0.0400470022056516	0.0446610501610478	0.0652092138330187
LPP:Q93052:OID30190:v1	0	0.00179970742154452	0.00179970742154452	0.0688	0.0705997074215445	0	0.025491712179466	LPP	0.00140791519789658	0.000229623930288925	0.0014476124814046	0.0179576339975602	0.0208415909622261	0.0387955351340376
ALDH1A1:P00352:OID21128:v1	0.00589833960277426	0.00556023861635326	0.0114585782191275	0.0591	0.0705585782191275	0.0835949327728275	0.0788031555721733	ALDH1A1	0.00787573727571074	0.0149794905830015	0.00266227809526964	0.149678931966251	0.17480921626836	0.191508085969786
STX8:Q9UNK0:OID20531:v1	0.00507829391383152	0.00293256278033938	0.0080108566941709	0.0624	0.0704108566941709	0.0721237342117432	0.0416492983898342	STX8	0	0.00267917903348065	0.00565251641127343	0.0358765280944591	0.0440792776732627	0.0605181378400796
IGBP1:P78318:OID31059:v1	0.0021046842287974	0.00290511870676461	0.00500980293556201	0.0654	0.070409802935562	0.0298919204577745	0.0412601454008234	IGBP1	0	0.00115731808676598	0.00684085040176071	0.0496210977651649	0.0573556610935257	0.0763819967470386
REEP4:Q9H6H4:OID31028:v1	0.0150550159001676	0.0180800747158177	0.0331350906159853	0.0371	0.0702350906159853	0.214351768726004	0.257422245166189	REEP4	0.00430254713011754	0.000781845498875472	0.0150472849768276	0.0283786571068058	0.0479446072444937	0.0657779531584516
ATP6V1G1:O75348:OID30242:v1	0	0.00121356678155154	0.00121356678155154	0.0689	0.0701135667815515	0	0.0173085871573554	ATP6V1G1	0.000717005806304776	0.00201879589448271	0.00501125259101786	0.0283845224601587	0.0353636291727367	0.054534614534233
SF3B4:Q15427:OID21278:v1	0.00165581933452711	0.00651145512058181	0.00816727445510892	0.0616	0.0697672744551089	0.023733467409459	0.0933310806740995	SF3B4	0.00562847319418771	0.00288841116171305	0.00929553867929482	0.0110808027862294	0.0287964784781485	0.0466665418972859
S100A16:Q96FQ6:OID20878:v1	0.00517022859631403	0.00641763417554672	0.0115878627718607	0.058	0.0695878627718607	0.0742978500900981	0.0922234700120984	S100A16	0.00591477385664714	0.000114282690933263	0.00458651316587359	0.00339838507510064	0.0132445022080419	0.018987615501199
ARFIP1:P53367:OID31024:v1	0.0128213654632601	0.00168467840224004	0.0145060438655001	0.0549	0.0694060438655002	0.18472981240807	0.0242727910771679	ARFIP1	0.00454275635607195	0.00027049354334027	0.011625303680802	0.0153523023069725	0.0313900360766296	0.0477514213317182
NAPRT:Q6XQN6:OID31114:v1	0.0693290718825637	0	0.0693290718825637	0	0.0693290718825637	0	0	NAPRT	0.0237962701837424	0.000998027671413709	0.0276346346847633	0.0407086441511475	0.0927652749550001	0.113249412357436
AKT1S1:Q96B36:OID20895:v1	0	0.00562935199063314	0.00562935199063314	0.0635	0.0691293519906331	0	0.0814321533260706	AKT1S1	0.00131344125440302	0.00510180832277508	0.00610393220998416	0.0434141154158295	0.0558060243912012	0.0715309765698956
WASL:O00401:OID30467:v1	0	0.00771994737600612	0.00771994737600612	0.0613	0.0690199473760061	0	0.111850960041297	WASL	0.000223998627895106	0.012576386091153	0.00959380789351819	0.00267221839661591	0.0249939314487074	0.034804819605732
ZNRF4:Q8WWF5:OID31347:v1	0	0.0192189413141513	0.0192189413141513	0.0497	0.0689189413141513	0	0.278862979431824	ZNRF4	0.0167663279871088	-0.000263107926549732	0.00396057268498523	0.00239901220955924	0.0227293262861115	0.027620974439009
ACTN2:P35609:OID30192:v1	0	0.00431762373072344	0.00431762373072344	0.0646	0.0689176237307234	0	0.0626490510989375	ACTN2	0.00389096844678634	0.0108724400876972	0.00224465641950056	0.0552902223644432	0.072180326526925	0.080236557876255
PRKAB1:Q9Y478:OID20444:v1	0.0187280283759514	0.00134630326169078	0.0200743316376422	0.0487	0.0687743316376422	0.272311310484638	0.0195756647812178	PRKAB1	0.00562455348011295	0.0013440047873302	0.0103901283773347	0.0254493764143568	0.0426388056382224	0.0606868476986907
NFKBIE:O00221:OID21212:v1	0.0234267148793003	0.00164668695365827	0.0250734018329586	0.0436	0.0686734018329586	0.341132290727107	0.023978526033466	NFKBIE	0.00907435978899787	0.00250773651370464	0.0101521556159599	0.0398520504373793	0.061476851393176	0.0800595102411079
PPP1R9B:Q96SB3:OID20643:v1	0	0.00352981745397169	0.00352981745397169	0.0651	0.0686298174539717	0	0.0514327093517195	PPP1R9B	0	0.00262507661485332	0.00607300903693197	0.046433706005398	0.0548700063293566	0.0713570115753222
C5:P01031:OID30744:v1	0.0160887772159626	0.00199976077038557	0.0180885379863482	0.0502	0.0682885379863482	0.235599965827047	0.0292839886363557	C5	0.0169155577201904	0.00370435820628303	0.00309512269967868	0.0259410714427643	0.0494221892612577	0.0537805443677782
STIP1:P31948:OID21077:v1	0	0.00480400176679149	0.00480400176679149	0.063	0.0678040017667915	0	0.0708513014219222	STIP1	0	0.00544095547239129	0.00931857973546155	0.0547596812689122	0.0691530798699644	0.0848449775480019
TRIM24:O15164:OID31271:v1	0	0.00578999266019423	0.00578999266019423	0.062	0.0677899926601942	0	0.0854107285306445	TRIM24	0.000670168052738584	0.00141508315753835	0.00604651407357461	0.0261508092837725	0.034036918073732	0.0518104285333914
BRDT:Q58F21:OID30179:v1	0	0.0279150400514654	0.0279150400514654	0.0397	0.0676150400514654	0	0.412852525565581	BRDT	0.0235666524640835	-1.18830270403189e-05	0.0100615406829476	0.00216802083019615	0.0355976005004043	0.0419759922520892
ARHGAP1:Q07960:OID21202:v1	0	0.0157078832484582	0.0157078832484582	0.0519	0.0676078832484582	0	0.232338042454782	ARHGAP1	0.00973113426496365	0.000555803660491779	0.0103573043271658	0.0210846825410843	0.0413469992046067	0.0588239281833207
AKR1B1:P15121:OID21244:v1	0.0124138046338815	0.00401241376807617	0.0164262184019577	0.0507	0.0671262184019577	0.184932280253694	0.0597741666907182	AKR1B1	0.00782393381313871	0.00181671622217509	0.00753130896548719	0.0111384836178855	0.0277579320751395	0.0443271245409418
AARSD1:Q9BTE6:OID21311:v1	0.01126726757134	0.00349750551879443	0.0147647730901344	0.0523	0.0670647730901344	0.168005751040071	0.0521511571222916	AARSD1	0.00181799989173248	0.00258536862861969	0.0140873599042395	0.112138148448131	0.130336346777904	0.146099673167886
PTGES2:Q9H7Z7:OID30561:v1	0.00346343393829287	0	0.00346343393829287	0.0636	0.0670634339382928	0.0516441484562166	0	PTGES2	0	0.00106167652144527	0.00670784245925934	0.0198842274168398	0.0272968297735255	0.0405468343981721
LSP1:P33241:OID20530:v1	0.0203380930775392	0.00134048183359657	0.0216785749111357	0.0453	0.0669785749111357	0.303650728677385	0.0200135914413685	LSP1	0.00830604578565709	0.00929028889279118	0.0185113393444481	0.115126371944442	0.151045437570109	0.169967641333215
PEBP1:P30086:OID21087:v1	0.00793818782273224	0.00169626418135183	0.00963445200408408	0.0571	0.066734452004084	0.118951869451875	0.0254181180846143	PEBP1	0.000174722391743853	0.00607008852307483	0.013083065646627	0.0741089022545729	0.0933112128632873	0.114594033729388
CORO1A:P31146:OID20286:v1	0	0.00553299390562388	0.00553299390562388	0.0612	0.0667329939056238	0	0.0829124183076341	CORO1A	0.00234482911625606	0.00406858002551538	0.00661099075911702	0.0336408499116466	0.0462766420695856	0.0603771694663796
HGS:O14964:OID21175:v1	0	0.00617320054562145	0.00617320054562145	0.0605	0.0666732005456214	0	0.0925889337110405	HGS	0.00117132953009707	0.00213082903757596	0.0059024430467615	0.0192637679457343	0.0280476445039266	0.0434608840400649
CAMSAP1:Q5T5Y3:OID31070:v1	0	0.00282615112082325	0.00282615112082325	0.0635	0.0663261511208232	0	0.0426099068476774	CAMSAP1	0.000146935135819834	0.00113184784494152	0.00468621457814306	0.0503518623237297	0.0560971711696081	0.0691754529301486
PAFAH1B3:Q15102:OID30998:v1	0	0.0157068748403252	0.0157068748403252	0.0506	0.0663068748403252	0	0.236881543250971	PAFAH1B3	0.0110751409687228	0.0124766447189824	0.00844132876509876	0.00198686482820839	0.0338919782221353	0.0446699843930084
BIRC2:Q13490:OID21217:v1	0.00199990053214547	0.00274216733233339	0.00474206786447886	0.0615	0.0662420678644788	0.0301907925977939	0.0413961613931414	BIRC2	0.00085786077696982	0.000499044346084504	0.00385230995802705	0.0183573368497085	0.0232185460647748	0.0402514961836519
AIF1:P55008:OID21234:v1	0.0145093911988729	0	0.0145093911988729	0.0517	0.0662093911988729	0.21914400564855	0	AIF1	0.00423141710048544	0.00144682881923298	0.0164088945727057	0.0222172555150332	0.0442326678451729	0.0616648079829485
HDGFL2:Q7Z4V5:OID31136:v1	0	0.00833682074484953	0.00833682074484953	0.0578	0.0661368207448495	0	0.126054150334989	HDGFL2	1.37318899339098e-05	0.00591045918817615	0.0132555879341463	0.0517504159567796	0.0708187484948266	0.091817070713082
MRPL58:Q14197:OID31036:v1	0	0.0100680120696204	0.0100680120696204	0.056	0.0660680120696204	0	0.152388603111156	MRPL58	0.000674813518790215	0.000583195199933777	0.00741589323454538	0.00368223907988474	0.0122694821900962	0.0160622934726055
CSDE1:O75534:OID30183:v1	0	0.00848411699487388	0.00848411699487388	0.0574	0.0658841169948738	0	0.128773327804241	CSDE1	0.00647217937486456	0.00696154651776052	0.00946315332201501	0.00685536198091227	0.0294025842366186	0.049893502917517
NEXN:Q0ZGT2:OID30678:v1	0.00307392061702423	0.00420222900173356	0.00727614961875779	0.0586	0.0658761496187577	0.0466621172429445	0.0637898393584468	NEXN	0.00138727418052841	0.000605139415803684	0.00496676011759672	0.0216694233265721	0.0276921700230227	0.0467059144949179
DBN1:Q16643:OID30549:v1	0	0.00337219618987408	0.00337219618987408	0.0625	0.065872196189874	0	0.0511930129087218	DBN1	0.0004845251659369	0.0027959573801399	0.00189528356468706	0.0260844308272031	0.0309794802800537	0.0462453339108886
FOXJ3:Q9UPW0:OID30445:v1	0.00365630587109936	0.00185382006452571	0.00551012593562508	0.0602	0.065710125935625	0.0556429594227437	0.0282120911827481	FOXJ3	0.000370813925119168	0.00217105895695055	0.00356429335427324	0.0208840322278774	0.0265610777891121	0.042925297230588
LRRC59:Q96AG4:OID30361:v1	0	0.0112058265346643	0.0112058265346643	0.0545	0.0657058265346643	0	0.170545401004164	LRRC59	0.00337859206103861	0.00166557558658509	0.00993736097896823	0.0135299406540472	0.0283874795817835	0.0435626561007652
CSNK1D:P48730:OID30492:v1	0	0.00377151790138433	0.00377151790138433	0.0617	0.0654715179013843	0	0.0576054752093137	CSNK1D	0.00033329271245869	0.00920786178315885	0.00788601185945728	0.00496762923060559	0.0222089483119229	0.0373417966309611
UNC79:Q9P2D8:OID31181:v1	0	0.00955368747279936	0.00955368747279936	0.0558	0.0653536874727993	0	0.146184367588679	UNC79	0.00244002393912002	0.00172619852752149	0.0052810799081444	0.0113177469366407	0.0203807992818666	0.0348464642158337
CEP85:Q6P2H3:OID21241:v1	0.00598006349097941	0.0104384320766652	0.0164184955676446	0.0485	0.0649184955676446	0.0921164829635989	0.160792883220598	CEP85	0	0.00370299747532577	0.015004908816179	0.0511551853762965	0.069795942815075	0.0871419367360842
PLIN1:O60240:OID20835:v1	0.00330055404245289	0	0.00330055404245289	0.0616	0.0649005540424529	0.0508555603438136	0	PLIN1	4.5675615486429e-07	0.00764615953346083	0.000454638447383814	0.140517846874821	0.148441109572138	0.163985993952375
NAP1L4:Q99733:OID31475:v1	0.0291972027461226	0.00849404156006034	0.0376912443061829	0.0272	0.064891244306183	0.449940559135505	0.13089657396585	NAP1L4	0.00749745620595299	0.000276583718118916	0.0294867088837166	0.066735975155587	0.103861479317847	0.124693777663767
VTA1:Q9NP79:OID21016:v1	0	0.00735619885424712	0.00735619885424712	0.0574	0.0647561988542471	0	0.113598373351166	VTA1	0.000951005760740912	0.00161881552535663	0.0107998623138456	0.0186944548688854	0.0315328706471731	0.0450565289683066
SLC27A4:Q6P1M0:OID20814:v1	0.00157162992652382	0.00702683713783015	0.00859846706435398	0.0559	0.0644984670643539	0.0243669345653706	0.108945800693512	SLC27A4	0	0.00133194852396663	0.00872204097403583	0.0195625455239137	0.0292542137624942	0.0418183100570631
RAPGEF2:Q9Y4G8:OID31337:v1	0	0.00167167141014417	0.00167167141014417	0.0628	0.0644716714101441	0	0.0259287741977346	RAPGEF2	0	0.000663999317027687	0.0028404372756104	0.0209147679013414	0.0239997664804217	0.0382157774012363
INSL4:Q14641:OID31370:v1	0.0179727773782912	0.0115577285593555	0.0295305059376468	0.0348	0.0643305059376468	0.279381875151294	0.179661707783832	INSL4	0.0164906377730889	-0.000276321937461755	0.00595924094543224	0.0130873180602211	0.0352394842395476	0.0403539289984689
MDH1:P40925:OID30669:v1	0.00452386204119604	0	0.00452386204119604	0.0598	0.064323862041196	0.0703294531397811	0	MDH1	0.00022934001867788	0.00317599769899828	0.00598144298390232	0.0537202106331264	0.0628920871048353	0.082825981641102
SMTN:P53814:OID31154:v1	0	0.00852316529792933	0.00852316529792933	0.0554	0.0639231652979293	0	0.133334531514593	SMTN	0.00328471492731034	0.00134329421482552	0.00723899797650613	0.0461641548922471	0.057992540085592	0.0746752321509323
ATXN2L:Q8WWM7:OID30980:v1	0	0.00268534390701336	0.00268534390701336	0.0611	0.0637853439070133	0	0.0420997010054233	ATXN2L	0	0.000906163782670824	0.00351132407832499	0.0134823924061449	0.0177148714387577	0.0338988976189583
PPIF:P30405:OID30385:v1	0	0.0017563321542602	0.0017563321542602	0.062	0.0637563321542602	0	0.0275475720593636	PPIF	0.000339571428000516	-0.000616911342183093	0.00713993362427547	0.00262950186009797	0.00886240023984396	0.0243817712339433
NCF2:P19878:OID20567:v1	0.0202030309046223	0.0139634969361641	0.0341665278407864	0.0294	0.0635665278407864	0.317824987314461	0.219667447797969	NCF2	0.00112355704104235	0.0062203634237257	0.0299438066648619	0.12514408982937	0.162345511893088	0.1782550377682
TSC22D1:Q15714:OID31016:v1	0.00177514051827375	0.00395507927148163	0.00573021978975539	0.0578	0.0635302197897554	0.0279416712888503	0.062255085604464	TSC22D1	0.00245019611915594	0.000996653016919768	0.00464231614879751	0.0219599682080062	0.0298714624065657	0.0488266564320599
PDIA5:Q14554:OID31209:v1	0.032505389485196	0.0280868413432709	0.060592230828467	0.0028	0.063392230828467	0.512766139641817	0.443064409884409	PDIA5	0.0392686650163807	-1.23232112390465e-05	0.0122813882701116	2.45179526651104e-05	0.0513337684807786	0.0554489557602224
DDT:P30046:OID30372:v1	0.0241031044361022	0	0.0241031044361022	0.0392	0.0633031044361022	0.380757067932296	0	DDT	0.00311409701700851	0.0132781665626036	0.0147499690567101	0.108230974432977	0.139318429410845	0.157939846281899
ARHGAP25:P42331:OID21255:v1	0.00719718371723022	0.00192387501467249	0.00912105873190271	0.0541	0.0632210587319027	0.11384155630406	0.0304309205391661	ARHGAP25	0.000279106514677582	0.000221604684087442	0.00893550004157262	0.0298419415948351	0.0392132117484556	0.0579698365775283
CNTNAP4:Q9C0A0:OID30911:v1	0	0.00617074391772295	0.00617074391772295	0.057	0.0631707439177229	0	0.0976835720940704	CNTNAP4	0.00523639397623744	0.00591733643587094	0.00196092162665711	2.7109581848382e-05	0.0130852534775287	0.0175896483562913
PRDX1:Q06830:OID20962:v1	0.00342257172199664	0.00165903970790184	0.00508161142989849	0.058	0.0630816114298985	0.0542562506634773	0.0262998942210839	PRDX1	0	-0.000150032412522846	0.00427640641303959	0.0358063225434507	0.039563764588767	0.0543739084861379
CALB2:P22676:OID20801:v1	0.00191885589655784	0	0.00191885589655784	0.0611	0.0630188558965578	0.0304489167449746	0	CALB2	0.000134119408917152	0.0117519608645354	0.00179237617262999	0.132426690174396	0.145731495636992	0.155621269344907
GRK5:P34947:OID20066:v1	0.0366969590193084	0	0.0366969590193084	0.0262	0.0628969590193084	0.583445679910264	0	GRK5	0.0160510056032507	0.00017957630614006	0.00792648730855795	0.00248287994237036	0.0265353427801476	0.0331914062003518
CXCL14:O95715:OID20458:v1	0.00361404717396765	0.00433203034433288	0.00794607751830053	0.0547	0.0626460775183005	0.0576899195789536	0.0691508633252797	CXCL14	3.86291950326446e-05	0.0156562576750179	0.00417472118277811	0.118171107651921	0.137909547388828	0.148549901851982
DLG4:P78352:OID31071:v1	0	0.00334508207376192	0.00334508207376192	0.0589	0.0622450820737619	0	0.0537405038649948	DLG4	0.00122230607079839	0.000702274371450368	0.00306899111684138	0.0248953963288971	0.0293271565151809	0.0452479946524486
PAFAH2:Q99487:OID31286:v1	0.00391656240726576	0	0.00391656240726576	0.0582	0.0621165624072657	0.063051821534922	0	PAFAH2	0.000982448594338503	5.99817893343519e-05	0.00502292840927844	0.00418803966934741	0.00994738186320497	0.0251580822823114
INSR:P06213:OID30566:v1	0	0.0207932190872593	0.0207932190872593	0.0411	0.0618932190872593	0	0.335953104296357	INSR	0.0199121784269959	6.52308839765706e-05	0.00430712166998404	0.00866455671058737	0.0323550052390706	0.0388642157336701
PGR:P06401:OID30460:v1	0	0.0177793274455667	0.0177793274455667	0.0437	0.0614793274455667	0	0.289191963937933	PGR	0.000244755328998332	0.0087653357383773	0.0111966828095255	0.00115778554760456	0.0212844915099429	0.0307367916428333
TEX101:Q9BY14:OID30971:v1	0.0279997778507326	0	0.0279997778507326	0.0334	0.0613997778507326	0.456024090491045	0	TEX101	0.00832021368349051	0.00085785657176997	0.0322046845284454	0.531688715947127	0.572737681538126	0.580435832520049
DNAJC9:Q8WXX5:OID31472:v1	0	0.00131372871568845	0.00131372871568845	0.06	0.0613137287156884	0	0.0214263386554128	DNAJC9	0	0.00295857765246408	0.00672880512507156	0.0692221894592587	0.0788168460283485	0.0956245648815179
IL17C:Q9P0M4:OID20477:v1	0.0107872051170394	0.00482433854134613	0.0156115436583855	0.0457	0.0613115436583855	0.175940850178937	0.0786856479788911	IL17C	0.006349719631505	0.00943946427457372	0.00730576775095153	0.0413454007984946	0.0643040444131165	0.0864608773469364
CRACR2A:Q9BSW2:OID21249:v1	0.0228766844893861	0.00418358934730139	0.0270602738366875	0.0341	0.0611602738366875	0.374044834241133	0.0684037052952473	CRACR2A	0.0012289584870349	0.0038393139435646	0.0228729396505192	0.0489348043077399	0.0766954078051786	0.0941760112474147
NMT1:P30419:OID31021:v1	0	0.00139591451349602	0.00139591451349602	0.0594	0.060795914513496	0	0.0229606631410429	NMT1	0.000333349551528255	-4.33938718152985e-05	0.00485528152393747	0.00214543331553734	0.00714565011151977	0.0183405837132994
BAG6:P46379:OID20114:v1	0	0.00138255402437745	0.00138255402437745	0.0594	0.0607825540243774	0	0.0227459021189364	BAG6	0	0.000689294006665569	0.00123994784871969	0.0483198548049281	0.0501130885593223	0.0670976825119833
SPTLC1:O15269:OID31086:v1	0.0162884990249944	0.00304109000090708	0.0193295890259015	0.0413	0.0606295890259015	0.268655936592871	0.0501585125310333	SPTLC1	0.00333888810360873	0.000246884087048399	0.00981214117533492	0.00613991136391448	0.0194181886663442	0.0285562330639239
SRP14:P37108:OID21324:v1	0	0.011342856373721	0.011342856373721	0.0489	0.060242856373721	0	0.188285500663428	SRP14	0.00344526859346801	0.00466576634971714	0.00815620469646127	0.0873642295464973	0.103264433004703	0.121902101026179
IMPACT:Q9P2X3:OID31112:v1	0	0.0021406788391864	0.0021406788391864	0.0581	0.0602406788391864	0	0.0355354368582231	IMPACT	0	0.00296648588643806	0.0064365444339145	0.0670173625006431	0.076175316466344	0.0936325786793755
AMBN:Q9NP70:OID20437:v1	0.00417621359524682	0	0.00417621359524682	0.056	0.0601762135952468	0.0693997402916804	0	AMBN	0.00355131665163122	0.000506428974884908	0.00168241859201786	0.00699319909813692	0.0125663062077515	0.0167668937094205
DNAJC21:Q5F1R6:OID31104:v1	0.00645876575175554	0.00590774263622363	0.0123665083879791	0.0478	0.0601665083879791	0.107348189629131	0.0981898866081441	DNAJC21	6.47260132177134e-05	0.000307641978667228	0.0103933960591707	0.0239781318303441	0.0342429980118154	0.0517911083485173
SEZ6:Q53EL9:OID30968:v1	0.00337609611755233	0.00288112557845467	0.006257221696007	0.0539	0.060157221696007	0.056121210760244	0.047893261976324	SEZ6	0.0032702994503228	0.00292265404947833	0.000413291213444499	0.0505006031280187	0.0565565017656994	0.0623296470969116
TAX1BP1:Q86VP1:OID31075:v1	0	0.00759149388573561	0.00759149388573561	0.0525	0.0600914938857356	0	0.126332254281627	TAX1BP1	0	0.0022599126598603	0.0092080047249272	0.0557131951701807	0.0670936826027557	0.0824178962550647
BCL2:P10415:OID31454:v1	0	0.00322565098751904	0.00322565098751904	0.0567	0.059925650987519	0	0.0538275502120263	BCL2	0.00295985748264972	-2.15797778535377e-05	0.00192465557861279	0.0286638978573398	0.0333455335182533	0.0371365683550189
MAP3K5:Q99683:OID21253:v1	0	0.00147040932923479	0.00147040932923479	0.0583	0.0597704093292347	0	0.0246009579947044	MAP3K5	0	0.00207287972472553	0.00280145815776407	0.0576585119642533	0.0620248560738245	0.0776641235808065
CHCHD6:Q9BRQ6:OID31426:v1	0.0343129167219859	0.00151612913218976	0.0358290458541757	0.0237	0.0595290458541757	0.576406294265827	0.0254687289277863	CHCHD6	0.0083510485999266	0.00338647950345139	0.0147902623196646	0.0435719886104696	0.0698888050033109	0.0842964524740412
NECAP2:Q9NVZ3:OID30089:v1	0	0.00159192819250507	0.00159192819250507	0.0579	0.059491928192505	0	0.0267587257779556	NECAP2	0	0.00131689824989704	0.00349714823860212	0.0102442561266322	0.0149244816333461	0.0287987836314779
BOLA2_BOLA2B:Q9H3K6:OID30267:v1	0.00838451417290495	0.0015827559544133	0.00996727012731825	0.0495	0.0594672701273182	0.14099376270264	0.0266155811595967	BOLA2_BOLA2B	0	0.00337474363655995	0.00900636472194931	0.0835110425552786	0.0956816839276045	0.11385283567407
GSTP1:P09211:OID20876:v1	0.0298388017235154	0	0.0298388017235154	0.0295	0.0593388017235154	0.502854807593638	0	GSTP1	0.0198679267296902	2.18803591295569e-06	0.00395086862334833	0.000774860046589359	0.0240147627835402	0.0268987843576574
SCT:P09683:OID30951:v1	0	0.00329559876221461	0.00329559876221461	0.0559	0.0591955987622146	0	0.0556730370352844	SCT	0.00581421492579052	0.00510158680572554	0.00434118157406425	0.0152934517299204	0.0301832044150383	0.0402144639591214
GIMAP8:Q8ND71:OID31194:v1	0.036016571044081	0	0.036016571044081	0.0229	0.058916571044081	0.611314786414396	0	GIMAP8	0.00415833876751271	0.00161056334019378	0.0122516184198864	0.015581460321409	0.0328759932276326	0.0367010267373437
PDZD2:O15018:OID30151:v1	0.0272081677691434	0.00511527183237024	0.0323234396015136	0.0263	0.0586234396015136	0.46411756038349	0.0872564262203093	PDZD2	0.00912394933413427	0.00116150445957832	0.0236185176008782	0.0162956016219844	0.0499737688961365	0.0663669409785987
SWAP70:Q9UH65:OID31477:v1	0.0234695633251896	0	0.0234695633251896	0.0351	0.0585695633251896	0.400712622610519	0	SWAP70	0.00916579323305845	0.00224801576948258	0.0100202279611369	0.0274754631530834	0.0481904126703608	0.0657063908133281
CEP170:Q5SW79:OID30240:v1	0.00239082760379842	0.00187791300385889	0.00426874060765732	0.0541	0.0583687406076573	0.0409607536312814	0.032173265763636	CEP170	0	0.00101980449848882	0.00279895722910565	0.0355382202497103	0.0391567885748292	0.0568651780095692
CWC15:Q9P013:OID31479:v1	0.00169672334878304	0.00251537571291143	0.00421209906169448	0.0539	0.0581120990616944	0.0291974197487123	0.0432848882337049	CWC15	0.000256106451747	0.00465750729002226	0.00264431720881643	0.0228655371204755	0.0302196155521402	0.0501413304657209
FKBP7:Q9Y680:OID20846:v1	0.00601338181855205	0	0.00601338181855205	0.052	0.058013381818552	0.103655081466549	0	FKBP7	0.00196751026061358	0.000200142817087801	0.000363526541165624	0.000510446273925027	0.00297268556096326	0.00666493564260268
ANXA1:P04083:OID30617:v1	0	0.0103735366872979	0.0103735366872979	0.0474	0.0577735366872979	0	0.179555161101616	ANXA1	0.000101102305308697	0.00130999630978548	0.0108289671871434	0.0545017361732241	0.0666060418723737	0.084332478582631
LMNB1:P20700:OID31501:v1	0	0.026658369540606	0.026658369540606	0.0311	0.057758369540606	0	0.46154989748913	LMNB1	0.0064871089592386	-0.000139239423655284	0.012602987761052	0.0377279064528964	0.0564156273928519	0.076890659665808
CEP112:Q8N8E3:OID30115:v1	0.0347004909750041	0	0.0347004909750041	0.023	0.0577004909750041	0.601389873615398	0	CEP112	0.0132299687143785	-1.53199420538261e-05	6.36314321237826e-05	0.00130390951021604	0.0144399115716665	0.0153292165190721
IFNG:P01579:OID20495:v1	0	0.00310831426593633	0.00310831426593633	0.0545	0.0576083142659363	0	0.0539560010658786	IFNG	0.000846505071690397	0.00331808310759697	0.00487169309581961	0.0143041246913232	0.0232953924953226	0.0323697454025242
SFTPA1:Q8IWL2:OID21165:v1	0.0337623531304592	0	0.0337623531304592	0.0238	0.0575623531304592	0.586535318560384	0	SFTPA1	0.010548092482236	-0.000216362152573076	0.00474151551580423	0.00578243362475584	0.0206392725761258	0.024408219595462
UBAC1:Q9BSL1:OID21336:v1	0.00832990343410169	0.00383349179765807	0.0121633952317597	0.0453	0.0574633952317597	0.144960168129741	0.0667118916694173	UBAC1	0.00202200558626529	0.000902587540477064	0.00802288645725109	0.1015347114491	0.112325439345598	0.126357965450254
TRAF3:Q13114-2:OID30479:v1	0	0.00636254030482234	0.00636254030482234	0.0508	0.0571625403048223	0	0.111306115349208	TRAF3	0	0.00955401161607968	0.00846845440571012	0.0253034985788687	0.0429377765694125	0.0616732771020564
SLC16A1:P53985:OID20799:v1	0.00374778216050081	0.0157429699501803	0.0194907521106812	0.0376	0.0570907521106812	0.0656460463725373	0.275753416589427	SLC16A1	0.0123053248726749	0.00019011115824888	0.00570598687157874	0.0125375548817196	0.0305611449402089	0.0351501510324803
PCSK7:Q16549:OID31410:v1	0.0542823576894064	0.00275160271435588	0.0570339604037623	0	0.0570339604037623	0	0	PCSK7	0.0355628724463906	-3.88000173701251e-05	0.00612303462666538	0.00701245375177225	0.048451802633852	0.051851166859848
VPS28:Q9UK41:OID31273:v1	0	0.00507547397167872	0.00507547397167872	0.0519	0.0569754739716787	0	0.0890817332068466	VPS28	9.09635347973662e-05	5.37761561728428e-05	0.00730628306377622	0.0190419186023413	0.0260098621821129	0.0407212071546049
IMMT:Q16891:OID31397:v1	0.00667277449296518	0.00168337472061119	0.00835614921357638	0.0485	0.0568561492135763	0.117362406446123	0.0296076105029151	IMMT	-1.4166648904204e-05	0.0111263995506747	0.00639470629243897	0.0753003165486327	0.0926640625643375	0.113538304093266
SNX5:Q9Y5X3:OID30215:v1	0	0.0123317221324596	0.0123317221324596	0.0444	0.0567317221324596	0	0.217369077985452	SNX5	0	0.000227406798586634	0.0136407466735889	0.0074454500305419	0.0208171571137591	0.0379424319464855
SERPINA1:P01009:OID30750:v1	0.0286280757343319	0	0.0286280757343319	0.0281	0.0567280757343319	0.504654447797638	0	SERPINA1	0.0168896811673465	0.001241946513206	0.00677135264703266	0.00218399420071365	0.026555693177816	0.0356481500857378
CASP9:P55211:OID30530:v1	0.0049036948360683	0	0.0049036948360683	0.0517	0.0566036948360683	0.0866320626289511	0	CASP9	4.39891889144882e-05	0.000315955986390265	0.00547209588782359	0.00266970430986895	0.00803660639576134	0.0194982690798503
EIF4G3:O43432:OID31022:v1	0.00270478052536501	0.00159688959360317	0.00430167011896818	0.0523	0.0566016701189681	0.0477862317433385	0.0282127645747333	EIF4G3	0	0.000703395624492212	0.00234985743681868	0.0294026965776169	0.0322150729875249	0.0485705477350024
BAP18:Q8IXM2:OID31150:v1	0.0028091261102384	0.00704385050172884	0.00985297661196724	0.0466	0.0564529766119672	0.0497604604544963	0.124773766140714	BAP18	0.00502263012242573	0.00609132816044072	0.00492690586107955	0.0806687350499716	0.0966107041778576	0.116756658709127
RABGAP1L:Q5R372:OID20447:v1	0.00275808500361395	0.00157685247011965	0.0043349374737336	0.0521	0.0564349374737336	0.0488719422236914	0.0279410687901189	RABGAP1L	0	0.00463142151160805	0.00658109304231028	0.0474691742338887	0.0585436552117722	0.0760446933084701
PPP1R14D:Q9NXH3:OID30997:v1	0.00174196689189568	0.00179139983614937	0.00353336672804506	0.0529	0.056433366728045	0.0308676762152133	0.0317436286369766	PPP1R14D	2.06655456472248e-05	0.00215584478521689	0.00400626372732276	0.0244034087054856	0.0302974477948109	0.0400671628812081
HMBS:P08397:OID21385:v1	0.0219296959363661	0.00156523560905202	0.0234949315454182	0.0328	0.0562949315454182	0.389550095085798	0.0278042013034372	HMBS	0.00495980082337102	0.00452902368116926	0.0182463652224397	0.104084069013918	0.131546013210352	0.146740222540496
IGFBP1:P08833:OID20246:v1	0	0.00522544032613176	0.00522544032613176	0.0509	0.0561254403261317	0	0.0931028833941962	IGFBP1	0	0.0213837341408342	0.00647761368239084	0.225848091747822	0.253398095127388	0.26740805164182
TCOF1:Q13428:OID30316:v1	0.00339671946582355	0.00219581259525838	0.00559253206108194	0.0504	0.0559925320610819	0.0606637946310071	0.0392161689145079	TCOF1	0.000848844456506593	0.00475383765420117	0.00244453662428772	0.0497040288118929	0.057471209506908	0.0795092616241365
AMOTL2:Q9Y2J4:OID31351:v1	0.0018424991202942	0.00165967042955653	0.00350216954985073	0.0522	0.0557021695498507	0.0330776904236244	0.0297954360300312	AMOTL2	0.000339462460617991	0.000899529457127005	0.00252281126303932	0.00991825437307749	0.0135556527143736	0.0284085517807961
ST13:P50502:OID30624:v1	0.00150468646247751	0.00210909657310114	0.00361378303557866	0.0519	0.0555137830355786	0.0271047365212558	0.037992304933523	ST13	5.06215036361224e-06	0.00381161318797293	0.00503785077122984	0.0802153623141547	0.088890081135032	0.110356954664336
BAMBI:Q13145:OID21267:v1	0	0.00179956064859709	0.00179956064859709	0.0537	0.055499560648597	0	0.032424772873271	BAMBI	0.000150555974902628	0.00299966395401311	0.00520903726628378	0.0404461799425051	0.0485103294488574	0.0637187067919721
BTN1A1:Q13410:OID31363:v1	0.0270354467675126	0	0.0270354467675126	0.0284	0.0554354467675126	0.487692412417906	0	BTN1A1	0.0162723156566425	-2.22649397166411e-05	0.00303608259209619	-0.000228458476063972	0.0189201532436398	0.0230962176921175
CSRP3:P50461:OID30176:v1	0	0.00173062985209691	0.00173062985209691	0.0537	0.0554306298520969	0	0.031221544058126	CSRP3	0.000333640265328798	0.00343581186561814	0.00570708394121319	0.0335855867568683	0.0427018464068946	0.0525206369100702
SNX2:O60749:OID31374:v1	0.00499262926147937	0.00448876880284675	0.00948139806432612	0.0457	0.0551813980643261	0.0904766721506287	0.0813456882265668	SNX2	0.00467527883375473	0.00191156853569109	0.00393180185025308	0.0061359639883025	0.0160981643102272	0.028411162308375
CASP1:P29466:OID20854:v1	0	0.0385891345465591	0.0385891345465591	0.0163	0.0548891345465591	0	0.703037766314685	CASP1	0.0177526237589216	0.00219142821786344	0.0275437594071304	0.0291887411709747	0.0763764237117067	0.0896207460885159
PSME1:Q06323:OID20969:v1	0.0046763189834411	0.00137977991626467	0.00605609889970577	0.0487	0.0547560988997057	0.0854027054046801	0.0251986526430955	PSME1	0	0.00363358783340077	0.00547343722075601	0.0850971518980028	0.0938668789650611	0.113916749060461
UNC5D:Q6UXZ4:OID30447:v1	0.00342568221930342	0	0.00342568221930342	0.0511	0.0545256822193034	0.0628269483273085	0	UNC5D	0	0.00661179536367611	0.00252882387230893	0.0234211869909094	0.032304126136005	0.0419665975610872
TSPAN1:O60635:OID20078:v1	0.0025438338457642	0.00345775695931532	0.00600159080507953	0.0483	0.0543015908050795	0.0468463963587277	0.0636768998486114	TSPAN1	0	0.00416997471427247	0.00424708753442437	0.22206935096437	0.229981366089221	0.24556709614671
COL3A1:P02461:OID30379:v1	0.00867763301930319	0.028611295633668	0.0372889286529712	0.0169	0.0541889286529712	0.160136641100163	0.527991535261682	COL3A1	0.0225083520360096	0.00393673216948799	0.0139241124797414	0.022220956430949	0.0624785736408038	0.0740623686153397
FUS:P35637:OID21256:v1	0	0.00381059383314816	0.00381059383314816	0.05	0.0538105938331481	0	0.0708149373887932	FUS	0	0.00299475110019032	0.00776693404458232	0.0541256271414779	0.0647401676326125	0.0808616369289766
TP53:P04637:OID21232:v1	0.0018186707760873	0	0.0018186707760873	0.0517	0.0535186707760873	0.0339819870283457	0	TP53	0.000132638372388627	0.00153192702221907	0.000792516469431882	0.0094377604410118	0.0115100823557903	0.0246528250048272
ITGAL:P20701:OID30537:v1	0.0171007832247206	0.00798007138615802	0.0250808546108787	0.0283	0.0533808546108787	0.32035424215999	0.149493136524864	ITGAL	0.0139121442344929	0.00159651476656405	0.0110264100689199	0.0397145998304283	0.0654252622571369	0.0808556671786944
BCL2L15:Q5TBC7:OID30498:v1	0.022476164914895	0.00524148896649846	0.0277176538813935	0.0255	0.0532176538813935	0.422344152280515	0.0984915452714282	BCL2L15	0.00147812145944192	0.000818272291412029	0.0162843118127691	0.0596528927064155	0.0780867469508165	0.0993877695973644
FARSA:Q9Y285:OID30887:v1	0	0.00165780259463581	0.00165780259463581	0.0515	0.0531578025946358	0	0.0311864395012276	FARSA	0.00166613845993635	0.00120424989416998	0.00314571833435306	0.0143163333655918	0.0201297789535397	0.033928789047489
TDP1:Q9NUW8:OID31403:v1	0.00681412549418526	0.00520186655801752	0.0120159920522027	0.0411	0.0531159920522027	0.128287644284009	0.0979340939900942	TDP1	0	0.00389499416872753	0.0076594006856752	0.0249198577943555	0.0361908507388065	0.0593059926607144
TLR4:O00206:OID30428:v1	0.0178867613643075	0.00208025763610839	0.0199670190004159	0.0328	0.0527670190004159	0.338976157894509	0.0394234443316192	TLR4	0.00499981709177339	0.00031035477780794	0.0121568007927187	-0.000225049692011885	0.0169222789794547	0.0198493593051771
DUSP3:P51452:OID20827:v1	0	0.00417288477173763	0.00417288477173763	0.0484	0.0525728847717376	0	0.0793733269508717	DUSP3	0.0014663276148451	0.000275223405998247	0.00164284275861569	0.00142699696186174	0.00440627715957156	0.0110866633776078
CASC3:O15234:OID30921:v1	0	0.00752632354208684	0.00752632354208684	0.045	0.0525263235420868	0	0.143286699592754	CASC3	0	0.00202545616852915	0.0113115353673248	0.0220325824801891	0.0352078377152591	0.0486278742084533
GIGYF2:Q6Y7W6:OID31062:v1	0	0.00430615401068505	0.00430615401068505	0.048	0.052306154010685	0	0.08232595364984	GIGYF2	0.000206702621575114	0.00286156237324323	0.00656800848814258	0.0392474997385891	0.0487415754511021	0.0658237288909481
AZI2:Q9H6S1:OID31056:v1	0	0.00349121584091079	0.00349121584091079	0.0488	0.0522912158409107	0	0.0667648626020163	AZI2	0	0.000904107304833669	0.00469773908512756	0.0486669368518018	0.0541662063311561	0.0695682496705662
NSFL1C:Q9UNZ2:OID21022:v1	0.00440776480266896	0.00191132897684509	0.00631909377951406	0.0458	0.052119093779514	0.0845710177025657	0.0366723371079863	NSFL1C	0.00133256638281881	0.00538489029788131	0.0141708855879582	0.0830748908771141	0.103689110060791	0.121018388559416
NEDD4L:Q96PU5:OID30521:v1	0	0.00885597660889975	0.00885597660889975	0.0432	0.0520559766088997	0	0.170124108427267	NEDD4L	0.00516952228838352	0.00227704525383734	0.0071648610368828	0.047373465311202	0.0614512239829996	0.0765363345780245
MCTS1:Q9ULC4:OID31444:v1	0	0.0107498876156724	0.0107498876156724	0.0412	0.0519498876156724	0	0.206928024468514	MCTS1	0.00158939165292382	0.00158576852307949	0.00959387175916144	0.0118446001424711	0.0242470437084404	0.0382100730684833
DEFB104A_DEFB104B:Q8WTQ1:OID30849:v1	0.0370758377253558	0	0.0370758377253558	0.0147	0.0517758377253558	0.716083782594191	0	DEFB104A_DEFB104B	0.0270378515398777	0.000879194483397309	0.0179943497240452	0.0891329442839727	0.134744692434458	0.140229242294108
SOD1:P00441:OID20386:v1	0.00180580386254465	0.0051922385079095	0.00699804237045416	0.0445	0.0514980423704541	0.0350654855878695	0.100823997746532	SOD1	0	0.00571703076406162	0.00672099933895612	0.0714263094042588	0.0835803264453136	0.098904611752661
LPCAT2:Q7L5N7:OID21290:v1	0.00761352710213739	0	0.00761352710213739	0.0438	0.0514135271021373	0.148084123600632	0	LPCAT2	0.000450291202745973	0.00130461303288479	0.00222482715018381	0.0279465827149313	0.0316912173075353	0.045521350934598
CA1:P00915:OID20409:v1	0.00514073696582721	0.0117326592574906	0.0168733962233178	0.0345	0.0513733962233178	0.10006613040494	0.228380058941194	CA1	0.000847054816327661	0.00356566442096285	0.014758802134124	0.115809016187428	0.134775093591103	0.150380307853101
SESTD1:Q86VW0:OID20790:v1	0.00490077747292666	0.00340869008355575	0.00830946755648242	0.0429	0.0512094675564824	0.095700613710175	0.0665636696924466	SESTD1	0.000862513568391882	0.000925556228322717	0.00853260400810293	0.0255869063429878	0.0356506180284911	0.0554877628337952
TXNL1:O43396:OID30872:v1	0	0.00784190646115889	0.00784190646115889	0.0433	0.0511419064611588	0	0.153336216887312	TXNL1	0.00558516870726912	0.00747016298986512	0.00689547196990766	0.0011014380264366	0.0209212276030531	0.0293240910282679
SMNDC1:O75940:OID31471:v1	0	0.00868730615733827	0.00868730615733827	0.0424	0.0510873061573382	0	0.170048233324011	SMNDC1	0.00166047342060495	0.00578922823294241	0.00614203747613894	0.0988500203836753	0.112220275936474	0.12829551623439
PXDNL:A1KZ92:OID31405:v1	0.0379620641735201	0	0.0379620641735201	0.0131	0.0510620641735201	0.743449462687538	0	PXDNL	0.0110015075701386	7.73168336262427e-05	0.00154307501002709	0.00132644235241228	0.0138815390248687	0.0165630552030212
VSIG10L:Q86VR7:OID30189:v1	0.0267322568393629	0	0.0267322568393629	0.0239	0.0506322568393629	0.52796889785447	0	VSIG10L	0.0126694510886771	0.00559180311776569	0.0101204928454597	0.00721262687429334	0.0355612378221965	0.0441595835007002
RASSF2:P50749:OID21194:v1	0.00742050476861635	0	0.00742050476861635	0.0431	0.0505205047686163	0.146881049637216	0	RASSF2	0.000924223762722732	0.00438160119058617	0.00766964212477018	0.0671011929576531	0.0796464249179825	0.0945035952867055
CHM:P24386:OID30972:v1	0	0.00171550797971126	0.00171550797971126	0.0487	0.0504155079797112	0	0.0340273865811613	CHM	0.00106355782453175	0.00299296633583363	0.00305970184773168	0.0145515892469493	0.0210994589941911	0.0327724341629816
TTN:Q8WZ42:OID30108:v1	0	0.00208186267034614	0.00208186267034614	0.0482	0.0502818626703461	0	0.0414038494157442	TTN	0.00438350487549208	0.00658844502556278	0.00230928515272453	0.0111990386912844	0.0239137818494184	0.0296690875444568
EIF2AK3:Q9NZJ5:OID30060:v1	0.0109041652311624	0.00405911198607392	0.0149632772172363	0.0352	0.0501632772172363	0.217373461943904	0.0809179984093861	EIF2AK3	0.00467780949378957	-0.00068409200622599	0.00769721167245373	0.0308497175130631	0.0423984803213943	0.0607371766961374
ADAMTS4:O75173:OID30471:v1	0.00824701763331289	0.00129541199559169	0.00954242962890459	0.0406	0.0501424296289045	0.164471839405223	0.0258346475266319	ADAMTS4	0.00830816023046955	0.000486076811571584	0.00415197485604825	0.0442609146806942	0.0567481439231225	0.0605882695230931
PSMD9:O00233:OID21304:v1	0.0179790402801457	0	0.0179790402801457	0.0321	0.0500790402801457	0.359013275405633	0	PSMD9	0.00460228508685326	0.00443295429329987	0.0106306287974469	0.0939069227885489	0.113375350391597	0.128434175336593
KLF4:O43474:OID30808:v1	0	0.00504322132909895	0.00504322132909895	0.0449	0.0499432213290989	0	0.100979095758898	KLF4	4.18843986688056e-06	0.0036418639912503	0.00307408726775832	0.0457887950475301	0.0522585171294619	0.0704393034912545
ATP6AP2:O75787:OID21178:v1	0	0.0015499263047077	0.0015499263047077	0.0482	0.0497499263047077	0	0.0311543437313803	ATP6AP2	0.000140345198577189	0.000863897849177778	-9.92876946935467e-05	0.0124455011825569	0.0132620130190377	0.0208141835918132
FOXO3:O43524:OID21271:v1	0	0.00261308514427301	0.00261308514427301	0.047	0.049613085144273	0	0.0526692733716168	FOXO3	0	0.00161366105173967	0.00871019356232709	0.0174251228081493	0.0276494069392354	0.0402263501240019
LRIG3:Q6UXM1:OID30450:v1	0.00512274034994901	0	0.00512274034994901	0.0443	0.049422740349949	0.103651483379437	0	LRIG3	0.000194384380611329	0.00301163529287627	0.0051924479285603	0.0295422676964908	0.0378068730366181	0.0468805844114584
GIP:P09681:OID30288:v1	0	0.0261985724291743	0.0261985724291743	0.0228	0.0489985724291743	0	0.534680320881663	GIP	0.00745731659153588	0.000339392707865772	0.0277345095437626	0.163852464123009	0.199317335393572	0.217613646876576
TADA3:O75528:OID31422:v1	0	0.00168877811071942	0.00168877811071942	0.0473	0.0489887781107194	0	0.0344727542888009	TADA3	0.000641556055283396	0.00110250458266178	0.00396579968227673	0.00938503952293378	0.0147972959697823	0.0287781560709974
FBN2:P35556:OID30974:v1	0.0488483144581338	0	0.0488483144581338	0	0.0488483144581338	0	0	FBN2	0.0363522434254279	-7.66599591477779e-05	0.00378254335345574	0.00139630871755048	0.0413761285892298	0.0453861249285946
ZBTB17:Q13105:OID20082:v1	0	0.00487461561552504	0.00487461561552504	0.0436	0.048474615615525	0	0.100560170588827	ZBTB17	0	0.00680359720648341	0.0033908595129906	0.0427245394370055	0.0526746649466527	0.0747575239335574
EDF1:O60869:OID31010:v1	0	0.00141568124753572	0.00141568124753572	0.0468	0.0482156812475357	0	0.0293614278779495	EDF1	0.00114255584724611	-0.000588592359707577	0.00374734663133886	0.00389821391556608	0.00787896779155041	0.015933435405664
PSMG3:Q9BT73:OID20549:v1	0.00123727907211194	0.0183110762368722	0.0195483553089842	0.0284	0.0479483553089842	0.0258044111031294	0.381891644017271	PSMG3	0.0133934195825599	0.00538325979072548	0.0104482088156356	0.108170315920265	0.137072137132226	0.151787434003258
F2:P00734:OID30723:v1	0.0221870498591571	0.0029172986439587	0.0251043485031158	0.0228	0.0479043485031158	0.463153148982164	0.0608984097501911	F2	0.0116062281314494	0.000904759309080274	0.0128337216420842	0.0138988081130836	0.0388672103176598	0.0432571655436442
IL18RAP:O95256:OID20900:v1	0	0.0187656648032661	0.0187656648032661	0.0291	0.0478656648032661	0	0.392048556734673	IL18RAP	0.0042084369768448	-0.000124288648277462	0.0171226357306598	0.024166087911279	0.0451404297919201	0.048814900342424
CAT:P04040:OID30712:v1	0.0325570758388101	0	0.0325570758388101	0.0153	0.0478570758388101	0.680298059757501	0	CAT	0.0129364371732135	0.00272369813567185	0.017577721646709	0.129033681449194	0.162205846626951	0.178554851932117
CDC27:P30260:OID21238:v1	0.00425018058959654	0	0.00425018058959654	0.0434	0.0476501805895965	0.0891954770581601	0	CDC27	0.00200219848847922	0.0027423880287781	0.00225247715762942	0.0302981314225121	0.0369405907139614	0.0501437024976251
SV2A:Q7L0J3:OID30965:v1	0.0137443987761486	0	0.0137443987761486	0.0335	0.0472443987761486	0.290921233674107	0	SV2A	0.00592820955346521	0.000102469376328918	0.00523573157288293	0.00472553604342252	0.0157263282145597	0.0277092433066814
FNTA:P49354:OID31381:v1	0	0.00323866129504905	0.00323866129504905	0.0439	0.047138661295049	0	0.0687049908943682	FNTA	0.000808791981265262	0.000834313888747579	0.00299212063351785	0.0228890414928378	0.0274076589851317	0.044435496135425
PSME2:Q9UL46:OID20989:v1	0.0042460316219363	0	0.0042460316219363	0.0428	0.0470460316219363	0.0902527051815459	0	PSME2	0	0.00517284309887259	0.00247604661815952	0.110406845026892	0.117779038220853	0.137638312299555
NECTIN1:Q15223:OID30545:v1	0	0.0210025952750365	0.0210025952750365	0.026	0.0470025952750366	0	0.446839055421078	NECTIN1	0.00730565271085283	0.000433160483979994	0.0140222565447985	0.000943966285376528	0.0225148300118883	0.0270600144300376
GPR158:Q5T848:OID31013:v1	0.00395913446851783	0	0.00395913446851783	0.043	0.0469591344685178	0.0843102095753511	0	GPR158	1.94662134629069e-05	0.00253031559707524	0.00146034044732936	0.044146295432129	0.0476577504000192	0.0603224832357144
GRIK2:Q13002:OID30977:v1	0.044791811610444	0.00187313608300689	0.0466649476934509	0	0.0466649476934509	0	0	GRIK2	0.0256848214877284	0.000564526853080211	0.00769529426994004	0.00249208196482505	0.0363046234828148	0.0424821669300712
IQGAP2:Q13576:OID21361:v1	0.0127015898739006	0	0.0127015898739006	0.0339	0.0466015898739006	0.272557007352536	0	IQGAP2	0.000814381552993957	0.000386014633762027	0.00600435733954214	0.0357762920962176	0.0427887667410429	0.0639385899950701
DYNC1H1:Q14204:OID31341:v1	0	0.0364821744632249	0.0364821744632249	0.0098	0.0462821744632249	0	0.788255411210488	DYNC1H1	0.02362233829592	-3.24583823542483e-05	0.00153339206591881	-0.000134019884115393	0.0248418456867721	0.025923294172734
ARL13B:Q3SXY8:OID30166:v1	0	0.00363340214723344	0.00363340214723344	0.0425	0.0461334021472334	0	0.0787585995855571	ARL13B	0	-0.000649427336708211	0.00473265152402661	0.013001149203548	0.0169933215851263	0.0321618791991415
MEGF11:A6BM72:OID30099:v1	0.0154826699650034	0.00821178448575177	0.0236944544507551	0.0222	0.0458944544507551	0.337353829570331	0.178927597768114	MEGF11	0.006877620342776	-1.93066069989641e-05	0.00529316433143412	0.00585004754062557	0.0178132294936304	0.0200109772713503
ENSA:O43768:OID31355:v1	0.00148899725273654	0.00195170191146889	0.00344069916420544	0.0424	0.0458406991642054	0.0324819926372158	0.0425757448523576	ENSA	0.0019832895831196	-0.000369069245595361	0.00155875912698497	0.000710335485977889	0.0035418785806451	0.012516516318482
COL24A1:Q17RW2:OID31464:v1	0.0218431442113584	0.00519781087582445	0.0270409550871829	0.0187	0.0457409550871829	0.47754018624502	0.113635818620694	COL24A1	0.0201165675070366	0.001840113379728	0.0159806340607756	0.0318087359440517	0.0694295434942533	0.0824581563630698
GNAS:O95467:OID31008:v1	0.00285453298773829	0.00545475721326831	0.00830929020100661	0.0373	0.0456092902010066	0.0625866566911688	0.119597502816387	GNAS	0.0012709592794945	0.00200674988581913	0.00445412388673034	0.018656503236507	0.0262552904393845	0.0395665522702105
ACRV1:P26436:OID30513:v1	0.00141288322718591	0.000545959537565421	0.00195884276475133	0.0434	0.0453588427647513	0.0311490139753713	0.0120364520849215	ACRV1	0.000460505541621458	0.0017993072227379	0.00140671989718673	0.571923942209547	0.575507874854157	0.577806342936106
CASP4:P49662:OID31276:v1	0	0.0137544615319468	0.0137544615319468	0.0315	0.0452544615319468	0	0.303936033406055	CASP4	0.00503218733128245	-1.74559199379421e-05	0.00451255160592685	0.00137067536423414	0.0106449989527866	0.0134455311163926
TXN:P10599:OID30670:v1	0.00620264214795484	0	0.00620264214795484	0.039	0.0452026421479548	0.137218575136663	0	TXN	0	0.00155559591581304	0.00331310719064371	0.0387937972643212	0.0434570825343167	0.0597105514388384
CABP2:Q9NPB3:OID30916:v1	0	0.0217033255329981	0.0217033255329981	0.0234	0.0451033255329981	0	0.48119124868342	CABP2	0.0128557693739719	0.000939534953415702	0.00510081992025442	0.000631912604887036	0.0192260509315517	0.0247698399168991
EFNB2:P52799:OID30954:v1	0	0.013286488441878	0.013286488441878	0.0316	0.044886488441878	0	0.296001957450565	EFNB2	0.00459649407323967	0.000339687584495575	0.00599868690773211	0.00313722088145871	0.0139699488225554	0.0169418152343497
RUVBL1:Q9Y265:OID21211:v1	0	0.0284194424976383	0.0284194424976383	0.0163	0.0447194424976383	0	0.635505295021045	RUVBL1	0.0211890545745413	-0.000100463646972798	0.000567315039548884	0.00184794202669846	0.0230217847955676	0.0250784763040634
IL36G:Q9NZH8:OID30551:v1	0.00679826731629877	0.00400631415702095	0.0108045814733197	0.0338	0.0446045814733197	0.152411862004919	0.0898184452065161	IL36G	0.00401965042526882	-7.47978487729497e-05	0.00238933500171892	0.0151345654440729	0.0212988996273812	0.0255490237111617
FES:P07332:OID21207:v1	0.0126190098212328	0	0.0126190098212328	0.0319	0.0445190098212328	0.283452167330422	0	FES	0.00420199740418576	-0.000476597577822261	0.00595652685457102	0.00804265848239548	0.0172325060056654	0.026087020718475
TGM2:P21980:OID20141:v1	0.0178055751489832	0.00674725248122355	0.0245528276302067	0.0199	0.0444528276302067	0.400549888459376	0.15178455097058	TGM2	0.012126387073746	0.00218010790167797	0.0115250925330014	0.103279676168556	0.128705292508827	0.140899756662987
ZNF830:Q96NB3:OID31350:v1	0	0.0034065635130569	0.0034065635130569	0.041	0.0444065635130569	0	0.0767130631951573	ZNF830	0.00241317034214254	6.45553219688933e-05	0.00255676588166475	0.0165298127912094	0.0214456118650484	0.0253626927176313
UBE2Z:Q9H832:OID30427:v1	0	0.00170473854757433	0.00170473854757433	0.0427	0.0444047385475743	0	0.0383909150990251	UBE2Z	6.34128226832409e-05	0.00173078990966568	0.00237064535376655	0.00363477221350274	0.00739823453449966	0.0167900896120071
ACOX1:Q15067:OID20124:v1	0.00275150319371679	0	0.00275150319371679	0.0413	0.0440515031937168	0.062461051138642	0	ACOX1	0.00170257146563564	0.000648529799921478	0.00134240729410536	0.00370052839392621	0.00712428315537468	0.0161410236068846
ING1:Q9UK53:OID20853:v1	0	0.00142395104589589	0.00142395104589589	0.0426	0.0440239510458959	0	0.0323449170750575	ING1	0	0.001171351183778	0.000972364649173704	0.0150772365564663	0.0165229350189924	0.03040656302861
ARHGAP5:Q13017:OID31190:v1	0	0.0344632771444117	0.0344632771444117	0.0092	0.0436632771444117	0	0.789296621745272	ARHGAP5	0.0225746111562701	9.13120985565115e-05	0.00179911751137173	8.92172838087714e-05	0.0241838889232697	0.0257761910227164
IL12RB2:Q99665:OID30422:v1	0	0.00462460679819567	0.00462460679819567	0.039	0.0436246067981956	0	0.106009134239049	IL12RB2	0.0014292313648803	0.00913926444654259	0.00680133727277732	0.00450078283556521	0.0217356507344028	0.028418125414834
RRM2:P31350:OID21187:v1	0	0.00497963824394753	0.00497963824394753	0.0386	0.0435796382439475	0	0.114265249657943	RRM2	0.00158309180325921	0.0194197457226252	0.00185852839248533	0.0113948010454622	0.0338172284296662	0.0561563753623974
FUT1:P19526:OID31295:v1	0	0.0397035228996388	0.0397035228996388	0.0037	0.0434035228996388	0	0.914753463479094	FUT1	0.0135131648300345	-2.40622641227104e-05	0.00838597365942318	-0.000138573747898806	0.0216650382965039	0.0229890931689026
RAP1A:P62834:OID30452:v1	0	0.00630964344547218	0.00630964344547218	0.037	0.0433096434454721	0	0.145686801910899	RAP1A	0.000152635984441658	0.00557740759790568	0.00385871294987542	0.000252814140689822	0.00955058702172772	0.0166706926639981
NBN:O60934:OID20442:v1	0.00671015350674389	0.00405641839848795	0.0107665719052318	0.0324	0.0431665719052318	0.155447912831146	0.0939712888805125	NBN	0	0.00233584908070566	0.00349321211640528	0.0619528007118894	0.0677074237671637	0.0856981841206516
EXOSC10:Q01780:OID30083:v1	0	0.00315101119396523	0.00315101119396523	0.04	0.0431510111939652	0	0.0730228818926475	EXOSC10	0.000617143723906881	0.000231449856611879	0.0019974281642511	0.000328326606125764	0.00292513342578535	0.00553359421555501
TBC1D5:Q92609:OID20521:v1	0	0.00330943134449869	0.00330943134449869	0.0398	0.0431094313444987	0	0.0767681512208353	TBC1D5	0	0.00243647056032326	0.00202639619175627	0.0506457909161911	0.0549453630819406	0.0693302913739682
GET3:O43681:OID30303:v1	0	0.00795007594930413	0.00795007594930413	0.0349	0.0428500759493041	0	0.185532365420071	GET3	0.00433243410639481	-0.000347882636896522	0.0036194616910119	0.00110899599267213	0.00852450419463379	0.0141309143751665
S100A11:P31949:OID20130:v1	0.00956939581485039	0.0184758071721326	0.028045202986983	0.0148	0.042845202986983	0.223348126457883	0.431222304577384	S100A11	0.00860843651330855	0.00380698992079686	0.0196356693020718	0.082823719652164	0.114727197299416	0.130464038692331
FSHB:P01225:OID30233:v1	0.00607348087402004	0.00392274190071895	0.00999622277473899	0.0328	0.042796222774739	0.141916283266124	0.0916609374936331	FSHB	0.000626019694456996	0.00561727114227082	0.00230799508460536	0.691339588474752	0.699816232752005	0.717513067954221
LXN:Q9BS40:OID21003:v1	0.0323235848955169	0.00279022047602446	0.0351138053715413	0.0071	0.0422138053715413	0.765711231456712	0.0660973454410604	LXN	0.0131865460447302	-0.00111399109148669	0.0137009659162829	0.0437885332320516	0.0690400203188077	0.0815578315525596
MZT1:Q08AG7:OID21186:v1	0	0.00160779201029718	0.00160779201029718	0.0405	0.0421077920102971	0	0.0381827669782354	MZT1	0.000522598089938764	0.00123463258008758	0.002051466122932	0.0227778078470993	0.0261337000101554	0.0395005191598102
CRTAP:O75718:OID30902:v1	0	0.00849960689424897	0.00849960689424897	0.0336	0.0420996068942489	0	0.201892785260426	CRTAP	0.00588549518001681	0.00205540690662643	0.00557675892993845	0.00756342909891369	0.0209786092703414	0.0262283346499169
NTF4:P34130:OID21208:v1	0	0.00148059920628395	0.00148059920628395	0.0406	0.0420805992062839	0	0.0351848413333158	NTF4	0.000210146376714967	0.000551353883127452	0.00127059741085292	0.0027549794618139	0.00447079854608745	0.00891824545662321
IFNL1:Q8IU54:OID20795:v1	0	0.0236576085064564	0.0236576085064564	0.0184	0.0420576085064564	0	0.56250484386968	IFNL1	0.0109899491677374	0.000901992471632427	0.0135674510013171	0.00532745218224582	0.0301437219540249	0.0362505617962585
PPME1:Q9Y570:OID21347:v1	0	0.00142582461702091	0.00142582461702091	0.0406	0.0420258246170209	0	0.03392734419882	PPME1	0	0.00199549633824994	0.00548932777459018	0.080732391570724	0.0879769280780173	0.106054049038301
GAS2:O43903:OID31285:v1	0.00565637298222454	0	0.00565637298222454	0.0363	0.0419563729822245	0.134815585337201	0	GAS2	0.00379896878788624	-0.000202071377849577	0.000860678850939756	0.0135192135332587	0.0174819029536788	0.0216054138868722
UGDH:O60701:OID30081:v1	0	0.00392540328720493	0.00392540328720493	0.0379	0.0418254032872049	0	0.0938521324050395	UGDH	0.000893698545832206	0.00269529587917061	0.00391954894999068	0.00120440610339954	0.00858218209070144	0.0118132794474736
TRDMT1:O14717:OID31335:v1	0.0112018592210084	0.00302919487880062	0.014231054099809	0.0275	0.041731054099809	0.268429817138496	0.0725885061890751	TRDMT1	0.00505318138943757	-0.000649833243120155	0.00940168114384054	0.00641188084224962	0.0199766501108122	0.0350664395103505
CEMIP2:Q9UHN6:OID30499:v1	0.0275130438184892	0.00140261416016027	0.0289156579786494	0.0125	0.0414156579786494	0.664315023865434	0.0338667602693491	CEMIP2	0.0111478696860305	0.00194822030841238	0.00437499950943406	0.019313327337867	0.0366149559644033	0.0413616304934825
XRCC4:Q13426:OID20869:v1	0.0021139512347293	0	0.0021139512347293	0.0393	0.0414139512347293	0.0510444227537642	0	XRCC4	0	-0.000386216835072491	-2.01285145095411e-05	0.00623686073246555	0.00540080808329422	0.0216824535960211
AP3S2:P59780:OID31117:v1	0	0.00193615375628931	0.00193615375628931	0.0394	0.0413361537562893	0	0.0468392334638712	AP3S2	0	0.000316518770541116	0.00192491287789624	0.0249386577311373	0.027141667266266	0.0439754254138277
LRRFIP1:Q32MZ4:OID31344:v1	0.00290248864677712	0	0.00290248864677712	0.0382	0.0411024886467771	0.0706158858584032	0	LRRFIP1	0.000101312732999224	0.00250898739113773	0.0046334481300428	0.0586736230033773	0.0653149823094323	0.0835835185867591
SEPTIN9:Q9UHD8:OID21279:v1	0.00564309664694973	0.00125762227998903	0.00690071892693876	0.0341	0.0410007189269387	0.137634090197429	0.0306731762979583	SEPTIN9	0.000276502656340472	-0.000693434803197672	0.00298569873676581	0.00942972177139608	0.0118328517157412	0.0270127288271234
FGR:P09769:OID20828:v1	0.00710453699114681	0	0.00710453699114681	0.0336	0.0407045369911468	0.174539191852054	0	FGR	0.000495589359475429	0.00581963760589066	0.00841169561522554	0.0785153357186152	0.0931296941200271	0.109617188932898
RCC1:P18754:OID31356:v1	0	0.00135451262943388	0.00135451262943388	0.0391	0.0404545126294338	0	0.0334823618279946	RCC1	0.00383317625478336	-0.000146458431626627	0.00169029264502739	0.00643074484254562	0.0116340553357926	0.0144180203918959
RGS8:P57771:OID20454:v1	0	0.0173461862788299	0.0173461862788299	0.0231	0.0404461862788299	0	0.428870750860117	RGS8	0.0168632873331948	-0.000108595743633663	0.00187398162408178	0.000612156603854905	0.0184960809063699	0.0219661145918686
M6PR:P20645:OID30208:v1	0.0151713750741867	0	0.0151713750741867	0.0251	0.0402713750741867	0.376728508679887	0	M6PR	0.00326746596249546	-8.51925613319173e-06	0.00435861099949379	1.40361086225997e-05	0.00731501652606364	0.0102166669449432
PPM1B:O75688:OID30548:v1	0	0.00415041917985565	0.00415041917985565	0.0361	0.0402504191798556	0	0.103114930587675	PPM1B	4.6320719680585e-05	0.00366604585447171	0.00451633332392203	0.000193841730574241	0.00818217057173221	0.0168606674374409
NGRN:Q9NPE2:OID31115:v1	0	0.00356665991689097	0.00356665991689097	0.0364	0.0399666599168909	0	0.0892408803814904	NGRN	0.0067460093404013	0.00108190198102109	0.000488458816457089	0.023697346934333	0.0317489930598934	0.0350046671908122
IKZF2:Q9UKS7:OID21213:v1	0	0.0131189266456317	0.0131189266456317	0.0267	0.0398189266456317	0	0.329464597636786	IKZF2	0.00398209745747084	0.00428454503447916	0.00847592017623491	0.00335610177727394	0.0198870227593476	0.027226637622048
KDM3A:Q9Y4C1:OID30426:v1	0	0.0111072425082651	0.0111072425082651	0.0285	0.0396072425082651	0	0.280434632780792	KDM3A	0	0.00976256944305849	0.0188418699822437	0.00198130952348988	0.0304209509673555	0.0414659176539148
LARP1:Q6PKG0:OID31372:v1	0	0.00237650331049828	0.00237650331049828	0.0372	0.0395765033104982	0	0.060048339588098	LARP1	0	0.000144400483045794	0.00377370509916821	0.0207007605138682	0.0244719487871247	0.0393868437598186
ATG4A:Q8WYN0:OID21246:v1	0.00388142193278004	0.0050569140837892	0.00893833601656925	0.0305	0.0394383360165692	0.0984174872679552	0.128223312506507	ATG4A	0	0.00370782436475059	0.0062932413532823	0.0754357219781499	0.0851027448121556	0.102139458813121
DUSP29:Q68J44:OID30935:v1	0.00966588333254489	0.00215595660764136	0.0118218399401862	0.0276	0.0394218399401862	0.245191075485332	0.0546893957997025	DUSP29	0.00126823574486706	0.00273243165919474	0.00564302928041466	0.0224482002200497	0.0316963178790178	0.0360241560668186
EIF2S2:P20042:OID30270:v1	0	0.00248838352981189	0.00248838352981189	0.0369	0.0393883835298118	0	0.063175568703613	EIF2S2	0	0.0030590886460083	0.00301528191436188	0.00685524093626172	0.0121097467277206	0.0253043663509568
SNED1:Q8TER0:OID30205:v1	0.0259815189251556	0	0.0259815189251556	0.0134	0.0393815189251556	0.659738873316018	0	SNED1	0.00991093526928223	0.00380367538938757	0.014756746452968	0.0286384854226367	0.0570280624594846	0.0779604107552361
IL17F:Q96PD4:OID20456:v1	0.0187525145160071	0.00204308353874387	0.020795598054751	0.0182	0.038995598054751	0.480887983553375	0.0523926709849487	IL17F	0.00696052823098129	-9.29683475427211e-07	0.00279727768491242	0.000283259553006984	0.00965839360224369	0.0113372106526533
TRAF2:Q12933:OID20507:v1	0.00269747805566009	0.00729290414685049	0.00999038220251058	0.0288	0.0387903822025105	0.0695398679388496	0.188008050778589	TRAF2	0.000425479732490833	0.00266141087793992	0.00676274279774053	0.0641467340136328	0.0739370538617049	0.0911370957725713
ARG2:P78540:OID31339:v1	0.00417137204819532	0.00566123668751894	0.00983260873571427	0.0289	0.0387326087357142	0.107696645910375	0.146162029161203	ARG2	0.00534242182441637	-7.56522648305294e-05	0.00315232445844434	0.00496429251687933	0.0128658512129193	0.0176257854088242
PPP1R12B:O60237:OID31304:v1	0	0.00218888371300706	0.00218888371300706	0.0365	0.038688883713007	0	0.0565765538557311	PPP1R12B	0.000413335801801566	0.00025471006820744	0.00172847844223447	0.00245273571838196	0.00431102219022197	0.00928619401993954
MTUS1:Q9ULD2:OID31315:v1	0.0316636901130927	0	0.0316636901130927	0.0069	0.0385636901130927	0.821075214022182	0	MTUS1	0.0174503037440754	0.00356764944462625	0.00840604598976876	0.051125528724146	0.0804759024366192	0.0908717309723762
EPHX2:P34913:OID20119:v1	0.0149488617046284	0	0.0149488617046284	0.0236	0.0385488617046284	0.387789964309985	0	EPHX2	0.00726227911230758	0.00036672214641397	0.00161111520252476	0.00490401362697202	0.0141051446294069	0.0159642795015987
TP53INP1:Q96A56:OID20120:v1	0	0.00677791254852619	0.00677791254852619	0.0316	0.0383779125485262	0	0.176609724146825	TP53INP1	0.000219647046959556	5.82029583412606e-05	0.00331096332503886	0.00360697528352758	0.00690798625722488	0.0106050084738886
LYSMD3:Q7Z3D4:OID30950:v1	0.00143574228591452	0.00654199698158805	0.00797773926750257	0.0304	0.0383777392675025	0.0374108093211806	0.170463323438326	LYSMD3	0	0.000325320507265936	0.00455572664420337	0.00453982115902479	0.00915490130000399	0.0203071678884833
ANK2:Q01484:OID30161:v1	0	0.00378716644220625	0.00378716644220625	0.0344	0.0381871664422062	0	0.0991738009139244	ANK2	0.000222622421282672	-0.000124512773347711	0.00291383793540949	0.000893491250420478	0.00341813449679187	0.00644550566447883
SLIRP:Q9GZT3:OID31174:v1	0	0.0016846765214097	0.0016846765214097	0.0365	0.0381846765214097	0	0.0441191775047545	SLIRP	0.000688682957079059	2.33536539014309e-05	0.00108542892990012	0.000295152123359209	0.00183005669021252	0.00349751152938378
GAPDH:P04406:OID30600:v1	0	0.0018021632906247	0.0018021632906247	0.0361	0.0379021632906247	0	0.0475477686275094	GAPDH	0	0.00970320643102266	-0.000870134936900672	0.0517133139007572	0.0602127706597736	0.0802557653952391
CCNE1:P24864:OID30456:v1	0	0.0099769832633793	0.0099769832633793	0.0276	0.0375769832633793	0	0.265507829445755	CCNE1	0.00187071182764226	0.00701335354695285	0.0148564274254791	0.00122387171016645	0.0243356883389768	0.0331993158304572
HSPA2:P54652:OID31424:v1	0.00854635367559764	0	0.00854635367559764	0.029	0.0375463536755976	0.227621402318812	0	HSPA2	0.000431834724486541	0.00144670605424599	0.00417902915509705	0.0406453482592275	0.0465757080298291	0.0614921419477042
PRDX6:P30041:OID21404:v1	0.0112786246822726	0	0.0112786246822726	0.0262	0.0374786246822726	0.300934860280703	0	PRDX6	0.00118087416347689	0.00194861191941902	0.00756358883411144	0.0520389908263986	0.0621922193203441	0.0775126944130063
GART:P22102:OID31004:v1	0.00649131813414366	0.00161735878527654	0.00810867691942021	0.0293	0.0374086769194202	0.173524397778788	0.0432348566820581	GART	0.0046715834632903	0.000180528182628694	0.00240965619795887	0.00508908574199142	0.0120857761551224	0.0163388046459526
GCLM:P48507:OID30059:v1	0.00180403452741866	0	0.00180403452741866	0.0355	0.0373040345274186	0.0483603060707196	0	GCLM	0	0.000499805943575331	0.00164117394836571	0.0214805120078012	0.0230222080847639	0.0409422337487658
NEO1:Q92859:OID31066:v1	0.0043702041105817	0	0.0043702041105817	0.0329	0.0372702041105817	0.117257316263017	0	NEO1	0	0.000765583740376694	0.00161781247083751	0.0274926650563814	0.0296421458372356	0.0441358320875267
WAS:P42768:OID20479:v1	0	0.0115545432982669	0.0115545432982669	0.0257	0.0372545432982669	0	0.310151253385637	WAS	0.0029366288348533	0.000959703091325624	0.00891051367171871	0.0100492409052992	0.0224118805274225	0.0330457771300723
IRAG2:Q12912:OID20085:v1	0	0.00360515392150399	0.00360515392150399	0.0332	0.036805153921504	0	0.0979524207178394	IRAG2	0	0.00188314007408579	0.00294119520901755	0.0416872770003319	0.0461645668217209	0.0615793816648227
S100A3:P33764:OID31352:v1	0.0096911554679277	0	0.0096911554679277	0.0271	0.0367911554679277	0.26340992406112	0	S100A3	0.000375798320494712	7.10230429618816e-05	0.000666812008301063	0.00161597427929278	0.00247604846279181	0.00730055628478199
MYCBP2:O75592:OID30996:v1	0	0.00195335606268472	0.00195335606268472	0.0347	0.0366533560626847	0	0.0532926932896426	MYCBP2	0	7.87440671719874e-05	0.000209390540234421	0.0284477461184237	0.0283733171687902	0.0455508690079011
GBP2:P32456:OID20489:v1	0.00741192548137263	0	0.00741192548137263	0.0292	0.0366119254813726	0.202445661732368	0	GBP2	0.00432003567192494	0.00032329755187054	0.00195721226734139	0.00485554898241176	0.0113037810143582	0.0142584994079201
C2orf69:Q8N8R5:OID30883:v1	0.00407848108461553	0.00180005268287313	0.00587853376748867	0.0307	0.0365785337674886	0.111499304770945	0.0492106297730566	C2orf69	0	0.000226222539937806	0.00350019111619531	0.00732131823004206	0.0108745535767688	0.0248277816840397
IL2RG:P31785:OID31361:v1	0	0.00270116879800939	0.00270116879800939	0.0335	0.0362011687980093	0	0.0746155134681155	IL2RG	0.00125851852374617	7.16615780608786e-05	0.000926769823448621	0.00702688688563886	0.00865869764141857	0.0118926003835992
EDDM3B:P56851:OID31365:v1	0.0131645139949366	0	0.0131645139949366	0.0228	0.0359645139949366	0.366041759852227	0	EDDM3B	0.00551936091281389	0.000490370990792066	0.0112209715289012	0.635775825354799	0.652894978734752	0.656128372857632
COMMD9:Q9P000:OID31390:v1	0	0.004016448349543	0.004016448349543	0.0317	0.035716448349543	0	0.112453744287102	COMMD9	0	0.000671005893691272	0.00376132759830942	0.00821387830067067	0.0122205031525864	0.0243916729994202
GABARAP:O95166:OID31414:v1	0	0.0184607820870164	0.0184607820870164	0.0172	0.0356607820870164	0	0.517677431806458	GABARAP	0.0191663372455025	0.000196322939378613	0.00304644485697838	0.00706016292403554	0.0287776368368712	0.033808478212771
HAGH:Q16775:OID21459:v1	0.0135057078061832	0	0.0135057078061832	0.0221	0.0356057078061832	0.379312998907379	0	HAGH	4.46488345288242e-05	0.00325963288849213	0.00814087221250914	0.143043233052433	0.154299615957842	0.165599823881868
MYL4:P12829:OID30245:v1	0	0.00561440396005046	0.00561440396005046	0.0298	0.0354144039600504	0	0.158534475587499	MYL4	0	-4.67085722490707e-05	0.00362607080150256	0.0695468004263356	0.0728704314340805	0.0869822401553728
ATP2B4:P23634:OID30062:v1	0	0.00216975785618429	0.00216975785618429	0.0331	0.0352697578561842	0	0.0615189325946519	ATP2B4	0.000722317609367375	0.00272085248720806	0.00285359008661886	0.000941916169796368	0.00687084832554952	0.0129531693795193
DNAJA4:Q8WW22:OID31130:v1	0.016600687570484	0.00290752232509108	0.0195082098955751	0.0157	0.0352082098955751	0.471500471615012	0.0825808052643	DNAJA4	0.00490100852511524	0.00241646946536044	0.0109274823727205	0.0973327453757342	0.115344657946948	0.131839318322341
CA11:O75493:OID21195:v1	0.00206287214631326	0.014035643538482	0.0160985156847952	0.0191	0.0351985156847952	0.0586067936723923	0.39875668804253	CA11	0.00537622377531387	-0.00028064651843482	0.00219470595128833	0.00327616664868734	0.010460270873255	0.0130000066923554
PSMG4:Q5JS54:OID30514:v1	0.0165670209948059	0	0.0165670209948059	0.0183	0.0348670209948059	0.475148737176999	0	PSMG4	0.00311777031216213	0.00184464966648921	0.0134996506407086	0.0852909745437207	0.102973531812877	0.119571219806473
AP2B1:P63010:OID30949:v1	0	0.00476097290702086	0.00476097290702086	0.0301	0.0348609729070208	0	0.136570282181138	AP2B1	0.00040313840267153	0.00155505857655787	0.0023158634484998	0.0153111070576976	0.0192672624392723	0.0336411709351128
CDK5RAP3:Q96JB5:OID30985:v1	0	0.0067779076924929	0.0067779076924929	0.028	0.0347779076924929	0	0.194891186451563	CDK5RAP3	0.00172643097081302	0.000338151268355349	0.00969225504519765	0.00699294034381311	0.0185266729163187	0.0282213920110341
SPRING1:Q9H741:OID31197:v1	0	0.00434066882109406	0.00434066882109406	0.0303	0.034640668821094	0	0.125305572000124	SPRING1	0.00407857443131023	0.00432623006260596	0.00199134116343332	0.000790208758882287	0.0103960662918329	0.0156550404760054
SIRT1:Q96EB6:OID30439:v1	0	0.00509165468759708	0.00509165468759708	0.0293	0.034391654687597	0	0.148049133833427	SIRT1	0	0.0079701930226725	0.0090696961449982	0.00156858887940602	0.0184644513205356	0.0299858621374964
TK1:P04183:OID31294:v1	0.00300496171115282	0.00233921334636486	0.00534417505751768	0.029	0.0343441750575176	0.0874955274401053	0.0681109196085589	TK1	0.00528460273896953	0.000876587064812227	0.00132301080487772	0.0047801942577133	0.0117112765273334	0.0165953625800495
SPRED2:Q7Z698:OID30423:v1	0.00261818103752734	0	0.00261818103752734	0.0312	0.0338181810375273	0.0774193335419786	0	SPRED2	0	0.00201354803666436	0.00229897803329153	0.0105723227147336	0.0144582202948429	0.0315062130719678
BLVRB:P30043:OID21141:v1	0.0302868348719198	0.00241957122171571	0.0327064060936356	8e-04	0.0335064060936356	0.903911770999299	0.0722121977198652	BLVRB	0.0140131570523209	0.00327518379358382	0.00785612861899342	0.0970570979643747	0.121932125651603	0.138077109957613
CLIC5:Q9NZA1:OID30890:v1	0.00801380724399998	0	0.00801380724399998	0.0254	0.0334138072439999	0.239835203018925	0	CLIC5	0.00379998780204481	0.000163917889030097	0.00436481208215604	0.00697158003098852	0.0145522265881481	0.0214880984898039
MICALL2:Q8IY33:OID30889:v1	0.00534539964165423	0	0.00534539964165423	0.0279	0.0332453996416542	0.160786144828194	0	MICALL2	0.000961924550685029	0.00103904827188287	0.00417578722428472	0.0269191507898116	0.0329567388058613	0.0513921077425594
CGA:P01215:OID21069:v1	0	0.00186380989057133	0.00186380989057133	0.0313	0.0331638098905713	0	0.0562001138204939	CGA	-0.00060813636277457	0.00205395541817796	-0.00427581832778956	0.607641030227606	0.604647958675319	0.625522290933952
INPP5J:Q15735:OID30975:v1	0	0.00214113684928305	0.00214113684928305	0.031	0.033141136849283	0	0.0646066204373244	INPP5J	0.000608307111521828	0.00198947401587662	0.00366172217897215	0.0230029794796842	0.0290298734899193	0.0434202218189295
RABEPK:Q7Z6M1:OID21163:v1	0.0218536067918505	0	0.0218536067918505	0.0112	0.0330536067918505	0.661156494341749	0	RABEPK	0.00638306882649736	0.000104502379737428	0.00389252006470041	0.00222070929050154	0.0122877819726095	0.0150678652047739
NAA10:P41227:OID30188:v1	0	0.00137390782550106	0.00137390782550106	0.0314	0.032773907825501	0	0.0419207813976959	NAA10	0	-0.000449927018422383	0.00228929758116278	0.00620374739121909	0.00762144379029608	0.0194049999321611
TPR:P12270:OID30143:v1	0.00202779278695442	0	0.00202779278695442	0.0301	0.0321277927869544	0.0631164674274734	0	TPR	0	0.0055958147849376	-0.000332416227339705	0.0351200100903004	0.0400985258128084	0.059983051503554
CEBPA:P49715:OID30458:v1	0	0.00170595269991704	0.00170595269991704	0.0304	0.032105952699917	0	0.0531350904258154	CEBPA	0.000425508741662949	0.00214339410242268	0.00026367599617059	0.00380451581106618	0.00645137351837741	0.0125798889356856
SELENOP:P49908:OID30745:v1	0.00718920644647065	0	0.00718920644647065	0.0248	0.0319892064464706	0.22473850542372	0	SELENOP	0.000114914931633029	0.0289524837958147	0.00746237432339293	0.0176387380264026	0.0538094347265263	0.0838797934727741
IL11:P20809:OID20455:v1	0	0.00398408343504543	0.00398408343504543	0.028	0.0319840834350454	0	0.124564564844775	IL11	0	0.000127225950768579	0.00415602308335861	0.00120167963074482	0.00480573852737469	0.00719783350145617
IL20RB:Q6UXL0:OID30461:v1	0.00913596188508953	0	0.00913596188508953	0.0224	0.0315359618850895	0.289699801083571	0	IL20RB	0.00672877153306156	-6.18615098757824e-05	0.0020572874157828	7.24487494953024e-05	0.00862264369218448	0.0105990517963208
CAPN3:P20807:OID31384:v1	0	0.00361347164276657	0.00361347164276657	0.0278	0.0314134716427665	0	0.115029363320899	CAPN3	1.01988535579268e-06	0.00202123970306791	0.0023508443677328	0.00656083720881066	0.0107986226875998	0.0178733148568931
SIL1:Q9H173:OID30207:v1	0.00270403819426071	0.019875498120637	0.0225795363148977	0.0087	0.0312795363148977	0.0864475153032508	0.635415369350305	SIL1	0.00364840483225247	0.000985481336539851	0.00229192944080665	0.00630831415419429	0.0131299559740717	0.0196620862305664
STX16:O14662:OID21170:v1	0.00294687606402864	0	0.00294687606402864	0.0283	0.0312468760640286	0.0943094617839601	0	STX16	0	0.000167601453608618	0.00303093888883416	0.014489912023576	0.0174200955720103	0.0304943713062953
RALB:P11234:OID30567:v1	0.00620238572132213	0	0.00620238572132213	0.025	0.0312023857213221	0.198779214407433	0	RALB	0.00396757258833141	0.000624026650523536	0.00177221770638988	0.000100064602912008	0.00622721117998517	0.00967772748775039
SUMF1:Q8NBK3:OID30486:v1	0.00601994392686552	0	0.00601994392686552	0.0251	0.0311199439268655	0.193443276794228	0	SUMF1	0.000105115756615952	-0.000117500767545916	0.0013145479915164	6.788942066331e-06	0.00118978948399788	0.00202982756180803
ERI1:Q8IV48:OID31317:v1	0.00260510906950793	0.00400638191208463	0.00661149098159256	0.0244	0.0310114909815925	0.0840046378632438	0.129190238368825	ERI1	0.000593944869389168	0.00124610633342648	0.000922722920999701	0.0212487630817727	0.0237377181786158	0.0381323231928332
CSF2RA:P15509:OID20915:v1	0	0.00507432358026704	0.00507432358026704	0.0259	0.030974323580267	0	0.163823547820743	CSF2RA	0.00368536331455607	0.000135967504242534	0.000879848487953667	0.0150694257071955	0.0195499701916453	0.0217764726977168
STAU1:O95793:OID31210:v1	0	0.0139379195873643	0.0139379195873643	0.0167	0.0306379195873643	0	0.454923825608335	STAU1	0.00658346084821902	0.00325594647088492	0.00268449857498885	0.000728590321783989	0.0119053523296744	0.0189575386793604
HADH:Q16836:OID30132:v1	0.00178907870510418	0.00550789474965261	0.0072969734547568	0.0233	0.0305969734547568	0.0584724076631196	0.180014365074279	HADH	0.00127491783828386	-4.57222400329411e-05	0.00198623576963334	4.92838045993935e-05	0.00306878352434754	0.00517314496059609
MYLPF:Q96A32:OID30917:v1	0	0.00141857575399965	0.00141857575399965	0.0291	0.0305185757539996	0	0.046482370784087	MYLPF	0.00104984416523704	0.00437325270971357	0.00133210788352607	0.0625404410396075	0.0690935687864715	0.0761251217286063
ERC2:O15083:OID30880:v1	0.00253387486393462	0	0.00253387486393462	0.0278	0.0303338748639346	0.0835328448904254	0	ERC2	0.000599940942266495	-0.000187278851317887	0.000665659024810651	0.000217694671156031	0.000754770461300526	0.00308404372116309
ESR1:P03372:OID30434:v1	0	0.00304090287824631	0.00304090287824631	0.0271	0.0301409028782463	0	0.100889574891966	ESR1	0	0.00401482814250047	0.00468061565156401	0.00146362872737906	0.00986396187622828	0.0175406993261213
HDAC8:Q9BY41:OID30436:v1	0	0.00393206522734618	0.00393206522734618	0.0262	0.0301320652273461	0	0.130494381904419	HDAC8	0.000451931170806802	0.0051387331300308	0.00337413889874011	-0.000348077165681385	0.00795018752096124	0.0161820820353184
KLK3:P07288:OID30364:v1	0.00309555078669054	0	0.00309555078669054	0.027	0.0300955507866905	0.102857422634694	0	KLK3	0.00150079428431819	0.000743159010076148	0.00439620427862094	0.672517012853463	0.679139835311767	0.681955858507696
USP47:Q96K76:OID30119:v1	0	0.00424664008648864	0.00424664008648864	0.0258	0.0300466400864886	0	0.14133494042145	USP47	0	-4.02109787100114e-05	0.0056106746656828	0.00511254397423395	0.0106113103278749	0.0221257574361957
VCPKMT:Q9H867:OID31179:v1	0.00435146953687452	0.0012643291055793	0.00561579864245383	0.0244	0.0300157986424538	0.144972638866249	0.042122121108284	VCPKMT	0.000706280769316896	0.00019527497188419	0.00376551829422899	0.00198572615571387	0.00560088715724681	0.0107734713676204
TPM3:P06753:OID30058:v1	0	0.00159769073846382	0.00159769073846382	0.028	0.0295976907384638	0	0.0539802497627809	TPM3	0.000160169256371736	0.00210555881926821	0.0030302089696144	0.0154661354818184	0.0205812083360815	0.0245030256210035
GKN1:Q9NS71:OID20885:v1	0	0.00787258959472665	0.00787258959472665	0.0217	0.0295725895947266	0	0.266212384597204	GKN1	0.00646936446404465	0.00085845948151558	0.00473847506342139	0.0204292102394713	0.0323807054233624	0.0385060903239534
NENF:Q9UMX5:OID31354:v1	0	0.00705602680746855	0.00705602680746855	0.0223	0.0293560268074685	0	0.240360415724699	NENF	0.00550882144755638	0.00555465601410449	0.00364836328200391	0.000732749762759249	0.0153486355876703	0.0223167128028217
DCC:P43146:OID30953:v1	0.0292343700964502	0	0.0292343700964502	0	0.0292343700964502	0	0	DCC	0.0175881272716654	0.00433138310726906	0.00347428129210229	0.0221342209109735	0.0473181476285681	0.0520102278199446
SSH3:Q8TE77:OID31216:v1	0	0.00246793030150592	0.00246793030150592	0.0267	0.0291679303015059	0	0.0846110874510184	SSH3	0.000399178491466288	7.69794983831276e-06	0.00203718861317281	0.00628976321322712	0.00851752378648787	0.0130820277933067
RBP1:P09455:OID30913:v1	0.00569364970417253	0.00291798667189786	0.00861163637607039	0.0201	0.0287116363760703	0.198304604781003	0.101630803402408	RBP1	0.00404723389705334	0.003558532306121	0.00118803857417846	0.000191857623441591	0.00867177014101206	0.0113772189196323
YOD1:Q5VVQ6:OID30181:v1	0.00695777318342727	0.00204194546381161	0.00899971864723889	0.0197	0.0286997186472388	0.242433498005621	0.071148623054814	YOD1	0.000171334282619363	0.00439601582271432	0.00659797302139696	0.101682807171382	0.112651809775943	0.132919749698565
THSD1:Q9NS62:OID30476:v1	0.0150322212497869	0.0125652542338083	0.0275974754835952	8e-04	0.0283974754835952	0.529350619863051	0.4424778618461	THSD1	0.0121597931026067	0.00234020392549141	0.00819335835647692	0.000539211175231764	0.0225077874382562	0.0288358638785163
TIMP2:P16035:OID30318:v1	0.00699144060423009	0.00833668709812262	0.0153281277023527	0.0129	0.0282281277023527	0.247676384277069	0.295332626592439	TIMP2	0.0045839940460456	-0.000159044779977136	0.021859936571063	0.0174496451173702	0.0434476765305013	0.050184121141338
NEB:P20929:OID30105:v1	0	0.00160522184921094	0.00160522184921094	0.0266	0.0282052218492109	0	0.056912222062733	NEB	0.000449624201668124	0.000683358135870087	0.00114696393056573	0.00849971320469199	0.0104651023429134	0.0136584118338819
CEACAM3:P40198:OID21245:v1	0	0.00559804722078092	0.00559804722078092	0.0224	0.0279980472207809	0	0.199944202416585	CEACAM3	0.0093973608089437	0.000107087091993021	6.98942952111419e-05	0.000745552565960054	0.0100567572830622	0.0114263986165784
SLIT2:O94813:OID20862:v1	0.00422597206096122	0	0.00422597206096122	0.0237	0.0279259720609612	0.15132766199637	0	SLIT2	0.000392375948571527	0.000677858593340122	0.00227113024197385	0.00813222745745069	0.0113348979398162	0.0172774575975766
NEDD9:Q14511:OID30503:v1	0	0.00423722008345175	0.00423722008345175	0.0236	0.0278372200834517	0	0.152214196343931	NEDD9	0.00210198882726493	0.00147139928356867	0.002025036894481	0.016016948689167	0.0214166266683493	0.0421303557164109
NUBP1:P53384:OID31412:v1	0	0.00283169534349777	0.00283169534349777	0.025	0.0278316953434977	0	0.101743544852338	NUBP1	0.00580120514832802	0.00616382470196264	0.00184653962776942	-0.000141539505714651	0.0135658766417184	0.0186610776548637
CNPY2:Q9Y2B0:OID20069:v1	0	0.0102018788441276	0.0102018788441276	0.0176	0.0278018788441276	0	0.366949259124713	CNPY2	0.00369485310124746	-6.04106286549226e-05	0.00422972243187618	0.000386841321158784	0.00816036687954304	0.0110006906674872
GNPDA1:P46926:OID30197:v1	0.010384802211267	0.0119248178498142	0.0223096200610813	0.0054	0.0277096200610813	0.37477245044773	0.430349381316957	GNPDA1	0	-0.000688241895929714	0.0100437395493592	0.0140142485486071	0.0232342837384438	0.041756282453871
RAB44:Q7Z6P3:OID31346:v1	0.0253791905187776	0.00217463896871066	0.0275538294874883	0	0.0275538294874883	0	0	RAB44	0.000932644425692958	0.00247278810924181	0.0143852437060791	0.0328226794734914	0.0502991197824046	0.0690207436365037
CARHSP1:Q9Y2V2:OID20859:v1	0.00629468907698285	0	0.00629468907698285	0.0212	0.0274946890769828	0.228941998920527	0	CARHSP1	0.000871476666148441	0.00410322910243544	0.00622002549924727	0.0788228810567042	0.0899676916928035	0.106403721765574
TNFAIP8:O95379:OID20433:v1	0.00431539180747958	0	0.00431539180747958	0.023	0.0273153918074795	0.157983888274226	0	TNFAIP8	0.00110996716685928	-0.000352161555627832	0.00131355182750506	0.0023244680644957	0.00427626982843423	0.0124811486994215
MPRIP:Q6WCQ1:OID31420:v1	0	0.00209208500119358	0.00209208500119358	0.0252	0.0272920850011935	0	0.0766553746663945	MPRIP	0.000461986385396708	0.000367264059772424	0.000929603316566298	0.00914763640705189	0.0102775372353957	0.0180582759118989
DDI2:Q5TDH0:OID30602:v1	0.00162293526642579	0.00195288532477812	0.00357582059120391	0.0237	0.0272758205912039	0.0595008777462469	0.0715976745135177	DDI2	0.00110652218468432	0.00192499443116759	0.00204512889645524	0.102668617212841	0.107643212945869	0.125515011223832
RNF43:Q68DV7:OID31291:v1	0.00964543411673067	0.00356213725010604	0.0132075713668367	0.0138	0.0270075713668367	0.357138151584209	0.131894023410045	RNF43	0.00176961353811897	-1.21833220303379e-05	0.00300827360166037	0.00394504626469575	0.0084423329553762	0.0118741180327904
RELB:Q01201:OID30463:v1	0	0.00516116841688191	0.00516116841688191	0.0217	0.0268611684168819	0	0.192142364650012	RELB	0.00330631607275646	0.000307466681243224	-5.94654637847103e-05	-8.06370347064282e-05	0.00279322628394487	0.00484326986565506
ARTN:Q5T4W7:OID20446:v1	0	0.0021264001114411	0.0021264001114411	0.0246	0.0267264001114411	0	0.0795617854471479	ARTN	0.00158494877193182	6.09892617675091e-05	0.000595138205437182	-0.000196530442957505	0.00182256431336392	0.00560363779124986
PTK7:Q13308:OID20880:v1	0.00171233674481043	0	0.00171233674481043	0.0249	0.0266123367448104	0.0643437200284318	0	PTK7	2.07133552805916e-06	0.00139405278075402	0.00335861254922435	0.00512077571393079	0.00982973040999803	0.0198842679051327
SCRIB:Q14160:OID31455:v1	0	0.00132726303609402	0.00132726303609402	0.025	0.026327263036094	0	0.0504140150943294	SCRIB	0	0.00140693231798278	-0.000129271624600331	0.0100692757587789	0.0111321675539756	0.0253854903030089
ABCA2:Q9BZC7:OID30146:v1	0.00187714514371459	0	0.00187714514371459	0.0244	0.0262771451437146	0.0714364187375813	0	ABCA2	0.000236806919938738	0.00133482652203584	0.00165851692220958	0.0229916799810515	0.0261020046123676	0.0339120333247768
EIF1AX:P47813:OID31125:v1	0	0.00426431751150433	0.00426431751150433	0.022	0.0262643175115043	0	0.162361634169114	EIF1AX	0.00255680489149599	0.00114964540780618	0.00130292064463586	0.00474517357891762	0.00962285834429799	0.0158821294059495
PRDX2:P32119:OID30668:v1	0.0225008506674376	0.00175758435981479	0.0242584350272524	0.002	0.0262584350272524	0.856899912126713	0.0669340864370126	PRDX2	0.00332644745114937	0.00219353253049663	0.0150081824326316	0.114207780736486	0.134693014292349	0.150598405438487
C2CD2L:O14523:OID20864:v1	0.00153011729303413	0.00184514161056648	0.00337525890360062	0.0226	0.0259752589036006	0.0589067196100992	0.071034580152374	C2CD2L	0	0.000393889479964352	0.000957906097015814	0.00424894710012129	0.00543193266893915	0.0188118607442489
LSM8:O95777:OID31269:v1	0	0.0143054208684141	0.0143054208684141	0.0112	0.0255054208684141	0	0.56087766370207	LSM8	0.00956780813732295	0.000869558102720385	0.00294296236150572	0.00436697170065432	0.0172550773311474	0.023372877693739
NFX1:Q12986:OID30158:v1	0	0.00144412236848935	0.00144412236848935	0.024	0.0254441223684893	0	0.05675661937068	NFX1	0	0.000681904567929218	0.000716228480333419	0.0515151800750676	0.052491044882737	0.069707771106471
RFC4:P35249:OID31376:v1	0	0.00696202906191657	0.00696202906191657	0.0184	0.0253620290619165	0	0.274505996539949	RFC4	0.00280464067602708	0.00126403848678917	0.00669056866943705	0.00655873874578487	0.0169755438904595	0.029042234613566
FCER1A:P12319:OID30992:v1	0.0206701743328932	0	0.0206701743328932	0.0046	0.0252701743328932	0.817967223359739	0	FCER1A	0.0135079796589389	0.000339782349796206	0.0115489605908854	0.00222916391252467	0.0268690495515512	0.0325615511164296
MAGED1:Q9Y5V3:OID21181:v1	0.00160994699666906	0.00467216461409436	0.00628211161076342	0.0183	0.0245821116107634	0.065492624155369	0.190063599420345	MAGED1	0.00438286352195979	-0.000294296161780839	0.00328055701416578	0.000942882595240173	0.00795572498197524	0.0160649909946305
BNIP2:Q12982:OID30292:v1	0	0.00146816060917321	0.00146816060917321	0.0228	0.0242681606091732	0	0.0604973995688104	BNIP2	0.000224308202541702	-0.000323527573464916	0.0011833038269254	0.00216541109993049	0.00300230137187027	0.0137943979699306
C9orf40:Q8IXQ3:OID31489:v1	0	0.00575260013967092	0.00575260013967092	0.0185	0.0242526001396709	0	0.237195191713121	C9orf40	0.000994869252987094	0.0019049804865264	0.00440014298095505	0.0830675527680509	0.0900167776978039	0.105254485263012
CA2:P00918:OID21149:v1	0.00657500103933476	0	0.00657500103933476	0.0176	0.0241750010393347	0.271975212271415	0	CA2	0.000262991759850181	0.00488592373924237	0.00544335559497534	0.118360286073394	0.128455745766723	0.145731298939456
SNX18:Q96RF0:OID31476:v1	0.00299593606850846	0	0.00299593606850846	0.021	0.0239959360685084	0.124851810738079	0	SNX18	4.47542192908428e-05	-3.5907036172491e-05	0.00210204516982251	0.00805593433582677	0.00984365250107293	0.0133065006669954
PKN3:Q6P5Z2:OID31311:v1	0.0139999805378267	0.00322511618958237	0.0172250967274091	0.0063	0.0235250967274091	0.595108309226008	0.137092579339951	PKN3	0.00175647067092039	-8.6736775844479e-06	0.0101936932732332	0.00279215300456784	0.0146381743717423	0.0230710514136283
KIAA2013:Q8IYS2:OID31392:v1	0	0.00165187739535255	0.00165187739535255	0.0217	0.0233518773953525	0	0.0707385263885168	KIAA2013	0	0.000668792482384305	0.00140596776318152	0.00015241404125114	0.0019644930608802	0.00464292025378061
STX3:Q13277:OID31090:v1	0	0.0216140524678212	0.0216140524678212	0.0015	0.0231140524678212	0	0.935104413123217	STX3	0.00902699168184729	0.00109870591229364	0.00206326426524569	0.000109065319380631	0.0114996729042859	0.0165109018127757
LTA4H:P09960:OID21452:v1	0.00785144520480914	0	0.00785144520480914	0.0152	0.0230514452048091	0.340605334505062	0	LTA4H	0	0.00166162574922837	0.0042835588940951	0.0490912609252341	0.0546773537969482	0.0718827826335801
MYL6B:P14649:OID30936:v1	0	0.0051266662205315	0.0051266662205315	0.0179	0.0230266662205315	0	0.22264040184681	MYL6B	0.00172993647999676	0.00431467733411219	0.0024235499314115	-0.00030881068188076	0.00807939616991691	0.0106510528580442
ST8SIA1:Q92185:OID30442:v1	0	0.00229689259770757	0.00229689259770757	0.0207	0.0229968925977075	0	0.0998783895671426	ST8SIA1	0.000175826385703833	0.00169228971737875	0.00327148255302924	0.00026636242841201	0.00493855872054172	0.00865218093428013
CACNB1:Q02641:OID30820:v1	0	0.00397868632172098	0.00397868632172098	0.0189	0.0228786863217209	0	0.173903617793982	CACNB1	0.00473016117842578	0.00105910451538338	0.000147274132421029	-9.86382032991228e-05	0.00530412903097786	0.00651844346292156
MMUT:P22033:OID30159:v1	0.00513453038131739	0	0.00513453038131739	0.0174	0.0225345303813174	0.227851670056291	0	MMUT	0.00367222076432813	0.000243505031663873	0.00106713779224518	0.000312137144245922	0.00489356336639477	0.0103456823730641
GTF2IRD1:Q9UHL9:OID31264:v1	0	0.00686822725201314	0.00686822725201314	0.0156	0.0224682272520131	0	0.305686210797861	GTF2IRD1	0.00195206516429191	-0.000153475515913183	0.00276702272423208	0.000200238378798623	0.00434550673879816	0.0076165690286563
PALM3:A6NDB9:OID30182:v1	0	0.00634561483708227	0.00634561483708227	0.0161	0.0224456148370822	0	0.282710671244287	PALM3	0.00608799736024714	0.0052301624743912	0.00205418191617855	-8.02925993342774e-05	0.0131457489899367	0.0188493895557321
NCLN:Q969V3:OID20448:v1	0	0.00282520982479614	0.00282520982479614	0.0193	0.0221252098247961	0	0.127691888446177	NCLN	0.000345930202461554	0.00438103759787511	0.00421170495135734	0.000199814644481147	0.00904235083058634	0.0160384590306267
NOS2:P35228:OID30087:v1	0.00546548725986912	0	0.00546548725986912	0.0165	0.0219654872598691	0.248821580655511	0	NOS2	0.00334607367874761	0.0013110733867406	0.00458810718937526	0.00413280095933504	0.0129249016671564	0.017550327792058
ATP6V1F:Q16864:OID20843:v1	0	0.00184455906798901	0.00184455906798901	0.02	0.021844559067989	0	0.0844402060141386	ATP6V1F	0	0.00334992386425503	0.00336778042987986	0.0249320639177409	0.0315695891487881	0.0443228525873508
MAP1LC3B2:A6NCE7:OID30074:v1	0	0.00458644693301229	0.00458644693301229	0.0171	0.0216864469330122	0	0.211489090268196	MAP1LC3B2	0.000502565896054958	-0.00010736396043534	0.00133881868348013	0.00112217130666475	0.0024194288570595	0.00504652666157268
C1QBP:Q07021:OID31007:v1	0	0.00252500096973676	0.00252500096973676	0.0185	0.0210250009697367	0	0.120095165435246	C1QBP	0.000406746143492182	-0.000110304125823707	0.00170473084080001	0.000164548268778174	0.00209219320623233	0.00384534223393153
PDIA3:P30101:OID30573:v1	0.00238793063777338	0	0.00238793063777338	0.0186	0.0209879306377733	0.113776373620926	0	PDIA3	0.000631470664775873	0.000539127457119333	0.00168675938204982	0.0154304131307717	0.0177420925207182	0.0300039116646752
RANBP1:P43487:OID30258:v1	0.00166519719890857	0.0017195477951997	0.00338474499410828	0.0176	0.0209847449941082	0.0793527488361712	0.0819427539235044	RANBP1	0	0.00193830166981843	0.0057331223591885	0.0496441496145957	0.0568765992577885	0.0730331519287855
MTHFD2:P13995:OID31078:v1	0.0209265833186658	0	0.0209265833186658	0	0.0209265833186658	0	0	MTHFD2	0.0157275174068663	0	0.0164327735342751	0.000959490408279301	0.0328843709239344	0.0402443403689722
RIPK4:P57078:OID30138:v1	0	0.0036121293062812	0.0036121293062812	0.0173	0.0209121293062812	0	0.172728910259571	RIPK4	0.0025278635734775	-1.87642346159943e-05	4.85308665265272e-05	-0.000312183475356872	0.00189416697280662	0.00393424197389391
SCRIB:Q14160:OID30558:v1	0	0.00131048890374633	0.00131048890374633	0.0195	0.0208104889037463	0	0.0629725188008638	SCRIB	0	0.00140693231798278	-0.000129271624600331	0.0100692757587789	0.0111321675539756	0.0253854903030089
TSC1:Q92574:OID30478:v1	0	0.00378172138965586	0.00378172138965586	0.017	0.0207817213896558	0	0.181973442851477	TSC1	0	0.00443290801869854	0.0057398332020112	0.00231568259855781	0.0116801779609462	0.0208955985248464
DGCR6:Q14129:OID30859:v1	0.0100969995778772	0.00165066546057963	0.0117476650384568	0.0087	0.0204476650384568	0.493797191947704	0.08072635469503	DGCR6	0.00561721069081988	0.000346117856754411	0.000855287052764798	0.00330073051185833	0.00921276741408732	0.0135033688911056
WASF3:Q9UPY6:OID20882:v1	0.0130400269819287	0	0.0130400269819287	0.0073	0.0203400269819287	0.641101754364153	0	WASF3	0.00666164887445515	-0.000128084151377361	0.00596680132927695	0.00140947497100574	0.0132454706038521	0.0205144840319904
IGHMBP2:P38935:OID30123:v1	0.00318965546842581	0.00169353885606433	0.00488319432449014	0.0153	0.0201831943244901	0.158035215692072	0.0839083659819597	IGHMBP2	0.000677885059817682	0.000394812485516817	0.00317766445899683	0.00245535331635771	0.0063028531627384	0.0171073963588933
DLL4:Q9NR61:OID30255:v1	0	0.00567283740704712	0.00567283740704712	0.0145	0.0201728374070471	0	0.281211675511021	DLL4	0.000908752447670259	-2.56003727386203e-06	0.00160086233961446	0.00148585523797114	0.00362090255399632	0.006365276840047
DCUN1D1:Q96GG9:OID30830:v1	0	0.00291396854048365	0.00291396854048365	0.017	0.0199139685404836	0	0.146327867022576	DCUN1D1	0.00214748891547681	0.00317611643734338	0.00126476914105087	0.00110443489618984	0.00723675911622448	0.0136637699928474
RPL14:P50914:OID30284:v1	0.00238588858268307	0.00222310344079233	0.00460899202347541	0.0153	0.0199089920234754	0.119839747781795	0.111663284518422	RPL14	6.54386036090682e-06	0.00292959488774872	0.00195127630421562	0.0306341351566541	0.0354420418572991	0.0499574180079436
USP28:Q96RU2:OID31084:v1	0.00516222067057236	0	0.00516222067057236	0.0146	0.0197622206705723	0.261216629275846	0	USP28	0.00113556722317987	-0.000265541945882034	0.00108739608913209	0.0114747360910127	0.012936952835036	0.0167938875952763
SPINT3:P49223:OID31509:v1	0.00529043613114377	0	0.00529043613114377	0.0144	0.0196904361311437	0.268680495236773	0	SPINT3	0.000866385260019698	-0.00206534981216635	0.0027079604260513	0.735219503244521	0.736640764445506	0.741294317531835
DEFB103A_DEFB103B:P81534:OID30534:v1	0	0.00233772476154155	0.00233772476154155	0.0172	0.0195377247615415	0	0.119651842273015	DEFB103A_DEFB103B	0.00060987569267202	0.000105315272478495	0.000599190684756535	0.00580731486445875	0.0061406109170044	0.00832779846721174
ART5:Q96L15:OID30828:v1	0.0195012896960452	0	0.0195012896960452	0	0.0195012896960452	0	0	ART5	0.00712928460918661	-6.27927337131325e-05	0.000941991733199217	0.000765527578795484	0.0085306302732591	0.0108234444555684
TSPAN15:O95858:OID30095:v1	0.00165956805833329	0	0.00165956805833329	0.0178	0.0194595680583332	0.0852828826086201	0	TSPAN15	0.000330871592626698	-7.8875663243213e-05	0.000260053823267026	0.00133768239107679	0.001483029563433	0.00302137204252375
SEMA6C:Q9H3T2:OID30531:v1	0.00475022727270656	0	0.00475022727270656	0.0144	0.0191502272727065	0.248050699611107	0	SEMA6C	0	0.00282049553413201	0.00316440253310961	0.003510135157319	0.00939429578053642	0.0163688987700751
OMP:P47874:OID30835:v1	0.0182936516766739	0	0.0182936516766739	7e-04	0.0189936516766739	0.963145580854277	0	OMP	0.0108435886437165	-4.70105013515301e-05	0.000483388333409247	-6.86510205335022e-06	0.0111694054149903	0.0118863163618746
TIGIT:Q495A1:OID31320:v1	0.00424120818217093	0.00154234964887708	0.00578355783104802	0.0132	0.018983557831048	0.223414821390031	0.081246606279174	TIGIT	0.00107352613239928	0.00192615040827685	0.0023664122283293	0.00547572100814898	0.0104803056129884	0.017956376830967
H2AP:O75409:OID31232:v1	0	0.00546570117097697	0.00546570117097697	0.0134	0.0188657011709769	0	0.289716301633432	H2AP	0.00336601717409631	-8.99173801760378e-06	0.00237872831329587	-9.30322380517068e-05	0.0051431521497812	0.00724702740077243
MANEAL:Q5VSG8:OID31244:v1	0	0.00236249440265021	0.00236249440265021	0.0165	0.0188624944026502	0	0.125248249368242	MANEAL	0.00107858880975351	1.82301457254444e-05	0.001747438417744	-0.000404410650809323	0.00210366158392508	0.00516690811361269
MAPK13:O15264:OID31205:v1	0.00173010845720285	0	0.00173010845720285	0.0161	0.0178301084572028	0.0970329743846254	0	MAPK13	0	-0.000456293365216621	0.00170546394529265	0.00458796941512713	0.0052717515756322	0.0121052578339842
PCARE:A6NGG8:OID30838:v1	0	0.0135344648521304	0.0135344648521304	0.0042	0.0177344648521304	0	0.763173006063644	PCARE	0.00542787957332768	0.000441981420981353	0.00173580443645201	0.00136028050188728	0.00859325439612256	0.0107601462619925
CGB3_CGB5_CGB8:P0DN86:OID30671:v1	0.00193531259231907	0.00177046475535527	0.00370577734767435	0.0138	0.0175057773476743	0.110552793736759	0.101136026135422	CGB3_CGB5_CGB8	0.000933874199938295	0.000170468429933999	0.00244728875350944	0.141286431134098	0.144448163637225	0.150180373423472
MDM1:Q8TC05:OID30945:v1	0.0174016170827824	0	0.0174016170827824	0	0.0174016170827824	0	0	MDM1	0.0178745692134045	-0.000137108060894596	0.00261307472634136	4.62436318642882e-05	0.0203373762896699	0.0227676131867287
SHD:Q96IW2:OID30098:v1	0	0.00880182306967159	0.00880182306967159	0.0083	0.0171018230696715	0	0.514671624996563	SHD	0.00506665814622133	-2.1303652004289e-05	0.00133709985709938	0.00037337446322906	0.00645351080176074	0.00789351826966935
PADI2:Q9Y2J8:OID20467:v1	0.00726450187120975	0	0.00726450187120975	0.0098	0.0170645018712097	0.425708404853352	0	PADI2	0.000100900918584895	0.000559811809001735	0.00360785738501889	0.00590054788941959	0.0101083973774473	0.0126898045455544
ATP6V1D:Q9Y5K8:OID21341:v1	0	0.00235584392428914	0.00235584392428914	0.0142	0.0165558439242891	0	0.142296818879336	ATP6V1D	0.000210584069168655	-0.000170423061319919	0.00071067293956095	0.000367646089105182	0.00103101247183803	0.00244370483622085
GLT8D2:Q9H1C3:OID20825:v1	0.0165031832393596	0	0.0165031832393596	0	0.0165031832393596	0	0	GLT8D2	0.00145145354295917	-9.81942248749049e-05	0.00579286275683766	0.000185556728189639	0.00692023684054028	0.0089389296094049
TMCO5A:Q8N6Q1:OID30940:v1	0	0.00144615640183451	0.00144615640183451	0.015	0.0164461564018345	0	0.0879327890663375	TMCO5A	0.000258322615167254	-0.000482815578456818	0.00119408842841789	0.00192048616267307	0.00257066551685043	0.0106586534183461
DOCK9:Q9BZ29:OID30836:v1	0	0.0153821333573151	0.0153821333573151	0.001	0.0163821333573151	0	0.938957889171774	DOCK9	0.00938181949357237	-0.000290325512689568	0.00650506482909756	0.00225125824681356	0.0175757261310874	0.0205988453141644
PARD3:Q8TEW0:OID31301:v1	0.00291745560003911	0	0.00291745560003911	0.0132	0.0161174556000391	0.181012169193258	0	PARD3	7.3236703303613e-05	0.000573844396722544	0.00116118534296649	0.00184957703533697	0.00337690752172479	0.0130415516039516
RPA2:P15927:OID30453:v1	0.00545773638812326	0	0.00545773638812326	0.0106	0.0160577363881232	0.33988205162964	0	RPA2	0.00332368255050264	0.000804478334977029	0.00378282730920409	-1.87647515410149e-05	0.00782726039847512	0.0100051711038637
TIGAR:Q9NQ88:OID20894:v1	0.00161045764151773	0.00190179177482215	0.00351224941633988	0.0125	0.0160122494163398	0.100576602302629	0.118771056169125	TIGAR	4.98569433516238e-05	0.0017334832053694	0.00388292493355816	0.00778061830489516	0.0133622724633326	0.023756783974117
C1QTNF6:Q9BXI9:OID31049:v1	0.00246104002789635	0	0.00246104002789635	0.0131	0.0155610400278963	0.158153955229498	0	C1QTNF6	0.00191844185972213	-4.68265342208316e-05	0.00161768575905889	0.00392750929120982	0.00663428152944385	0.00996902681490573
GUCY2C:P25092:OID31318:v1	0	0.00704922710619022	0.00704922710619022	0.0085	0.0155492271061902	0	0.453349035167406	GUCY2C	0.00186910080353157	0.000289370039834675	0.00280455102321412	0.00390300256840356	0.00850675751461034	0.0112767809537361
GLYR1:Q49A26:OID31364:v1	0	0.00443626113615172	0.00443626113615172	0.0111	0.0155362611361517	0	0.285542389978814	GLYR1	0	-0.000440299478930431	0.00234520028902034	0.0100448072653475	0.0113038429338719	0.0246471397501337
SPRR1B:P22528:OID31296:v1	0	0.00163329536205743	0.00163329536205743	0.0139	0.0155332953620574	0	0.105148027124174	SPRR1B	8.2143385206952e-05	0.00137747874671811	0.00162881801479208	0.00121743905522893	0.00366291924954598	0.00748126922089705
CDH23:Q9H251:OID31074:v1	0.0111260256299366	0	0.0111260256299366	0.0042	0.0153260256299366	0.72595635023629	0	CDH23	0.00882055934676219	0.00109017847937277	0.00166377803967357	0.0110616953683434	0.0225388243481723	0.0258725027810828
SCP2:P22307:OID21161:v1	0	0.00144100771088301	0.00144100771088301	0.0137	0.015141007710883	0	0.0951725102053313	SCP2	0.000977468976532128	4.1446183179902e-05	0.00234737107297974	0.00959390028066214	0.0128066340385113	0.0173950909476979
IL13:P35225:OID20430:v1	0	0.00589882830300852	0.00589882830300852	0.009	0.0148988283030085	0	0.395925651537132	IL13	0.00552459134632478	-7.94660038319485e-05	0.000581468586323525	0.000121882361866284	0.00588315956558836	0.00723963858081846
TGFB2:P61812:OID31417:v1	0.00845161893605557	0	0.00845161893605557	0.0059	0.0143516189360555	0.588896554020297	0	TGFB2	0.00656321340133279	-0.000166397976304659	0.00154816095526992	0.00132275809315653	0.00916937463919867	0.0121765111507816
SHH:Q15465:OID30516:v1	0.00173647948061147	0	0.00173647948061147	0.0125	0.0142364794806114	0.121973939061013	0	SHH	0.00188930502860723	-2.89354052002086e-05	-0.000563125017610616	-0.000114842961999492	0.000370313908747046	0.00500034158577973
IMPG1:Q17R60:OID30814:v1	0	0.00391940947728666	0.00391940947728666	0.0098	0.0137194094772866	0	0.2856835408095	IMPG1	0.00131597825285573	0.000437437217720556	0.00271020286471759	0.000532421010241776	0.00475615313211133	0.00788736331895425
CCDC134:Q9H6E4:OID31413:v1	0.00235857485514415	0.0015890762299021	0.00394765108504625	0.0092	0.0131476510850462	0.179391348301501	0.120863888128996	CCDC134	0.00300597293096687	0.000710947197326401	0.00170767240173222	0.00240599367048657	0.00777032686919493	0.0132875764816132
ATF2:P15336:OID20798:v1	0	0.0107526813000839	0.0107526813000839	0.0023	0.0130526813000839	0	0.823790993810198	ATF2	0.00522928355845924	-8.81949405424516e-05	0.000431872713922016	0.000454970502284592	0.00581034154493097	0.0077495759362295
RBPMS:Q93062:OID30507:v1	0	0.00276602740053794	0.00276602740053794	0.01	0.0127660274005379	0	0.216670959081709	RBPMS	0.00303128130661082	0.000862638025148138	0.000625314213884255	-1.21109435818874e-05	0.00433523100437503	0.0056067188848256
BCL7B:Q9BQE9:OID31421:v1	0	0.00124794027135917	0.00124794027135917	0.0114	0.0126479402713591	0	0.0986674703220328	BCL7B	0.0001235221516607	0.00154214399900327	0.00102366282081963	0.000317055098304052	0.00295968684209125	0.00724038967785736
CLEC2L:P0C7M8:OID30884:v1	0	0.00229590705620617	0.00229590705620617	0.0097	0.0119959070562061	0	0.191390867355742	CLEC2L	0.00311702776644139	0.00318286809238992	0.000592673669374774	0.000134553708309161	0.0067103817562753	0.00861076072752217
NPR1:P16066:OID30116:v1	0	0.00173589496559711	0.00173589496559711	0.0101	0.0118358949655971	0	0.146663600060896	NPR1	0	0.0062829422614182	0.00254270135821543	0.00278895292202956	0.0114644565049841	0.0191990492662198
ITIH1:P19827:OID30722:v1	0.00951002277874006	0.00213075076257245	0.0116407735413125	0	0.0116407735413125	0	0	ITIH1	0.00487469235131191	-0.000147851409374787	0.00519153318083672	0.00116078388290247	0.0106638945872862	0.0148400917835494
ATP6V1G2:O95670:OID30167:v1	0.0114930314633864	0	0.0114930314633864	0	0.0114930314633864	0	0	ATP6V1G2	0.0068412034927697	-4.71485867164422e-05	0.00206039158758391	0.00101440975263561	0.00967130420296381	0.011560562192698
CLSPN:Q9HAW4:OID20831:v1	0	0.00668546265039461	0.00668546265039461	0.0048	0.0114854626503946	0	0.582080396227218	CLSPN	0.000746503950606421	1.86360824760801e-05	0.00297915722643409	-0.00025186194724117	0.00332297161272104	0.0050263759397218
IL10RA:Q13651:OID20420:v1	0.0105772853316405	0	0.0105772853316405	8e-04	0.0113772853316405	0.929684456644927	0	IL10RA	0.000658799855538003	-0.000170047979352016	0.00174872667844584	0.00205024713832141	0.00354493899897141	0.00641908023542723
KIR3DL2:P43630:OID31191:v1	0.0113426134088429	0	0.0113426134088429	0	0.0113426134088429	0	0	KIR3DL2	0.000849118074801127	-7.76119416977232e-05	0.00130708374859529	0.000255217645993152	0.00210288266106886	0.00412392330632993
FEN1:P39748:OID21192:v1	0	0.00144311876222698	0.00144311876222698	0.0098	0.0112431187622269	0	0.128355734093583	FEN1	0	0.000208056815951826	0.000275086339592858	0.0482391260835565	0.0482446108176855	0.0665454672976547
VTCN1:Q7Z7D3:OID21164:v1	0.00599377270584592	0.00315998614438257	0.0091537588502285	0.0016	0.0107537588502285	0.557365363062662	0.293849451935165	VTCN1	0.00396993905628368	0.000618881984961982	0.00493429901675288	0.0074051764953131	0.0168564125159727	0.0192963870007534
ADGRV1:Q8WXG9:OID30877:v1	0	0.0107370242102195	0.0107370242102195	0	0.0107370242102195	0	0	ADGRV1	0.00630622488638097	0	0.000150366700461429	-3.09854184847502e-06	0.00574290575389824	0.00658182461138394
TEF:Q10587:OID30103:v1	0.0023965081126118	0	0.0023965081126118	0.0083	0.0106965081126118	0.224045836957407	0	TEF	0.000393694031483384	5.99868118106092e-06	0.00232587488912467	0.000209877875975231	0.00277355193063191	0.004490913847272
UROS:P10746:OID30964:v1	0.00838880285645173	0.00211471600619641	0.0105035188626481	0	0.0105035188626481	0	0	UROS	0.00051834394057293	-0.000167080699052684	0.00681908747949792	0.0120194594947988	0.0187621639573929	0.0300913387415518
PRUNE2:Q8WUY3:OID31270:v1	0	0.00417910775196022	0.00417910775196022	0.0061	0.0102791077519602	0	0.40656327891526	PRUNE2	0.000377186698425329	0.000622753291007826	0.00117278371874449	0.00942577257230823	0.0113126614545924	0.0161346186050637
ANXA5:P08758:OID20810:v1	0.00940386962201662	0	0.00940386962201662	7e-04	0.0101038696220166	0.930719612763541	0	ANXA5	0.00551725207128973	-3.41890380213683e-05	0.001856416105399	0.0161983959495223	0.0233014672106524	0.0257986200900856
PNPT1:Q8TCS8:OID20445:v1	0	0.00462506872287844	0.00462506872287844	0.0052	0.00982506872287844	0	0.470741615486984	PNPT1	0.00411241782241934	5.51863064264424e-05	0.00204515318577267	0.0173408622294934	0.0234794723633209	0.0258144215252037
AIDA:Q96BJ3:OID30956:v1	0	0.00374519146175921	0.00374519146175921	0.006	0.00974519146175921	0	0.384311737378952	AIDA	0.002808536117782	0.00460692545075179	0.00245726737782447	0.00037342882339179	0.0096543155027645	0.013975548963985
EIF5:P55010:OID30156:v1	0.00211793552061877	0	0.00211793552061877	0.0076	0.00971793552061877	0.217940890441709	0	EIF5	0.00240028159046006	8.96048498794744e-06	0.00120972612172614	-0.000268909824028445	0.003131314473266	0.00486651402105889
TPBGL:P0DKB5:OID30928:v1	0	0.0018976514320829	0.0018976514320829	0.0078	0.00969765143208291	0	0.19568154675109	TPBGL	0.00156965366104875	-0.000256117524927097	0.00107323975277199	0.000300728637735068	0.00238848929275843	0.00655617637277468
DNAJB8:Q8NHS0:OID20093:v1	0	0.00602172506918562	0.00602172506918562	0.0033	0.00932172506918562	0	0.645988271966027	DNAJB8	0.0016779677960083	-0.000339161711130147	0.00200115603626136	0.00166999715192279	0.00466530606900435	0.0103700693451711
CLTA:P09496:OID20118:v1	0	0.00699875836464186	0.00699875836464186	0.0023	0.00929875836464186	0	0.752655149235229	CLTA	0.0018452755963268	0.000213985211778722	0.00611615243447077	0.0092938503536486	0.0168840849792222	0.0294838921507874
CLASP1:Q7Z460:OID31192:v1	0	0.00217894975330731	0.00217894975330731	0.0071	0.00927894975330732	0	0.234827196098423	CLASP1	0	0.00400388252896703	0.00470885193679139	-0.000189614200594291	0.00811911790301874	0.0141564831176489
ACADM:P11310:OID31277:v1	0.00904043081907376	0	0.00904043081907376	0	0.00904043081907376	0	0	ACADM	0.00338966372671378	-7.19127837005941e-05	0.00122390513101315	-0.00068410743133854	0.00360443454314287	0.00685648008581387
SLC4A1:P02730:OID30369:v1	0.00191573140594705	0.00122443014170781	0.00314016154765486	0.0059	0.00904016154765486	0.211913403963895	0.135443391719636	SLC4A1	0	0.0015425521444171	0.00155399065542233	0.0638673391191906	0.0666494855315405	0.080268456427602
CIT:O14578:OID30970:v1	0.00390940055658263	0.00163593922666585	0.00554533978324849	0.0029	0.00844533978324849	0.462906248525016	0.193709106874631	CIT	0.000601487126178638	0.0014491850168522	0.00307453441124504	0.042982570412413	0.047647696624302	0.0660545528840305
FAM171A2:A8MVW0:OID31005:v1	0	0.00261486308232533	0.00261486308232533	0.0057	0.00831486308232533	0	0.31448059414035	FAM171A2	0.00136603327497351	3.95688102465077e-05	0.00324213918371599	0.000855379868360576	0.00526481027293073	0.00747159650505333
IL1A:P01583:OID20488:v1	0	0.00810278021215737	0.00810278021215737	0	0.00810278021215737	0	0	IL1A	0.00252634977509495	-1.23678113039925e-05	0.00193104677681792	-0.000144167564986272	0.0042537890101986	0.00532978925435539
ACSL1:P33121:OID30080:v1	0	0.00257156033337514	0.00257156033337514	0.0053	0.00787156033337514	0	0.326690036595643	ACSL1	0.000485890897185715	-6.18818329055936e-06	0.000230900955610802	0.00132172235814172	0.00188254067906897	0.00391007284825371
HEBP1:Q9NRV9:OID20063:v1	0.00785236486424935	0	0.00785236486424935	0	0.00785236486424935	0	0	HEBP1	0.00263688871020432	7.77025964203162e-05	0.00179269618951577	0.000213777727919461	0.00448041556481464	0.00628776563453031
INSL3:P51460:OID31129:v1	0	0.00206233477926864	0.00206233477926864	0.0056	0.00766233477926864	0	0.269152267380503	INSL3	0.000292920748705674	0.000747869252025995	0.00298659197681409	0.737458673120901	0.741429774105698	0.74558536484005
LYAR:Q9NX58:OID21264:v1	0.00149687223913668	0	0.00149687223913668	0.0061	0.00759687223913668	0.197037964048581	0	LYAR	0	0.00458398615535021	0.00228400522811327	0.0121733868287683	0.0188296917327424	0.0299898533448124
THAP12:O43422:OID31238:v1	0	0.00445283778614527	0.00445283778614527	0.0031	0.00755283778614527	0	0.589558244493671	THAP12	6.81524625038488e-05	-0.000222401258169834	0.00326565526296686	0.000856916753188281	0.00391441497282403	0.00684847690141748
ITPRIP:Q8IWB1:OID30860:v1	0	0.00160905296124698	0.00160905296124698	0.0058	0.00740905296124698	0	0.217173904635738	ITPRIP	5.36563456772485e-05	7.86260395310785e-05	0.000176392953496823	0.00909029993539688	0.00924462464862625	0.0115519138897127
MMP15:P51511:OID30299:v1	0	0.00398721618515774	0.00398721618515774	0.003	0.00698721618515774	0	0.57064445689077	MMP15	0.000498539938607543	2.11407078914412e-05	0.000590441049311515	9.11084789840738e-05	0.00100456597739833	0.00208963014949215
GSAP:A4D1B5:OID21173:v1	0	0.00214385816173524	0.00214385816173524	0.0046	0.00674385816173524	0	0.31789787245223	GSAP	0.000316341751130247	-4.34910851663447e-05	9.24853852685637e-05	0.000512915187926562	0.000155860584215596	0.00263240662383843
LHB:P01229:OID21248:v1	0.00160759590219561	0.00504186118763227	0.00664945708982789	0	0.00664945708982789	0	0	LHB	0.00065150502975855	-4.15996312300451e-05	0.00380371741628362	0.0803951523980881	0.0846110996776828	0.0900517523199433
OSTN:P61366:OID30909:v1	0.00663909674640064	0	0.00663909674640064	0	0.00663909674640064	0	0	OSTN	0.000480191168314286	9.55953237545955e-07	0.00397861491364366	0.0036094066839486	0.00782891606455684	0.0109327047692624
TPPP3:Q9BW30:OID20842:v1	0.00201547965689022	0	0.00201547965689022	0.0041	0.00611547965689022	0.329570167831301	0	TPPP3	0.000665693920075916	-4.23175721921336e-05	0.000267765291004647	0.00511688630216673	0.00594749557036853	0.00730420039057156
CDAN1:Q8IWY9:OID31076:v1	0	0.00133651941603264	0.00133651941603264	0.0047	0.00603651941603264	0	0.221405635254469	CDAN1	9.54743677546566e-05	4.47408722216235e-06	0.00214512137637088	-0.000424268732748045	0.00178918643936217	0.00444156323480671
PCNA:P12004:OID31161:v1	0	0.00139765451473734	0.00139765451473734	0.0042	0.00559765451473734	0	0.249685740886229	PCNA	1.49039015108607e-05	0.000122254807346609	0.00173551118076773	0.00182017266964846	0.00319683634337251	0.00514124080456872
ITIH5:Q86UX2:OID31430:v1	0.0053423191019143	0	0.0053423191019143	0	0.0053423191019143	0	0	ITIH5	0.00373485530174053	5.4141546677676e-05	0.000435801010518645	0.00158056105024237	0.00515937064545013	0.00662405634763119
ENPEP:Q07075:OID30135:v1	0.00476624189752983	0	0.00476624189752983	4e-04	0.00516624189752983	0.922574279731025	0	ENPEP	7.36886850886096e-05	-4.36060330005338e-05	0.00126453628495952	4.95914034057552e-05	0.00120673116776153	0.0028922038591286
RALY:Q9UKM9:OID31382:v1	0.00268090201550096	0.00209519326260167	0.00477609527810263	0	0.00477609527810263	0	0	RALY	0.00147237311905671	0.000237119671122355	0.000389178118348549	0.0108372136949712	0.0127877412572593	0.026165949789368
SHPK:Q9UHJ6:OID31292:v1	0.00449813167198898	0	0.00449813167198898	0	0.00449813167198898	0	0	SHPK	0.00156033433771009	0.000604391496101829	0.000901094073483286	0.00120196561279336	0.00403808735047375	0.00715681690498154
KIF1C:O43896:OID30163:v1	0.00390367267093633	0	0.00390367267093633	0	0.00390367267093633	0	0	KIF1C	0.000112632962612599	0.00237119068441439	0.000920973945723963	0.0203806936001673	0.0237489730509295	0.0353920072842453
MORF4L2:Q15014:OID31160:v1	0	0.00363894553379424	0.00363894553379424	2e-04	0.00383894553379424	0	0.947902360624968	MORF4L2	0.00201339774697725	0.00275644561029829	0.00154985617177767	0.00060886531300325	0.00664366091271822	0.0110606625677513
CEBPB:P17676:OID20052:v1	0	0.0036780148379404	0.0036780148379404	0	0.0036780148379404	0	0	CEBPB	8.92459666859909e-05	0.00414548987469597	0.00701814581116342	0.0667675585251855	0.0776402392401677	0.0942859874343037
CDK1:P06493:OID31164:v1	0	0.00359082159906894	0.00359082159906894	0	0.00359082159906894	0	0	CDK1	0.00216402852681259	-1.0548226560159e-06	0.00193300779806965	0.0047245115897982	0.00832275771446094	0.0109567780929023
IL31:Q6EBC2:OID30487:v1	0	0.00322927286457388	0.00322927286457388	0	0.00322927286457388	0	0	IL31	0.000573672731679621	-0.000147345592381093	0.000281482363449937	-0.000433455674679616	-1.75357704150996e-05	0.00408365559717807
CENPF:P49454:OID31329:v1	0.00308035410464695	0	0.00308035410464695	0	0.00308035410464695	0	0	CENPF	0	0.00188464168727496	6.19580834392043e-05	0.0931716167599956	0.0949032517495763	0.110536048434612
CD82:P27701:OID31256:v1	0	0.00302066178400474	0.00302066178400474	0	0.00302066178400474	0	0	CD82	0.00142356434113461	6.22586312559594e-06	0.00114167901173556	0.000231855498897776	0.00241933843686815	0.00443002834922894
ANKRD54:Q6NXT1:OID21162:v1	0.00233827576692109	0	0.00233827576692109	4e-04	0.00273827576692109	0.853922674687451	0	ANKRD54	0.000499818952040364	0.000835699283525934	-0.000364434128468026	0.0516741864499394	0.0525616657534927	0.0685338636852145
NRTN:Q99748:OID20465:v1	0.00169644859113254	0	0.00169644859113254	0.001	0.00269644859113254	0.629141826293826	0	NRTN	0.000121326499352342	0.000333524155320177	0.000540065292979327	0.00209447623535541	0.0030105355140893	0.00443496414984257
FH:P07954:OID30839:v1	0	0.00267977735734368	0.00267977735734368	0	0.00267977735734368	0	0	FH	0.000887549649969101	-3.46194573423387e-05	0.000299096076356495	0.00139287385936396	0.00210458586833227	0.00469991352509984
CLNS1A:P54105:OID30929:v1	0	0.00245989532507425	0.00245989532507425	0	0.00245989532507425	0	0	CLNS1A	8.9460934183224e-05	-0.000141522419294755	0.00153715188152232	0.0382320210761726	0.0395586904062475	0.0525190563451412
SERPINB5:P36952:OID20064:v1	0.00146416625875493	0	0.00146416625875493	9e-04	0.00236416625875493	0.619316113379446	0	SERPINB5	0.000731064306098963	-0.000134426377391271	0.00208385971533225	0.00357502701377596	0.00613619112046893	0.00871415886123361
ENOX2:Q16206:OID30152:v1	0	0.00226709049167862	0.00226709049167862	0	0.00226709049167862	0	0	ENOX2	0	-0.000194147082840786	-0.000131260194539483	0.0090712501989081	0.00845894292595824	0.0212224968664658
RCOR1:Q9UKL0:OID20073:v1	0	0.00218460003568296	0.00218460003568296	0	0.00218460003568296	0	0	RCOR1	0	0.000169419854808911	0.00035625678252127	0.00369824177580704	0.00367766344549001	0.00964722116481545
DOC2B:Q14184:OID30927:v1	0.00206990107095826	0	0.00206990107095826	0	0.00206990107095826	0	0	DOC2B	0	-0.000120530581525406	0.00159077259431231	0.000410097562328954	0.00130431669683617	0.00367549712980915
DEFB118:Q96PH6:OID30858:v1	0	0.00191084959052265	0.00191084959052265	0	0.00191084959052265	0	0	DEFB118	0	0	0.00122729749004628	-7.13362482296484e-05	0.000617350000820816	0.00145886190569373
TSPAN7:P41732:OID30810:v1	0	0.00187142742938555	0.00187142742938555	0	0.00187142742938555	0	0	TSPAN7	0	0.00883681167090676	0.00284193460666097	0.00301941974572428	0.0144769361725385	0.0210803268786391
GAGE2A:Q6NT46:OID31199:v1	0.00183134235066035	0	0.00183134235066035	0	0.00183134235066035	0	0	GAGE2A	0	0.00138779727638593	0.000429605584107406	-0.00105268552705995	0.000535771089611846	0.0055361297693748
CEP152:O94986:OID31249:v1	0.00168439776690945	0	0.00168439776690945	0	0.00168439776690945	0	0	CEP152	0.000304620981537112	-0.000346216235203027	-0.000506144153829984	6.56055619128089e-05	-0.000813613501421039	0.00618433740260612
CEND1:Q8N111:OID30821:v1	0	0.00162083215278691	0.00162083215278691	0	0.00162083215278691	0	0	CEND1	0.000122167894031132	-0.000106767905074931	-0.000131904421942615	0.00646376100246076	0.00630781819932096	0.00870301041591546
TXK:P42681:OID31262:v1	0	0.00158210982506112	0.00158210982506112	0	0.00158210982506112	0	0	TXK	0.000385254877902592	0.00109609875623954	0.00196232857013053	0.00180022236764476	0.00507026575934795	0.00904341974220593
TET2:Q6N021:OID31266:v1	0	0.00153810662785085	0.00153810662785085	0	0.00153810662785085	0	0	TET2	0.00127299120158218	-1.53858842376758e-05	0.000877184813897809	5.98660337754696e-06	0.00189920566631485	0.00332703017156191
SCARB1:Q8WTV0:OID20805:v1	0	0.00147448566179145	0.00147448566179145	0	0.00147448566179145	0	0	SCARB1	0.000407387735248493	-7.17646140538833e-05	0.000338405316329422	-2.83683772392887e-05	0.000492824230481493	0.00176361414527999
RNF168:Q8IYW5:OID30506:v1	0	0.0013569129116779	0.0013569129116779	0	0.0013569129116779	0	0	RNF168	4.98995082726738e-06	0.00343228639169684	0.00249589775368829	8.41074203700189e-05	0.00566334613790283	0.0107839859570863
AKR1C4:P17516:OID20062:v1	0.00135505021110549	0	0.00135505021110549	0	0.00135505021110549	0	0	AKR1C4	4.77025173742298e-05	0.000584464597251059	0.000847122500154988	0.00572680804165906	0.00713438571484067	0.0111840993895958
