UKBprotID	cispQTLs	transpQTLs	allpQTLs	polygen_comp	total_herit	THcis	THtrans	protID	R2_Gcis	R2_Gtrans
SIRPA:P78324:OID20304:v1	0.772901908753621	0.00847860544705847	0.78138051420068	0.1093	0.89068051420068	0.867765597687116	0.00951924434393559	SIRPA	0.783610743357406	0.00296141280083209
LILRB5:O75023:OID20324:v1	0.794063235181574	0.00343758621610368	0.797500821397677	0.09	0.887500821397677	0.894718310154402	0.00387333299668389	LILRB5	0.80192378070166	0.00122542973412362
FUCA1:P04066:OID20261:v1	0.0672915052950639	0.697925513895414	0.765217019190478	0.1012	0.866417019190478	0.0776664167538359	0.805530706850044	FUCA1	0.0333902642409822	0.711449666833876
TLR3:O15455:OID20612:v1	0.77325134202652	0.00586061977711083	0.779111961803631	0.0818	0.860911961803631	0.898177021964638	0.00680745539280542	TLR3	0.780482610439625	0.00124302095548002
CD33:P20138:OID21472:v1	0.778705362277487	0.0107200822023492	0.789425444479836	0.0696	0.859025444479836	0.906498599408792	0.0124793535176836	CD33	0.721874978830481	0.00291009130082431
MICB_MICA:Q29980_Q29983:OID20593:v1	0.773873727739134	0.0126103477133107	0.786484075452445	0.0608	0.847284075452445	0.91335804620887	0.0148832582585443	MICB_MICA	0.643037241894316	0.000206088228440892
DKKL1:Q9UK85:OID21313:v1	0.732510727558744	0.0254149219493182	0.757925649508062	0.0873	0.845225649508062	0.866645171008569	0.0300688011114076	DKKL1	0.710042688828358	0.0105254747789567
PDGFRB:P09619:OID20268:v1	0.732571437106075	0.00421549180000169	0.736786928906077	0.0964	0.833186928906077	0.879240194115738	0.00505947903615863	PDGFRB	0.708314472251981	0.00187238364129856
MST1:P26927:OID30713:v1	0.689653916284686	0.00940072124131252	0.699054637525998	0.1106	0.809654637525998	0.851787767673399	0.0116107792206781	MST1	0.542847253563745	0.0209962256158083
DBH:P09172:OID30703:v1	0.654651391615165	0.00787125873196725	0.662522650347133	0.1283	0.790822650347133	0.827810623946855	0.00995325403048604	DBH	0	0.625378208662396
IL17RA:Q96F46:OID21089:v1	0.722537593112286	0.00368357467871582	0.726221167791002	0.0547	0.780921167791002	0.925237556507956	0.0047169609822917	IL17RA	0.574230058307304	0.00537991047256296
CCL24:O00175:OID20772:v1	0.648307263293255	0.0174598500354576	0.665767113328713	0.1118	0.777567113328713	0.833763738435252	0.0224544605040113	CCL24	0.62334723940779	0.0149674382946077
MBL2:P11226:OID30759:v1	0.650666618947228	0.0409739684025201	0.691640587349749	0.0852	0.776840587349749	0.837580617623273	0.0527443713288796	MBL2	0	0.68379363976685
PNLIPRP2:P54317:OID20775:v1	0.679722666313884	0.0225042516854853	0.70222691799937	0.0745	0.77672691799937	0.875111510316468	0.0289731837071514	PNLIPRP2	0	0.696159649401639
TPSAB1:Q15661:OID20642:v1	0.633602822063733	0.020421444287632	0.654024266351365	0.12	0.774024266351365	0.818582633139452	0.0263834677740733	TPSAB1	0.577506400543974	0.0106111117782829
ZP3:P21754:OID30265:v1	0.668224354219893	0.0107515603366132	0.678975914556506	0.0882	0.767175914556506	0.871018421643469	0.0140144654343438	ZP3	0.74365599457411	0.0060571715176129
MEP1B:Q16820:OID20168:v1	0.616615497768372	0.0264954599491301	0.643110957717503	0.118	0.761110957717503	0.810151912169997	0.0348115602337239	MEP1B	0	0.639324808852478
CFHR4:Q92496:OID30758:v1	0.679246969034062	0.0054875502166285	0.68473451925069	0.073	0.75773451925069	0.896418140888918	0.00724204860305827	CFHR4	0.660564665407671	0.00508762526194419
CFHR2:P36980:OID30720:v1	0.68746588280386	0.000456039145278364	0.687921921949139	0.0665	0.754421921949139	0.911248550450006	0.000604488194219134	CFHR2	0.67997940662602	0.000752385951151283
KLK12:Q9UKR0:OID21201:v1	0.694878891763643	0.00607194097762775	0.700950832741271	0.0514	0.752350832741271	0.923610184934304	0.00807062438610452	KLK12	0.776919775818455	0.000931557867810955
IL6R:P08887:OID20385:v1	0.650323633554174	0.00524203376752452	0.655565667321699	0.0934	0.748965667321699	0.868295653497351	0.00699903079171844	IL6R	0.576299956249629	0.00242665386108777
MDGA1:Q8NFP4:OID20951:v1	0.663045693195035	0.00878377915130601	0.671829472346341	0.0771	0.748929472346341	0.885324610230335	0.0117284463699727	MDGA1	0.61553629685543	0.00115771176830831
LILRA3:Q8N6C8:OID30376:v1	0.647860284491788	0.00400699051822595	0.651867275010014	0.0966	0.748467275010014	0.865582646192674	0.00535359480903468	LILRA3	0.521373602104616	0.000290474379256724
ACP6:Q9NPH0:OID21432:v1	0.662147147611579	6.12887860479416e-05	0.662208436397627	0.0859	0.748108436397627	0.885095148505505	8.19250032028325e-05	ACP6	0.586833505374092	0.00135189945171453
PILRB:Q9UKJ0:OID20197:v1	0.584463162404173	0.00728623337771461	0.591749395781888	0.1524	0.744149395781888	0.785411055518052	0.00979135832000356	PILRB	0.545601680947335	0.0102667332471595
LRRC37A2:A6NM11:OID31440:v1	0.658038850265124	0.0169069118852838	0.674945762150408	0.0632	0.738145762150408	0.891475483579406	0.0229045708208493	LRRC37A2	0	0.64460521766315
PSCA:O43653:OID31493:v1	0.690373743859673	0.021140491184266	0.711514235043939	0.0246	0.736114235043939	0.937862237942544	0.0287190359564289	PSCA	-4.26819556125104e-05	0.767386127560193
CSF2RB:P32927:OID30553:v1	0.645406144161905	0.00528914826924853	0.650695292431154	0.0847	0.735395292431154	0.877631595965549	0.00719225200879796	CSF2RB	0.613794124443105	9.30972225811526e-05
CTSH:P09668:OID20113:v1	0.644997881102682	0.0056654778859565	0.650663358988638	0.0752	0.725863358988639	0.888594076440739	0.00780515756278197	CTSH	0.584437683480587	0.001350877604637
BST1:Q10588:OID21051:v1	0.633881681617971	0.0213250721259542	0.655206753743925	0.0706	0.725806753743925	0.873347731125705	0.029381198254154	BST1	0.624005684384496	0.00873969306766137
FGFR4:P22455:OID30646:v1	0.489361436645457	0.125971423872113	0.615332860517571	0.1096	0.724932860517571	0.675043805154693	0.173769780255477	FGFR4	0.478396415174387	0.129976044429949
ADGRB3:O60242:OID20974:v1	0.590398512295134	0.0016245951910212	0.592023107486155	0.1298	0.721823107486155	0.817926866252973	0.0022506832687569	ADGRB3	0.54769983232633	0.000850258554418595
CEACAM21:Q3KPI0:OID20548:v1	0.662629365174858	0.000781859291887454	0.663411224466746	0.0483	0.711711224466746	0.931036834035233	0.0010985625419541	CEACAM21	0.779315125246558	-2.94445601348436e-06
VNN1:O95497:OID30711:v1	0.546922700241549	0.0157358802823922	0.562658580523941	0.1424	0.705058580523941	0.775712423548014	0.022318543050279	VNN1	0.505363545843074	0.0169861359527305
CD300LF:Q8TDQ1:OID21469:v1	0.544987023677884	0.00651297756234359	0.551500001240227	0.1501	0.701600001240227	0.776777398395814	0.00928303527769457	CD300LF	0	0.561624764385995
APOBR:Q0VD83:OID30246:v1	0.635963556917691	0.0044653176997037	0.640428874617394	0.0604	0.700828874617394	0.907444855586014	0.00637148077287978	APOBR	0.618555265117668	0.00315469224803808
GC:P02774:OID30780:v1	0.626359637161631	0.00189446329275522	0.628254100454387	0.0649	0.693154100454387	0.903636921069977	0.00273310551219899	GC	0.637391538156744	0.000910606472720118
LILRB2:Q8N423:OID20301:v1	0.510981398442497	0.0267815280327892	0.537762926475286	0.1508	0.688562926475286	0.74209833087904	0.0388948155688286	LILRB2	0.509862268671165	0.0154222004214153
GSTT2B:P0CG30:OID31097:v1	0.648540539601018	0	0.648540539601018	0.0387	0.687240539601018	0.943687838871572	0	GSTT2B	0.669129022904995	0
IL1RAP:Q9NPH3:OID21126:v1	0.576531625162285	0.00719903572465041	0.583730660886935	0.1016	0.685330660886935	0.841245924144345	0.0105044705213299	IL1RAP	0.606026058931213	0.00135829577788026
MAN2B2:Q9Y2E5:OID30306:v1	0.437192401666801	0.0969865397864974	0.534178941453299	0.1482	0.682378941453299	0.640688589738261	0.142130030536903	MAN2B2	0.402888536720878	0.0895971220045771
ENPP5:Q9UJA9:OID20736:v1	0.491333184236818	0.00711238991444229	0.49844557415126	0.1834	0.68184557415126	0.720593053417431	0.0104310861345629	ENPP5	0.422979805555895	0.00196313961357403
TREH:O43280:OID30388:v1	0.541167882513851	0.0141242198759889	0.55529210238984	0.1248	0.68009210238984	0.795727344299676	0.0207680986536331	TREH	0.489775759982422	0.0117759285153882
SGSH:P51688:OID30341:v1	0.42052324490248	0.181143813385242	0.601667058287722	0.0765	0.678167058287722	0.620087985347213	0.267107951015204	SGSH	0	0.559433685291241
LY75:O60449:OID20580:v1	0.56388912678093	0.0202310313804127	0.584120158161343	0.0921	0.676220158161343	0.833883935542763	0.0299178176459887	LY75	0.497834204002944	0.00587906703472754
HDGF:P51858:OID21455:v1	0.603389313240017	0.00116257041150535	0.604551883651523	0.0713	0.675851883651523	0.892783356583988	0.00172015561342253	HDGF	0.594777976033433	0
TNFRSF10C:O14798:OID20265:v1	0.100003235827068	0.417443454991377	0.517446690818446	0.1577	0.675146690818446	0.148120752403955	0.618300379263256	TNFRSF10C	0.0515784902615214	0.414255319654907
LILRA6:Q6PI73:OID30346:v1	0.647267722669523	0.00261730526606474	0.649885027935588	0.0251	0.674985027935588	0.958936414707098	0.00387757529092112	LILRA6	0.632859273427759	0.000433887128610986
TNN:Q9UQP3:OID30412:v1	0.541286193895555	0.0209632718257903	0.562249465721345	0.1089	0.671149465721345	0.806506183110472	0.0312348782148835	TNN	0.497189503332002	0.0261489885285999
TDGF1:P13385:OID20816:v1	0.658025879698822	0.0013831148136163	0.659408994512438	0.0082	0.667608994512438	0.985645617580969	0.0020717438275774	TDGF1	0.770455444283882	0.000386251387452843
C1QTNF9:P0C862:OID30620:v1	0.492977333814514	0.0184375727965592	0.511414906611073	0.1494	0.660814906611073	0.746014245263778	0.0279012664697813	C1QTNF9	0.468751701311303	0.0129960403971884
SFTPD:P35247:OID20214:v1	0.393146138036735	0.0965925838726617	0.489738721909397	0.1695	0.659238721909397	0.596363843583155	0.146521405163965	SFTPD	0	0.486481622115413
FCGR2A:P12318:OID20391:v1	0.50160398988383	0.0258476431501664	0.527451633033996	0.131	0.658451633033996	0.761793220213536	0.0392551887692438	FCGR2A	0.558093870638133	0.00819643944380955
DPEP1:P16444:OID20897:v1	0.465386229421545	0.024811728198481	0.490197957620026	0.1655	0.655697957620026	0.709757021526722	0.0378401791711228	DPEP1	0.445896937093419	0.018066418241337
CST7:O76096:OID20704:v1	0.477308212494041	0.0304200174769701	0.507728229971011	0.1474	0.655128229971011	0.728572194965803	0.0464336844075795	CST7	0.44751319210067	0.0284949963941182
IFNGR2:P38484:OID20941:v1	0.530412919776316	0.0205004877071437	0.55091340748346	0.1003	0.65121340748346	0.814499384811557	0.0314804447690435	IFNGR2	0	0.647760743408728
KIR3DL1:P43629:OID21185:v1	0.578102455366006	0.0353092404993227	0.613411695865329	0.0376	0.651011695865329	0.888006250943907	0.0542374902380047	KIR3DL1	0.572033837790883	0.0463284555492425
F12:P00748:OID30739:v1	0.569307223643752	0.00631325170314456	0.575620475346896	0.075	0.650620475346896	0.875021990877569	0.0097034322502354	F12	0.495565694931811	0.000492269052071101
PGLYRP2:Q96PD5:OID30742:v1	0.54559161747934	0.00602363323353505	0.551615250712876	0.0982	0.649815250712875	0.839610361377026	0.00926976279323525	PGLYRP2	0.50641947688639	0.00368318091311911
SIGLEC9:Q9Y336:OID21390:v1	0.192494584915115	0.308710219463854	0.501204804378969	0.1388	0.640004804378969	0.30077053109297	0.482356096941197	SIGLEC9	0.176451146452823	0.289749866573211
KLK1:P06870:OID21499:v1	0.510849049017915	0.0344162290889785	0.545265278106894	0.0894	0.634665278106894	0.804910976919514	0.0542273703575477	KLK1	0.0404013409353447	0.522302818960213
PLB1:Q6P1J6:OID31110:v1	0.42401493702331	0.0274079002574777	0.451422837280788	0.1817	0.633122837280788	0.669719858541859	0.0432900199512506	PLB1	0.422078844876734	0.0204731974233863
ICAM2:P13598:OID20248:v1	0.00441588674759783	0.551470335180712	0.555886221928309	0.077	0.632886221928309	0.00697737854703692	0.871357782921019	ICAM2	0	0.520427152465156
KIR2DS4:P43632:OID31432:v1	0.619819339630079	0.00234528730684313	0.622164626936922	0.0105	0.632664626936922	0.979696529946625	0.00370699926467829	KIR2DS4	0.79105987591748	0.000203655651430725
CLEC4C:Q8WTT0:OID20547:v1	0.382349417548684	0.0875092417743322	0.469858659323017	0.1615	0.631358659323017	0.605597803883238	0.138604643307126	CLEC4C	0.29201243291986	0.095316241791521
PRSS53:Q2L4Q9:OID31093:v1	0.488826088892138	0.0359515499841553	0.524777638876294	0.1065	0.631277638876294	0.774344058443561	0.0569504569307268	PRSS53	0.381711205190514	0.0134919429880021
IL7R:P16871:OID21136:v1	0.337501200822599	0.161544592679236	0.499045793501836	0.1318	0.630845793501836	0.534997941333846	0.256076198562726	IL7R	0.325836016639673	0.167805510242184
CD70:P32970:OID20599:v1	0.434540360466582	0.0339122897951801	0.468452650261762	0.1602	0.628652650261762	0.691224892292501	0.0539443996315922	CD70	0.378770070641162	0.0312541589170558
PILRA:Q9UKJ1:OID21129:v1	0.448235206656671	0.011554163676386	0.459789370333057	0.168	0.627789370333057	0.713989799506913	0.0184045226351256	PILRA	0.395592644284664	0.00654632465440644
CLEC7A:Q9BXN2:OID20636:v1	0.44265634206614	0.00535372014405288	0.448010062210192	0.1792	0.627210062210192	0.705754529042927	0.00853576890202812	CLEC7A	0.39120673387959	0.00458077480235768
SMPDL3A:Q92484:OID20676:v1	0.31682184931833	0.139356522845523	0.456178372163853	0.1703	0.626478372163853	0.505718734110531	0.222444267890983	SMPDL3A	0.316368630578039	0.143620651498033
UMOD:P07911:OID20237:v1	0.377778891245412	0.0497872704021943	0.427566161647606	0.1989	0.626466161647606	0.603031599108008	0.0794731997515296	UMOD	0.361363774850228	0.0383880820715562
ABO:P16442:OID30675:v1	0.624407306302069	0.000569614556395037	0.624976920858464	0	0.624976920858464	0	0	ABO	0	0.640627948545052
KLK15:Q9H2R5:OID31427:v1	0.541283453787828	0.00505648420238313	0.546339937990211	0.0784	0.624739937990211	0.866414040263117	0.00809374252372891	KLK15	0.426132963065324	0.0226366039108537
PSG1:P11464:OID20916:v1	0.51103834735561	0.0155819857185754	0.526620333074185	0.095	0.621620333074185	0.822106871614544	0.025066724638037	PSG1	0.458811064718784	0.0069392074570753
TMPRSS5:Q9H3S3:OID20947:v1	0.387338054813757	0.0330556034559136	0.420393658269671	0.1997	0.620093658269671	0.624644438220184	0.0533074367316593	TMPRSS5	0.343166040218218	0.0376534481831148
PDCD6:O75340:OID20163:v1	0.526754091415415	0.00560593012372867	0.532360021539144	0.0874	0.619760021539144	0.849932349794436	0.00904532388166409	PDCD6	0.630924234955255	0.00109023406510218
CD200R1:Q8TD46:OID20595:v1	0.416258461621159	0.0964762050142649	0.512734666635424	0.1038	0.616534666635424	0.675158241940847	0.156481395508152	CD200R1	0.447660609974188	0.0815461074527228
HBZ:P02008:OID30307:v1	0.563589003508925	0.0213794306326704	0.584968434141596	0.0288	0.613768434141596	0.918243709123212	0.0348330566438648	HBZ	0.512247574725538	0.0115590850216064
ENPP7:Q6UWV6:OID20689:v1	0.480637062090623	0.0121981890648907	0.492835251155513	0.1167	0.609535251155513	0.788530378151986	0.0200122782755653	ENPP7	0	0.491036667035825
CD109:Q6YHK3:OID21108:v1	0.46459546608524	0.0405586230812148	0.505154089166455	0.1011	0.606254089166455	0.766337867879814	0.0669003703331376	CD109	0.38359812618698	0.044926338154518
SIGLEC5:O15389:OID21082:v1	0.49033880581601	0.00448592520007062	0.494824731016081	0.1104	0.605224731016081	0.810176419910676	0.00741199916358248	SIGLEC5	0.533990491442249	0.000437361207757123
ICAM5:Q9UMF0:OID20145:v1	0.368974674935563	0.0842021488675818	0.453176823803145	0.1492	0.602376823803145	0.612531326497619	0.139783181457689	ICAM5	0.359683591631465	0.0679420195853808
CD209:Q9NNX6:OID20262:v1	0.100745189076868	0.353161314743279	0.453906503820147	0.1464	0.600306503820147	0.167822917852397	0.588301663393416	CD209	0.0775625674028011	0.336156095312773
FCGR3B:O75015:OID20387:v1	0.401344172200486	0.0718864530792058	0.473230625279692	0.1185	0.591730625279692	0.678254859651355	0.121485098130973	FCGR3B	0.347907524435596	0.0605633377354576
CHIT1:Q13231:OID20312:v1	0.498316626269048	0.0105137026536929	0.508830328922741	0.0829	0.591730328922741	0.842134671677629	0.0177677265129089	CHIT1	0.468152489293173	0.00163271673668127
VMO1:Q7Z5L0:OID21381:v1	0.439508817802278	0.0246248340017941	0.464133651804072	0.1268	0.590933651804072	0.743753239404277	0.0416710639622849	VMO1	0.391446238664327	0.0164649322268492
IL17RB:Q9NRM6:OID20585:v1	0.410323299190144	0.0148586356880959	0.425181934878239	0.1601	0.585281934878239	0.701069475645965	0.0253871421662571	IL17RB	0.328665073213676	0.0247267153624208
CLEC4M:Q9H2X3:OID30405:v1	0.107508721907816	0.353307917489596	0.460816639397412	0.1239	0.584716639397412	0.183864652831859	0.604237837072161	CLEC4M	0.0915059873640383	0.336955129767615
CPVL:Q9H3G5:OID21435:v1	0.355493151013047	0.120626485948746	0.476119636961794	0.1046	0.580719636961794	0.612159686682741	0.207718971894664	CPVL	0.307569344186493	0.102073161150671
PM20D1:Q6GTS8:OID20149:v1	0.474069209885172	0.0156196205858258	0.489688830470998	0.0906	0.580288830470998	0.816953877089773	0.0269169761085148	PM20D1	0.540443733099341	0.0105551317358197
LAIR2:Q6ISS4:OID20965:v1	0.505664272205737	0.00794846518416347	0.5136127373899	0.0666	0.5802127373899	0.871515290202829	0.0136992255977002	LAIR2	0.482101739282431	0.00436346159973698
CD101:Q93033:OID31480:v1	0.48509201480189	0.0173425149530882	0.502434529754978	0.0692	0.571634529754978	0.848605165628844	0.030338466363328	CD101	0.423604650475683	0.00508892684087251
HSD17B14:Q9BPX1:OID31098:v1	0.505375859409882	0.00609530073288966	0.511471160142772	0.0594	0.570871160142772	0.88527130935024	0.0106771915599401	HSD17B14	0.409883635408429	0.00501078964314387
FOLR3:P41439:OID21485:v1	0.41876059578392	0.0284089163332103	0.44716951211713	0.1228	0.56996951211713	0.734707009552931	0.0498428700645522	FOLR3	0.757260312778584	-0.000219796412288044
FCRL3:Q96P31:OID20443:v1	0.49347954383622	0.00722162227309253	0.500701166109312	0.0669	0.567601166109312	0.869412491201933	0.0127230574993246	FCRL3	0.425465272489476	0.006464603223072
SNCG:O76070:OID20971:v1	0.447820411240776	0	0.447820411240776	0.1191	0.566920411240776	0.789917601062669	0	SNCG	0	0.421410121992751
LRRN1:Q6UXK5:OID20438:v1	0.325601692589147	0.011509251662938	0.337110944252085	0.2281	0.565210944252085	0.576071103895554	0.0203627544370494	LRRN1	0.289163535685195	0.0227615595156117
XPNPEP2:O43895:OID21508:v1	0.3903484630417	0.0628555200332203	0.45320398307492	0.1107	0.56390398307492	0.692225050288106	0.111464933605318	XPNPEP2	0	0.0559403164445017
CST5:P28325:OID20995:v1	0.342395131399385	0.0367343548134801	0.379129486212865	0.1826	0.561729486212866	0.609537401548538	0.065395098023321	CST5	0.299635197704922	0.032510347904742
MSMB:P08118:OID20275:v1	0.44915780816276	0.0109066807495363	0.460064488912297	0.0971	0.557164488912297	0.806149381558059	0.0195753336161615	MSMB	0.000323812684007972	0.438960623946868
SIRPB1:O00241:OID20739:v1	0.368459627682257	0.0217625623442602	0.390222190026518	0.1668	0.557022190026518	0.661481058168825	0.0390694710801812	SIRPB1	0.306943771222787	0.0136815760939436
FGFBP2:Q9BYJ0:OID30395:v1	0.162809358488846	0.262420468210946	0.425229826699793	0.1314	0.556629826699793	0.29249125842596	0.471445214797081	FGFBP2	0.120410803007899	0.245579592780054
ADAM15:Q13444:OID20109:v1	0.403189722778209	0.0572698314702855	0.460459554248494	0.0903	0.550759554248495	0.732061241004447	0.103983364480039	ADAM15	0.349029603551934	0.0641325330107562
AFAP1:Q8N556:OID30569:v1	0.509343451622136	0.00142077221725978	0.510764223839396	0.0398	0.550564223839396	0.925129947729251	0.00258057490069356	AFAP1	0.454484851258818	4.63637684908525e-05
FCAR:P24071:OID20564:v1	0.360535674807493	0.0378837054347098	0.398419380242203	0.1499	0.548319380242203	0.657528600663791	0.0690905826052981	FCAR	0.339007014869185	0.0393638130372607
GPC5:P78333:OID20944:v1	0.389329535125961	0.0101620426056546	0.399491577731616	0.1482	0.547691577731616	0.710855435715214	0.0185543160034392	GPC5	0.346043668658232	0.0125167044194108
TOP1:P11387:OID31449:v1	0	0.469114222405294	0.469114222405294	0.0753	0.544414222405294	0	0.861686199770251	TOP1	0	0.457995081039591
IL18R1:Q13478:OID20652:v1	0.363048762118612	0.0359945453053587	0.399043307423971	0.1444	0.543443307423971	0.668052687665868	0.0662342231722017	IL18R1	0.331270686115276	0.0286629964150147
RNASE10:Q5GAN6:OID30238:v1	0.488931851891177	0	0.488931851891177	0.052	0.540931851891177	0.90386959130212	0	RNASE10	0.40691343570895	1.76007684643757e-05
CD177:Q8N6Q3:OID21119:v1	0.503557420377399	0	0.503557420377399	0.0365	0.540057420377399	0.932414594036142	0	CD177	0.540248952083425	0.000833462843728695
COL2A1:P02458:OID30286:v1	0.339352548713275	0.0294369901755452	0.368789538888821	0.1687	0.537489538888821	0.631365866980102	0.0547675592652497	COL2A1	0.313549830695643	0.024971842664843
CNTN2:Q02246:OID21426:v1	0.365142022333331	0.0168288258653016	0.381970848198633	0.1538	0.535770848198633	0.681526483870876	0.031410491858382	CNTN2	0.339355742081964	0.0245831528641148
VSTM1:Q6UX27:OID20851:v1	0.450143094410408	0.00422928372790615	0.454372378138314	0.0808	0.535172378138314	0.841117951521163	0.00790265697683878	VSTM1	0.392478288192842	0.00224024049319742
IL1RL1:Q01638:OID20250:v1	0.326181134497117	0.0554025314656254	0.381583665962743	0.1534	0.534983665962743	0.609702978333236	0.103559295340212	IL1RL1	0.226162808362427	0.0397745498430285
PDCD1LG2:Q9BQ51:OID21273:v1	0.279315334604856	0.155623689706652	0.434939024311509	0.0995	0.534439024311509	0.522632745549754	0.291190730143883	PDCD1LG2	0.194829514382566	0.132154940621358
PON1:P27169:OID30704:v1	0.457759058214091	0.00487042697142575	0.462629485185517	0.0713	0.533929485185517	0.857339912694726	0.00912185430204045	PON1	0.37147872408551	0.00519762716955199
FLT4:P35916:OID21491:v1	0.0519984612409778	0.325628796580545	0.377627257821523	0.1551	0.532727257821523	0.0976080357772843	0.611248611366605	FLT4	0.0331434787780585	0.30252263877883
TXNDC15:Q96J42:OID21495:v1	0.34512279835969	0.0667856979498334	0.411908496309524	0.1182	0.530108496309524	0.651041816462752	0.125984960465221	TXNDC15	0.311545467977103	0.0671320345014459
CRTAC1:Q9NQ79:OID20279:v1	0.296754130197041	0.0985804590961112	0.395334589293152	0.1327	0.528034589293152	0.561997521022794	0.186693184679577	CRTAC1	0	0.37818377876724
MUC2:Q02817:OID30377:v1	0.0306135520426114	0.380065922663564	0.410679474706175	0.1171	0.527779474706175	0.0580044384250724	0.720122590737644	MUC2	0.0278115404316408	0.39054029169496
PON2:Q15165:OID20088:v1	0.456299927047479	0.00672594020773803	0.463025867255217	0.0645	0.527525867255217	0.864981141913788	0.0127499723240756	PON2	0.400140812963588	0.00509801360065166
LPA:P08519:OID30747:v1	0.476193799454051	0.00287885922944403	0.479072658683495	0.047	0.526072658683495	0.905186368449053	0.00547236048466844	LPA	0.453890692469285	0.0014448071867622
HEPACAM2:A8MVW5:OID31151:v1	0	0.374037931352619	0.374037931352619	0.152	0.526037931352619	0	0.711047453157689	HEPACAM2	0	0.368996075834229
LILRB1:Q8NHL6:OID20323:v1	0.302926182895006	0.0845635460968615	0.387489728991868	0.1374	0.524889728991868	0.577123472156376	0.161107260108287	LILRB1	0.286444438936649	0.0780404893164742
CCL8:P80075:OID21466:v1	0.361454806242175	0.0302360688521799	0.391690875094355	0.1323	0.523990875094355	0.689811260887106	0.057703426317749	CCL8	0	0.3658875184274
PINLYP:A6NC86:OID30651:v1	0.327219284446972	0.0465485854763354	0.373767869923307	0.1499	0.523667869923307	0.6248603422908	0.088889519769759	PINLYP	0.303595421009562	0.0437468712300099
CDSN:Q15517:OID20667:v1	0.25983732937701	0.0854169877612542	0.345254317138264	0.1783	0.523554317138264	0.496294884544692	0.163148282738152	CDSN	0.239170827032348	0.0867721934562251
PSAPL1:Q6NUJ1:OID31473:v1	0.218819489926333	0.110428300949308	0.329247790875642	0.1919	0.521147790875642	0.419879914599022	0.211894404778661	PSAPL1	0.210202580361688	0.10703258670954
SERPINI2:O75830:OID31504:v1	0.068157857412033	0.328091924722647	0.39624978213468	0.1235	0.51974978213468	0.131135903765268	0.631249759018909	SERPINI2	0.0462623568640954	0.330530507930651
CAPG:P40121:OID21431:v1	0.416810687878613	0.0130792135981078	0.429889901476721	0.0874	0.517289901476721	0.805758408754419	0.0252841077329565	CAPG	0.345327503582339	0.00716757591383383
TACSTD2:P09758:OID21447:v1	0.303191944721487	0.0841101821415828	0.38730212686307	0.1298	0.51710212686307	0.586328945426622	0.162656809500718	TACSTD2	0.274385642349035	0.0586886897913711
OSCAR:Q8IYS5:OID20776:v1	0.335016751350516	0.0278887863374274	0.362905537687943	0.1532	0.516105537687943	0.649124504362671	0.0540369833316727	OSCAR	0.298555790086959	0.0224206630526807
ADAM23:O75077:OID20651:v1	0.356924849438462	0.01975237905579	0.376677228494252	0.1389	0.515577228494252	0.692282028205288	0.0383111936760222	ADAM23	0.291024666875603	0.0252969849783559
CCL15:Q16663:OID20328:v1	0.373568519513573	0.030077491132389	0.403646010645962	0.1118	0.515446010645962	0.724748105132123	0.0583523599197044	CCL15	7.32161529272802e-06	0.470059064710363
NAAA:Q02083:OID20931:v1	0.255913473679064	0.111193970349071	0.367107444028136	0.1476	0.514707444028136	0.497201811724866	0.216033344066018	NAAA	0.191745062093499	0.132344841194991
SERPINA12:Q8IW75:OID20219:v1	0.418445192500124	0.0105676052151357	0.42901279771526	0.0848	0.51381279771526	0.81439231245465	0.0205670338732824	SERPINA12	0.394937640028644	-5.26841474028594e-07
LRIG1:Q96JA1:OID21429:v1	0.335941639217907	0.0298604396501958	0.365802078868103	0.1452	0.511002078868103	0.657417363080079	0.0584350649146834	LRIG1	0.296817149593618	0.0211170490756056
CRISP3:P54108:OID30715:v1	0.260252259754375	0.0795206207063257	0.339772880460701	0.1708	0.510572880460701	0.509725975887211	0.15574783493117	CRISP3	0.191360770242449	0.087118622965115
CCL25:O15444:OID20674:v1	0.276624603518115	0.133562396990078	0.410187000508193	0.0986	0.508787000508193	0.543694322460702	0.262511418052488	CCL25	0.232130340512057	0.113465078897213
CA6:P23280:OID21096:v1	0.299521180407635	0.0239562043998072	0.323477384807443	0.185	0.508477384807443	0.589055067849403	0.0471136084230752	CA6	0.279926648521915	0.0181732786437482
OLFM4:Q6UX06:OID30665:v1	0.373810292432365	0.0409460994923155	0.414756391924681	0.0927	0.507456391924681	0.73663530183269	0.0806889028178659	OLFM4	0.380940338204164	0.0405833201868988
LCP1:P13796:OID30367:v1	0.389096645624844	0.0109852175735242	0.400081863198368	0.1066	0.506681863198368	0.76793087316905	0.0216807002014663	LCP1	0.46900546445595	0.00629651900818421
SLAMF8:Q9P0V8:OID21214:v1	0.413888789940918	0.0122345490429313	0.426123338983849	0.0752	0.50132333898385	0.825592502395448	0.0244045072143059	SLAMF8	0.432960410278198	0.0122756818033326
PVR:P15151:OID21011:v1	0.402503364569153	0.00261583965015022	0.405119204219303	0.0929	0.498019204219303	0.808208521195721	0.00525248751049835	PVR	0.323064676162691	0.000536708608591386
CLUL1:Q15846:OID20198:v1	0.354305711948326	0.0203062430679497	0.374611955016276	0.1226	0.497211955016276	0.712584861192101	0.0408402148481828	CLUL1	0.278407725099046	0.0230329248369792
IDUA:P35475:OID21468:v1	0.285331292741116	0.0560850595586225	0.341416352299738	0.1555	0.496916352299738	0.574203870370933	0.112866198302913	IDUA	0.237564638560639	0.0510915008001878
FCRLB:Q6BAA4:OID21193:v1	0.393747617280753	0.0112489412632151	0.404996558543968	0.088	0.492996558543968	0.798682283794556	0.0228174843581832	FCRLB	0.323736889890315	0.0100970550391941
CD276:Q5ZPR3:OID20680:v1	0.346372270807428	0.0129917370918009	0.359364007899229	0.1324	0.491764007899229	0.704346526471302	0.0264186416311767	CD276	0.336565195083423	0.00890005409979911
TYRO3:Q06418:OID20161:v1	0.286887363127905	0.0720628185055023	0.358950181633407	0.1316	0.490550181633407	0.584827758441844	0.146902032052157	TYRO3	0.25911680290375	0.0639483256264697
KLB:Q86Z14:OID20888:v1	0.299030758651782	0.109781245110522	0.408812003762304	0.0807	0.489512003762304	0.610875231564259	0.224266706979119	KLB	0.261527203147571	0.100823312038704
TCTN3:Q6NUS6:OID30326:v1	0.313686750048929	0.0467167096959468	0.360403459744876	0.1289	0.489303459744876	0.641088354888163	0.0954759439475556	TCTN3	0	0.32223322862119
IL5RA:Q01344:OID20601:v1	0.217870273621984	0.0920906931667276	0.309960966788712	0.179	0.488960966788712	0.445578049006373	0.188339559641212	IL5RA	0.187909608915031	0.0901721020481666
CRYGD:P07320:OID31144:v1	0.374965796040993	0.0243961901839721	0.399361986224966	0.0868	0.486161986224966	0.771277489119609	0.0501811965460481	CRYGD	0.315640556241957	0.0267027840716421
SPINK4:O60575:OID20509:v1	0.361559256626732	0.0136374412160431	0.375196697842775	0.1093	0.484496697842775	0.746257421849472	0.0281476453333199	SPINK4	0.344423418948007	0.00337260069671576
ICAM4:Q14773:OID20578:v1	0.0105349231629479	0.372296896428103	0.38283181959105	0.0976	0.48043181959105	0.021928029604524	0.774921396224351	ICAM4	0.00386914694908308	0.360726058762736
MIA:Q16674:OID21531:v1	0.30295927237809	0.00995267133131555	0.312911943709405	0.1672	0.480111943709405	0.631017987258114	0.0207298973952198	MIA	0.306619077452923	0.00452147850164872
CPQ:Q9Y646:OID30406:v1	0.190411694076259	0.142740314910251	0.33315200898651	0.1467	0.47985200898651	0.396813372686352	0.297467369599496	CPQ	0.128954700224668	0.148654357548977
FUT8:Q9BYC5:OID20992:v1	0.351348285762603	0.0338099680448858	0.385158253807489	0.0903	0.475458253807489	0.73896768632996	0.0711102768205919	FUT8	0.343978422075955	0.0297713461487342
SELE:P16581:OID20290:v1	0.00687547248298135	0.333108699678129	0.33998417216111	0.1345	0.47448417216111	0.0144904148259908	0.702043859884587	SELE	0.00126175182022135	0.32828065505631
LECT2:O14960:OID30320:v1	0.351193581730312	0.010471096491277	0.361664678221589	0.1124	0.474064678221589	0.74081364392678	0.0220879069298275	LECT2	0.306413900591878	0.00374673606622203
FCN2:Q15485:OID20382:v1	0.324158873627373	0.0819233474230203	0.406082221050393	0.0679	0.473982221050393	0.683905132367631	0.172840549254083	FCN2	0	0.359360786685287
CRELD1:Q96HD1:OID30619:v1	0.339355558914582	0.00424079990105102	0.343596358815633	0.1301	0.473696358815633	0.716398917996881	0.00895257019001402	CRELD1	0.301664989585676	0.00105528973351817
FCRL2:Q96LA5:OID20639:v1	0.236240833740742	0.117668671931032	0.353909505671775	0.1177	0.471609505671774	0.500924665214781	0.249504453400323	FCRL2	0.176053238192756	0.0998156890441928
CTSC:P53634:OID20679:v1	0.328206174552013	0.0294362324278574	0.357642406979871	0.1136	0.47124240697987	0.696469947718505	0.0624651601635563	CTSC	0.283125260382069	0.0196519940239325
NCAM2:O15394:OID21095:v1	0.252313593646123	0.0333856767945023	0.285699270440626	0.1835	0.469199270440626	0.53775359328495	0.0711545795097887	NCAM2	0.0390538667585092	0.203482241607488
VEGFA:P15692:OID20650:v1	0.266306493471128	0.0804022909328018	0.34670878440393	0.1222	0.46890878440393	0.567928139392085	0.171466804647321	VEGFA	0.2212596089979	0.071833364855989
CCL16:O15467:OID20334:v1	0.32187818092376	0.00678520736445331	0.328663388288214	0.1392	0.467863388288214	0.687974714374266	0.0145025397034774	CCL16	0	0.352677320051146
CTBS:Q01459:OID30710:v1	0.222629368004739	0.0935295553652253	0.316158923369965	0.1499	0.466058923369965	0.477685024020048	0.200681825141195	CTBS	0.157158026731694	0.0644686704567535
PLXNB2:O15031:OID20317:v1	0.31116355412456	0.0403009368969803	0.35146449102154	0.1105	0.46196449102154	0.673565956198246	0.0872381702062491	PLXNB2	0.269135057981588	0.040410345879564
TCN2:P20062:OID20341:v1	0.299281556453432	0.0619427277626698	0.361224284216102	0.1001	0.461324284216102	0.648744422726372	0.134271552315796	TCN2	0.231546551433003	0.0483435216472172
LTA:P01374:OID20586:v1	0.304850664800098	0.0377791114737915	0.342629776273889	0.1183	0.460929776273889	0.661382016289944	0.0819628355954656	LTA	0.291086978639291	0.031208066318032
HMCN2:Q8NDA2:OID30592:v1	0.332677924090827	0.0227124277863129	0.35539035187714	0.1049	0.46029035187714	0.722756674638327	0.0493436972851764	HMCN2	0	0.299100392587168
MEGF10:Q96KG7:OID20746:v1	0.166845536403806	0.0783657484015599	0.245211284805366	0.2148	0.460011284805366	0.362698790040334	0.170356143403562	MEGF10	0.125667795193115	0.0692960864807939
XCL1:P47992:OID21398:v1	0.308781211067938	0.0384304332428003	0.347211644310739	0.1123	0.459511644310739	0.671976901762971	0.083633208687117	XCL1	0.249159975594951	0.023784256221251
KAZALD1:Q96I82:OID21339:v1	0.296825661509589	0.0295780261813838	0.326403687690973	0.1322	0.458603687690973	0.647237842774616	0.0644958315322462	KAZALD1	0	0.310794167984982
VNN2:O95498:OID21310:v1	0.309557912017601	0.0293262973935986	0.3388842094112	0.1189	0.4577842094112	0.676209239317698	0.0640614000891773	VNN2	0.295794513694399	0.0220394850425376
CD6:P30203:OID20649:v1	0.313279612298693	0.0288526660894208	0.342132278388114	0.1149	0.457032278388114	0.685464959725787	0.063130477766647	CD6	0.295337578982115	0.0253101583054322
LAMB1:P07942:OID30280:v1	0.303586355920071	0.0338944396713221	0.337480795591393	0.115	0.452480795591393	0.670937548903668	0.0749080182000254	LAMB1	0.253994668950654	0.0399381223871071
VCAN:P13611:OID21026:v1	0.241616255025983	0.0462266801900838	0.287842935216067	0.1644	0.452242935216067	0.534262088385188	0.102216478335915	VCAN	0.178759749254822	0.0758827012905234
CDH17:Q12864:OID20134:v1	0.0901449323846	0.253049250773908	0.343194183158508	0.1086	0.451794183158508	0.199526544928918	0.560098514338614	CDH17	0.0477836082073103	0.261787721979696
ARSA:P15289:OID21138:v1	0.256754518879385	0.05687946459731	0.313633983476695	0.1376	0.451233983476695	0.569005279480786	0.126053149098083	ARSA	0.287036371240224	0.0240281993697494
CRISP2:P16562:OID21456:v1	0.250544935776099	0.0347768052364865	0.285321741012585	0.164	0.449321741012585	0.557606972703956	0.0773984476204377	CRISP2	0.221070220708942	0.0381936769539483
TCN1:P20061:OID30687:v1	0.194550439320832	0.11815666388336	0.312707103204192	0.136	0.448707103204192	0.433580030116657	0.263326929838218	TCN1	0.144562020266376	0.110849458188105
KIR2DL2:P43627:OID31431:v1	0.204112109200286	0.187688386259446	0.391800495459733	0.0563	0.448100495459733	0.455505207578214	0.418853333484681	KIR2DL2	0.16203371389956	0.18359233350007
KDR:P35968:OID21497:v1	0.181065963990317	0.118297951903313	0.29936391589363	0.1485	0.44786391589363	0.404287904349323	0.264138162743634	KDR	0.15541984987833	0.126480138290509
FAM3D:Q96BQ1:OID31514:v1	0.0742196646423226	0.330274741441133	0.404494406083455	0.0433	0.447794406083455	0.165744957136624	0.737558881831095	FAM3D	0.0568921272978115	0.329577800005961
SLAMF7:Q9NQ25:OID20602:v1	0.288654031867231	0.046126965906424	0.334780997773655	0.1122	0.446980997773655	0.645785913282607	0.103196704415121	SLAMF7	0.204640301356638	0.0688726042321654
COL28A1:Q2UY09:OID30969:v1	0.3542329397128	0.0142160468818106	0.368448986594611	0.0774	0.445848986594611	0.794513277732057	0.0318853407975481	COL28A1	0.302050401045518	0.0244209053049291
GFRAL:Q6UXV0:OID31091:v1	0.195346202409726	0.0614105075361596	0.256756709945886	0.1879	0.444656709945886	0.439319137753481	0.138107682089477	GFRAL	0.160981901896072	0.0578934719037481
ASAH2:Q9NR71:OID20996:v1	0.283968804504161	0.0408217288104781	0.324790533314639	0.1194	0.444190533314639	0.639295039417271	0.0919013930933154	ASAH2	0	0.278879718735925
PRR4:Q16378:OID30607:v1	0.326851964635026	0.0215020614619014	0.348354026096927	0.0956	0.443954026096927	0.736229306238266	0.0484330813506508	PRR4	0.276131029839804	0.013436958702262
ALPI:P09923:OID30497:v1	0	0.425131291317926	0.425131291317926	0.0188	0.443931291317926	0	0.957651104196356	ALPI	0	0.425221828622423
SIGLEC8:Q9NYZ4:OID30261:v1	0.245341989284778	0.0483014581314495	0.293643447416227	0.1498	0.443443447416227	0.553265564559112	0.108923603252868	SIGLEC8	0.143422969127664	0.0326287400914939
CR1:P17927:OID30697:v1	0.192490401562324	0.0962138654611562	0.288704267023481	0.1538	0.442504267023481	0.435002362479163	0.217430367639936	CR1	0.146354193262315	0.0573252477819427
WFIKKN2:Q8TEU8:OID20785:v1	0.235070927842698	0.00508217020831691	0.240153098051015	0.2006	0.440753098051015	0.533339252479831	0.0115306511305081	WFIKKN2	0	0.202272773452894
CD48:P09326:OID20692:v1	0.240447227285275	0.0635184373571328	0.303965664642408	0.1362	0.440165664642408	0.546265296455178	0.144305752264287	CD48	0.194728977332056	0.0652700511749904
SIGLEC6:O43699:OID21394:v1	0.236293896761465	0.0818852232528263	0.318179120014291	0.1219	0.440079120014291	0.536935032849982	0.186069321466937	SIGLEC6	0.202743294238674	0.080823000260283
FUT3_FUT5:P21217_Q11128:OID21013:v1	0.224865791181861	0.0389820873591895	0.263847878541051	0.176	0.439847878541051	0.511235366026381	0.088626293909819	FUT3_FUT5	0.216877130938453	0.0338467503506484
GASK1A:Q9UFP1:OID30109:v1	0.354054451826459	0	0.354054451826459	0.0857	0.439754451826459	0.805118516381001	0	GASK1A	0.30364478543711	0
SPARCL1:Q14515:OID20361:v1	0.298766657561729	0.0243956460705733	0.323162303632302	0.1162	0.439362303632302	0.680000662532404	0.055525123272728	SPARCL1	0.24053788918457	0.0113384838468002
CPA4:Q9UI42:OID30606:v1	0.266638083286795	0.0121995009172454	0.278837584204041	0.1604	0.439237584204041	0.6070475134089	0.0277742646712544	CPA4	0.21295662838849	0.0188740026495277
HGFAC:Q04756:OID30718:v1	0.292098221093042	0.0214027152697211	0.313500936362764	0.1257	0.439200936362764	0.66506739150433	0.0487310328774966	HGFAC	0.234596116980947	0.024858759398132
CGREF1:Q99674:OID20152:v1	0.246430905542321	0.0744497817065561	0.320880687248878	0.1175	0.438380687248878	0.562139055643247	0.169829063807022	CGREF1	0.196276327909883	0.0596800866522679
CD300C:Q08708:OID21010:v1	0.149572057920214	0.119344062081981	0.268916120002196	0.169	0.437916120002196	0.341554126665773	0.272527218412017	CD300C	0	0.210907902225112
AHSG:P02765:OID30706:v1	0.340024708598673	0.00133027234391208	0.341354980942585	0.0952	0.436554980942585	0.77888175245306	0.00304720459503138	AHSG	0.254505909852756	0.00473320428246516
TEK:Q02763:OID21496:v1	0.17967132718439	0.145150278771904	0.324821605956295	0.1116	0.436421605956295	0.411692099410823	0.332591871692165	TEK	0.147101529530486	0.132277930056854
LILRA2:Q8N149:OID21152:v1	0.280846334101306	0.0436647574510353	0.324511091552341	0.1114	0.435911091552341	0.6442743475537	0.100168952562181	LILRA2	0.298223984135155	0.0132956803865174
SERPINB8:P50452:OID20630:v1	0.35022204612167	0.00451390605749263	0.354735952179163	0.0808	0.435535952179163	0.804117419857918	0.0103640262873999	SERPINB8	0	0.231102071810973
MMP1:P03956:OID20672:v1	0.237785063190401	0.0389630257609563	0.276748088951357	0.1587	0.435448088951357	0.54606982835321	0.0894780038070365	MMP1	0.189858957767275	0.0500531365933237
PVALB:P20472:OID21420:v1	0.34781416892419	0.00802009256311686	0.355834261487306	0.0793	0.435134261487306	0.799326092446379	0.0184313056289887	PVALB	0.315380021256753	0.00118170515140051
CNTN5:O94779:OID21006:v1	0.241367053852826	0.0215284764848457	0.262895530337672	0.171	0.433895530337672	0.556279189290073	0.0496167279439166	CNTN5	0.188517921813995	0.0313340031760097
TGOLN2:O43493:OID30691:v1	0.276258855345042	0.0083204005966414	0.284579255941683	0.1493	0.433879255941683	0.636718284089095	0.0191767651545888	TGOLN2	0.21191719553099	0.00985448139813688
SCG3:Q8WXD2:OID20728:v1	0.241750694743143	0.0192770696655205	0.261027764408663	0.1723	0.433327764408663	0.557893388329376	0.0444861170892817	SCG3	0.198620559806738	0.00400041018109732
CDHR5:Q9HBB8:OID20193:v1	0.255932664565117	0.034414127733234	0.290346792298351	0.1417	0.432046792298351	0.592372560397074	0.0796537049845037	CDHR5	0.230469712017915	0.0290186606628967
PRSS27:Q9BQR3:OID20212:v1	0.0295073600244466	0.266483199974405	0.295990559998851	0.1331	0.429090559998851	0.0687672085457336	0.621041861128611	PRSS27	0.0191689409556364	0.210059930505318
CLEC10A:Q8IUN9:OID20928:v1	0.235162611401597	0.0586306480593388	0.293793259460936	0.1352	0.428993259460936	0.548173208355529	0.136670324687648	CLEC10A	0.188166920273572	0.0406334382067289
PTPRH:Q9HD43:OID31433:v1	0.260798078314988	0.0386551282149393	0.299453206529927	0.1266	0.426053206529927	0.612125608533986	0.0907284058011756	PTPRH	0.244825002433559	0.0323222326059243
ENTPD6:O75354:OID20100:v1	0.327648855868511	0.0198454098551683	0.347494265723679	0.0771	0.424594265723679	0.771675178679263	0.0467397029522848	ENTPD6	0.224629074008499	0.160975891331991
GPR37:O15354:OID20095:v1	0.28673214914641	0.0252884180448884	0.312020567191299	0.112	0.424020567191299	0.676222266871903	0.0596396024192841	GPR37	0.219511791810433	0.0199195308803855
SCN4B:Q8IWT1:OID30277:v1	0.303498583568554	0.00228930743054678	0.305787890999101	0.1174	0.423187890999101	0.717172182909172	0.00540967139948634	SCN4B	0.282505219581783	0
IL13RA1:P78552:OID21504:v1	0.35177489605197	0.00696606603291982	0.358740962084889	0.0637	0.422440962084889	0.832719664106059	0.0164900344856235	IL13RA1	0	0.000167047304289676
CD207:Q9UJ71:OID21298:v1	0.2293907389486	0.0565395870562308	0.285930326004831	0.1355	0.421430326004831	0.544314741473946	0.134161173431032	CD207	0.193429343642204	0.0510153324128666
MANSC4:A6NHS7:OID30141:v1	0.337004837448994	0.0197636478382244	0.356768485287219	0.0638	0.420568485287219	0.80130787074748	0.046992698049468	MANSC4	0.258520816024826	0.0173768259137628
CCN4:O95388:OID21444:v1	0.229137050603665	0.027216107108368	0.256353157712033	0.1626	0.418953157712033	0.546927613232509	0.0649621720409013	CCN4	0.144815747287049	0.0219529641930023
IL2RA:P01589:OID20267:v1	0.239956066890106	0.019783934859055	0.259740001749161	0.1592	0.418940001749161	0.572769527589249	0.0472237904627226	IL2RA	0.189224985600014	0.0244406547676641
LRPAP1:P30533:OID21059:v1	0.0377152955740971	0.261858819912167	0.299574115486264	0.1183	0.417874115486264	0.0902551610075423	0.626645226894353	LRPAP1	0.00848696550969034	0.551656977933436
IL31RA:Q8NI17:OID30475:v1	0.317695929142466	0.000968488339991135	0.318664417482457	0.0988	0.417464417482457	0.761013192593393	0.00231993027293597	IL31RA	0.243689106074682	0
LYPD3:O95274:OID21530:v1	0.116197279844795	0.157779610092589	0.273976889937385	0.1424	0.416376889937385	0.2790675531062	0.37893459965157	LYPD3	0.0899758970975279	0.162273751919215
NELL1:Q92832:OID21494:v1	0.0920266521182845	0.12872185713988	0.220748509258164	0.1941	0.414848509258164	0.221831946034583	0.310286416046333	NELL1	0.0633987524198786	0.105495157353166
SERPINA11:Q86U17:OID20281:v1	0.258350112648302	0.0144055901935828	0.272755702841885	0.1417	0.414455702841885	0.623347949797334	0.0347578525154921	SERPINA11	0.214396252793115	0.0200012213880212
IL12B:P29460:OID20666:v1	0.154019026988544	0.101764459441335	0.25578348642988	0.1573	0.41308348642988	0.372852055451722	0.246353250092	IL12B	0.117761552497911	0.113878593636422
VIT:Q6UXI7:OID30334:v1	0.250712660831402	0.0336243013929057	0.284336962224308	0.1278	0.412136962224308	0.608323649202205	0.0815852604227365	VIT	0.151407920791952	0.0223594716846442
MELTF:P08582:OID30347:v1	0.268873477317304	0.0344603003592254	0.303333777676529	0.1084	0.411733777676529	0.653027494694737	0.0836955873615461	MELTF	0.22111788015214	0.0297182140789908
PYDC1:Q8WXC3:OID30202:v1	0.0497339185112149	0.257719395267741	0.307453313778956	0.1024	0.409853313778956	0.121345654260191	0.628808860642116	PYDC1	0.0372984948725309	0.212019500529742
LGALS3:P17931:OID20284:v1	0.241962272008396	0.0303878844153888	0.272350156423785	0.1368	0.409150156423785	0.591377684230381	0.0742707388431596	LGALS3	0.188607865623425	0.0260242198415532
CLPS:P04118:OID21156:v1	0.317881353589742	0.0153898128716273	0.333271166461369	0.0756	0.408871166461369	0.777460920858981	0.0376397607217465	CLPS	0.251150507261423	0.0175640334455662
GM2A:P17900:OID30413:v1	0.268955686141168	0.00122526283143431	0.270180948972603	0.1386	0.408780948972603	0.657945745312104	0.00299735796033007	GM2A	0.152877843265994	0
OSMR:Q99650:OID20356:v1	0.244287640836505	0.0125416207163051	0.25682926155281	0.151	0.40782926155281	0.59899488307038	0.0307521355102204	OSMR	0.214384026031585	0.0156539018507299
TIMP3:P35625:OID20684:v1	0.229533947774684	0.0391151084603589	0.268649056235043	0.1377	0.406349056235043	0.564868908276523	0.0962598727871381	TIMP3	0.20547719502913	0.0407642612138712
LEFTY2:O00292:OID21454:v1	0.296724446285353	0.00651980407043523	0.303244250355788	0.1025	0.405744250355788	0.731309059894655	0.0160687528282117	LEFTY2	0.252431583016575	0.00742612664763295
ALPP:P05187:OID21383:v1	0.226077725557797	0.0499689939904286	0.276046719548225	0.1292	0.405246719548225	0.557876756682525	0.123305116562411	ALPP	0.216835292330964	0.05439393703024
FGL1:Q08830:OID30702:v1	0.288347468602074	0.0090406218552167	0.297388090457291	0.1075	0.404888090457291	0.712165843841955	0.0223286929605807	FGL1	0.264198304165738	0.00790999916180576
TGFBI:Q15582:OID20417:v1	0.204672061255424	0.0789777206069676	0.283649781862392	0.121	0.404649781862392	0.505800498182467	0.195175492850816	TGFBI	0.167015463771339	0.0845111661711627
FCRL6:Q6DN72:OID20529:v1	0.292743737240064	0.0349540576004366	0.327697794840501	0.0765	0.404197794840501	0.724258620350917	0.0864776058816198	FCRL6	0.267863836619847	0.0443460820672657
HSBP1:O75506:OID30232:v1	0.244512305253157	0.0522769533802688	0.296789258633426	0.1062	0.402989258633426	0.606746457913843	0.129722944868418	HSBP1	0.202492305358737	0.0506983901881914
DYNLT1:P63172:OID30925:v1	0.003537051471769	0.321950165491599	0.325487216963368	0.0766	0.402087216963368	0.00879672698495969	0.800697341047104	DYNLT1	0	0.310489750630904
MLN:P12872:OID20541:v1	0.112415028470026	0.0812742117118071	0.193689240181833	0.2083	0.401989240181833	0.279646859252195	0.202180067493955	MLN	0.0904006286128656	0.0740117343296681
CDH6:P55285:OID20157:v1	0.26155005708034	0.0109523833190861	0.272502440399427	0.1294	0.401902440399427	0.650779967447825	0.0272513481336445	CDH6	0.22136535366378	0.00989635338242913
ITGB7:P26010:OID21393:v1	0.0119202254499835	0.242066508606172	0.253986734056155	0.1476	0.401586734056155	0.0296828167842731	0.602775161821762	ITGB7	0.00394477113327244	0.208122548448459
CLEC4D:Q8WXI8:OID20609:v1	0.207339345296648	0.0426394690601418	0.24997881435679	0.1516	0.40157881435679	0.516310467295801	0.106179578044816	CLEC4D	0.144290139151395	0.0324084152355347
GRN:P28799:OID21159:v1	0.0281819813011929	0.232470457105183	0.260652438406376	0.1396	0.400252438406376	0.0704105174559356	0.580809596140813	GRN	0	0.214346777886067
ADAM22:Q9P0K1:OID21001:v1	0.237113792541324	0.00759589570581081	0.244709688247135	0.1553	0.400009688247135	0.592770124094669	0.0189892793324493	ADAM22	0.191324826630761	0.00394673086975629
CPPED1:Q9BRF8:OID21053:v1	0.363371026483809	0	0.363371026483809	0.0363	0.399671026483809	0.90917530269993	0	CPPED1	0.32027653939573	0
PTPRM:P28827:OID20598:v1	0.00951891625604039	0.292692974076767	0.302211890332807	0.0966	0.398811890332807	0.0238681856955089	0.733912356104818	PTPRM	0.00239470890000862	0.270228308721646
APOE:P02649:OID30727:v1	0.368209718754802	0.00471376264277245	0.372923481397575	0.025	0.397923481397575	0.92532794863371	0.0118459021976208	APOE	0.147056882271187	0.00358644560755239
VEGFD:O43915:OID20662:v1	0.268916373761313	0.0260129607157755	0.294929334477088	0.1029	0.397829334477088	0.675959137389352	0.0653872363383341	VEGFD	0	0.0154129197455508
PAM:P19021:OID20291:v1	0.275382907704205	0.0126714077316214	0.288054315435827	0.1082	0.396254315435827	0.694965069090341	0.0319779677798198	PAM	0.191577876424414	0.0284730879443878
LILRB4:Q8NHJ6:OID20429:v1	0.0858090997613017	0.197863481463891	0.283672581225192	0.1121	0.395772581225193	0.216814160030142	0.499942368042185	LILRB4	0.0572287175687252	0.177271666987522
CTRC:Q99895:OID20752:v1	0.0729544429998087	0.159256370876607	0.232210813876416	0.1622	0.394410813876416	0.18497069662666	0.403782972660857	CTRC	0.0474291039284047	0.163433413581944
SSC5D:A1L4H1:OID20351:v1	0.131872574097526	0.0944120958307113	0.226284669928237	0.1678	0.394084669928237	0.33463005328662	0.239573124851326	SSC5D	0.108337592908024	0.0741820654968611
DPP7:Q9UHL4:OID20142:v1	0.22867756324011	0.0521493707211732	0.280826933961284	0.1121	0.392926933961284	0.581984953117627	0.132720274976903	DPP7	0	0.242640682363118
ADAMTS8:Q9UP79:OID21502:v1	0.222290696918506	0.00579423810610663	0.228084935024612	0.1646	0.392684935024612	0.566079004035572	0.0147554377295972	ADAMTS8	0.171402344463375	0.0040984820209722
IL12A_IL12B:P29459_P29460:OID21327:v1	0.146248718874919	0.0939861651522835	0.240234884027202	0.1513	0.391534884027202	0.373526663500967	0.240045444190239	IL12A_IL12B	0	0.219091126134328
CST1:P01037:OID30581:v1	0.199997382415734	0.0326829123577199	0.232680294773454	0.1587	0.391380294773454	0.511005242436899	0.0835067906948102	CST1	0.141297002229293	0.0257838395744516
B3GNT7:Q8NFL0:OID30281:v1	0.226222435498268	0.0420203083287054	0.268242743826974	0.1231	0.391342743826974	0.578067280067646	0.107374696456066	B3GNT7	0.191827632404782	0.0361212378454362
MSLN:Q13421:OID21380:v1	0.24423952788465	0.01822596736915	0.262465495253801	0.1286	0.3910654952538	0.624548907660952	0.0466059204669065	MSLN	0.223359097286155	0.0228876258757418
WFDC12:Q8WWY7:OID21462:v1	0.191701571890452	0.0848738187505457	0.276575390640998	0.1142	0.390775390640998	0.490567155664536	0.217193356550229	WFDC12	0	0.235792053346186
STAB2:Q8WWQ8:OID30401:v1	0.136178430414874	0.0993943804649496	0.235572810879824	0.1546	0.390172810879824	0.349020809799119	0.254744507288499	STAB2	0.112502641605416	0.0927135461990358
SIGLEC1:Q9BZZ2:OID20690:v1	0.154009111395382	0.0747579430809251	0.228767054476307	0.1614	0.390167054476307	0.394726078556523	0.191604960550211	SIGLEC1	0.107878084992529	0.0503789710079287
CDH5:P33151:OID20243:v1	0.0216742713752789	0.219023374165689	0.240697645540968	0.1488	0.389497645540968	0.0556467327168969	0.562322716640535	CDH5	0.00505129838929074	0.206758593464256
C7:P10643:OID30766:v1	0.314108812653126	0.00494496400431476	0.319053776657441	0.07	0.389053776657441	0.807366054512553	0.0127102326233649	C7	0.2712932270598	0.00560999305048971
SMPD1:P17405:OID21028:v1	0.105143402055509	0.110874748321799	0.216018150377309	0.1729	0.388918150377309	0.270348406093942	0.285085044794732	SMPD1	0.0635686704536235	0.119215616451541
GPC1:P35052:OID21438:v1	0.0789637916819833	0.0736927481332658	0.152656539815249	0.2349	0.387556539815249	0.203747798242873	0.190147089682438	GPC1	0.0459255732502797	0.0814426461284505
VWC2:Q2TAL6:OID20936:v1	0.173942194466124	0.0212031054628495	0.195145299928973	0.1921	0.387245299928973	0.449178323140468	0.0547536805914456	VWC2	0.149696166590959	0.017405243559797
LY9:Q9HBG7:OID20670:v1	0.190161626905716	0.0514759334399012	0.241637560345617	0.1438	0.385437560345617	0.49336558361152	0.133551938720614	LY9	0.138845887184481	0.051336740922457
NT5E:P21589:OID21498:v1	0.226484900314539	0.0285248137406088	0.255009714055148	0.1283	0.383309714055148	0.590866581278329	0.0744171428342795	NT5E	0.140274861625762	0.0344534803645122
LEG1:Q6P5S2:OID30608:v1	0.0772566292283243	0.167737951539102	0.244994580767426	0.1383	0.383294580767426	0.201559409145942	0.437621505640022	LEG1	0.0595161485640387	0.171234843708556
EDAR:Q9UNE0:OID20525:v1	0.143626162267005	0.101271973535676	0.244898135802681	0.1375	0.382398135802681	0.375593259537009	0.264833857840596	EDAR	0.117434535705136	0.110156714297613
TSPAN8:P19075:OID31470:v1	0.118141125284871	0.0652876653843327	0.183428790669204	0.1979	0.381328790669204	0.309814333917831	0.171210952285448	TSPAN8	0.0952933598453576	0.0502841824936074
NPTX1:Q15818:OID21074:v1	0.178048459235731	0.090442533817743	0.268490993053474	0.1127	0.381190993053474	0.467084643867107	0.237263039961323	NPTX1	0	0.234397886650748
SFTPA2:Q8IWL1:OID21218:v1	0.290776318584512	0.00906086068440215	0.299837179268914	0.0786	0.378437179268914	0.768360865457907	0.0239428396065798	SFTPA2	0	0.266037416646693
LRP11:Q86VZ4:OID20185:v1	0.220944560522404	0.00849541534862496	0.229439975871029	0.1482	0.377639975871029	0.585066663063925	0.0224960700440419	LRP11	0.192247278896041	0.00116208330224446
CSTB:P04080:OID20294:v1	0.307214068392396	0	0.307214068392396	0.0701	0.377314068392396	0.814213129399941	0	CSTB	0	0.251882411622058
FLRT2:O43155:OID20946:v1	0.165979989312077	0.0648456692172817	0.230825658529358	0.1462	0.377025658529358	0.44023526133342	0.171992721848749	FLRT2	0.115309649589159	0.0544325213753588
HNMT:P50135:OID20975:v1	0.261441306932772	0.00466611478282863	0.266107421715601	0.1105	0.376607421715601	0.694201154458933	0.0123898641231565	HNMT	0.202278090394313	0.00663504768486028
SUSD5:O60279:OID30650:v1	0.205160838902552	0.00918339330602457	0.214344232208577	0.1621	0.376444232208577	0.544996632565959	0.0243950963258119	SUSD5	0.170972306333925	0.00416849414175992
LAIR1:Q6GTX8:OID20737:v1	0.242416046087638	0.00457546142875897	0.246991507516397	0.129	0.375991507516397	0.644738089136405	0.0121690552506945	LAIR1	0.178975023779851	0
ULBP2:Q9BZM5:OID20919:v1	0.196630691783368	0.0269344317324196	0.223565123515788	0.1519	0.375465123515788	0.523698952227983	0.0717361748015645	ULBP2	0.160766688051565	0.00807468615699722
SHMT1:P34896:OID20714:v1	0.294482711257744	0.00485096722428046	0.299333678482024	0.0758	0.375133678482024	0.785007393762581	0.0129313028995686	SHMT1	0.267264325705067	0.00063295559125024
ITGA2:P17301:OID30570:v1	0.23287503942609	0.0252652388294767	0.258140278255567	0.1167	0.374840278255567	0.621264717094558	0.067402678674384	ITGA2	0.217677829281649	0.0147323048237686
BPIFA2:Q96DR5:OID30279:v1	0.0219402052365324	0.145449338205417	0.16738954344195	0.2062	0.37358954344195	0.0587281031326338	0.389329253879447	BPIFA2	0	0.147564985481028
BTD:P43251:OID30754:v1	0.267319671728147	0.0227367245651157	0.290056396293263	0.0829	0.372956396293263	0.716758512214786	0.0609634927597203	BTD	0.260121623784428	0.0137874540055914
TNFRSF10A:O00220:OID20967:v1	0.21586056539686	0.00636018689154482	0.222220752288405	0.1503	0.372520752288405	0.579459168572014	0.0170733760534789	TNFRSF10A	0.188874550061651	0.00725024649390626
TNFRSF11A:Q9Y6Q6:OID20646:v1	0.199885354235826	0.0180334169590493	0.217918771194876	0.1544	0.372318771194876	0.536866174096831	0.0484354224235727	TNFRSF11A	0	0.188315495117135
TIMD4:Q96H15:OID20375:v1	0.0395084094707387	0.14367165698244	0.183180066453179	0.189	0.372180066453179	0.106154017992548	0.386027275322963	TIMD4	0.0276289118822113	0.136739274280548
FRZB:Q92765:OID20968:v1	0.22756627425295	0.0152085839354234	0.242774858188374	0.1291	0.371874858188374	0.611943155720617	0.0408970480271605	FRZB	0.141894692572939	0.0162500103641974
FCN1:O00602:OID30690:v1	0.18868320306639	0.0626755735027246	0.251358776569115	0.1203	0.371658776569115	0.507678588430433	0.168637410049347	FCN1	0	0.170380853981619
ANG:P03950:OID20403:v1	0.220043015924718	0.00349452133074146	0.22353753725546	0.1469	0.37043753725546	0.594008419219603	0.0094334968227898	ANG	0.178981140614716	0.000617949977065586
GBP4:Q96PP9:OID20845:v1	0.350819569573541	0	0.350819569573541	0.0189	0.369719569573541	0.948880174176875	0	GBP4	0.269934704575323	0
SUSD2:Q9UGT4:OID21098:v1	0.203954683268245	0.00642153927233069	0.210376222540575	0.1588	0.369176222540575	0.552458882277632	0.0173942385241912	SUSD2	0.170863283621141	0.0142496599225201
ADA:P00813:OID20645:v1	0.261449757285057	0.00358906393402824	0.265038821219085	0.1041	0.369138821219085	0.708269470064449	0.00972280271734985	ADA	0	0.218262868585024
GPA33:Q99795:OID21376:v1	0.0226807110424831	0.109910417236419	0.132591128278902	0.2365	0.369091128278902	0.061450165839111	0.297786667885894	GPA33	0.0123450572465565	0.106383809770153
LRRC25:Q8N386:OID21333:v1	0.0619617188818607	0.154710803968931	0.216672522850792	0.1522	0.368872522850792	0.16797596742364	0.419415365431031	LRRC25	0.0282927210805336	0.135418061872391
CR2:P20023:OID20393:v1	0.0454933114587107	0.102309924066425	0.147803235525136	0.2203	0.368103235525136	0.123588458530688	0.277938127657232	CR2	0.0248176165021501	0.13343573796044
TNC:P24821:OID20359:v1	0.0604775730722733	0.149745335765562	0.210222908837836	0.1578	0.368022908837836	0.164331001195694	0.40689134336348	TNC	0	0.168882537977313
RGMA:Q96B86:OID21065:v1	0.0649768691838696	0.073801569130804	0.138778438314673	0.2291	0.367878438314673	0.176625924263302	0.200614011163318	RGMA	0.041725154113022	0.0831321092113871
CD244:Q9BZW8:OID20628:v1	0.135860420748909	0.0812827554959137	0.217143176244822	0.15	0.367143176244822	0.370047516989156	0.221392526826405	CD244	0.10977568526838	0.0597059591773112
CA5A:P35218:OID20075:v1	0.255382996481251	0.00463703130052767	0.260020027781778	0.1062	0.366220027781778	0.697348525770489	0.0126618725049378	CA5A	0.252660161437976	0.0029162252840483
GP2:P55259:OID20090:v1	0.043098945337035	0.211818763591391	0.254917708928426	0.1112	0.366117708928426	0.117718821805094	0.578553723094559	GP2	0.014658263357444	0.215428615833775
ICAM1:P05362:OID20411:v1	0.162008816799813	0.0402915767981932	0.202300393598007	0.1637	0.366000393598007	0.44264656441259	0.110086157017763	ICAM1	0.114738292780947	0.027770488186626
FABP9:Q0Z7S8:OID20501:v1	0.0105160113844426	0.154421162353992	0.164937173738435	0.2005	0.365437173738435	0.0287765234085616	0.422565555589922	FABP9	0.00156999613708534	0.132491736132401
SPINK2:P20155:OID30627:v1	0.182286253890253	0.0315113493377791	0.213797603228032	0.1515	0.365297603228032	0.499007527778559	0.086262129998451	SPINK2	0.185329982702167	0.00327583269839267
SIGLEC10:Q96LC7:OID20537:v1	0.178835179241771	0.0329225531892828	0.211757732431054	0.153	0.364757732431054	0.490284820145861	0.0902586847710097	SIGLEC10	0.122969648237447	0.032500620283686
KIR2DL3:P43628:OID21196:v1	0.137331558437761	0.180956330583083	0.318287889020845	0.046	0.364287889020845	0.376986341233823	0.496739902799043	KIR2DL3	0.0948611379536094	0.184527509265809
BTN3A2:P78410:OID20540:v1	0.273734124641478	0.0114425289257809	0.285176653567259	0.0786	0.363776653567259	0.752478538568081	0.0314548193612026	BTN3A2	0.207400739505645	0.0178871740374811
CD163:Q86VB7:OID20360:v1	0.0130293272057193	0.170275501907523	0.183304829113243	0.1798	0.363104829113243	0.035883100859713	0.468943093715834	CD163	0.00158148599165263	0.14319404873019
PRTN3:P24158:OID20329:v1	0.181332164280423	0.0386169456004837	0.219949109880906	0.1426	0.362549109880906	0.500158900789988	0.106515074918178	PRTN3	0.131140448500533	0.0332448426471644
SCGB1A1:P11684:OID20688:v1	0.0674911481534381	0.0538422851143761	0.121333433267814	0.2395	0.360833433267814	0.187042391117193	0.14921645321711	SCGB1A1	0.0606964653438682	0.061036548444682
IL1RL2:Q9HB29:OID20487:v1	0.162612751629756	0.02735993719805	0.189972688827806	0.1707	0.360672688827806	0.450859620555832	0.0758580786556653	IL1RL2	0.137895299476256	0.051682021359479
BPIFB1:Q8TDL5:OID20308:v1	0.156356392695566	0.0457129606106696	0.202069353306236	0.1583	0.360369353306236	0.433878162116348	0.126850300091482	BPIFB1	8.71736851521256e-05	0.182275417806698
BCHE:P06276:OID30717:v1	0.166966141673801	0.076410840632712	0.243376982306513	0.1165	0.359876982306513	0.463953378189643	0.212324889863702	BCHE	0.146519643373354	0.0668999504241217
CTRB1:P17538:OID21150:v1	0.19362767737546	0.0288587031816013	0.222486380557062	0.1373	0.359786380557062	0.538174005018379	0.0802106603838617	CTRB1	0.154520631991595	0.0313475064534576
SERPINA9:Q86WD7:OID21284:v1	0.270709472780509	0.00287987919911225	0.273589351979621	0.0861	0.359689351979621	0.752620202101079	0.00800657340358359	SERPINA9	0.21286934033635	0.000466427829978504
FGF5:P12034:OID20490:v1	0.241934065636644	0.00127631640398123	0.243210382040625	0.1164	0.359610382040625	0.672767188376983	0.0035491645061489	FGF5	0.194419009559103	0
CBLIF:P27352:OID20179:v1	0.0318878354435849	0.153112495685474	0.185000331129059	0.1738	0.358800331129059	0.0888734838767888	0.426734543983461	CBLIF	0.000478612377356187	0.15008476308226
IL10RB:Q08334:OID20696:v1	0.179004283563695	0.0167317916291469	0.195736075192842	0.1627	0.358436075192842	0.499403648104866	0.0466799878336605	IL10RB	0	0.155336777591537
NID2:Q14112:OID21085:v1	0.198331818480295	0.040469421226683	0.238801239706978	0.1192	0.358001239706978	0.553997574540883	0.113042684600218	NID2	0.177807819906782	0.038680326322397
OBP2B:Q9NPH6:OID20980:v1	0.191992162707397	0.0205677216443445	0.212559884351742	0.1452	0.357759884351742	0.536650896607052	0.0574902959889229	OBP2B	0	0.196905708523704
AFP:P02771:OID20978:v1	0.0314289460693403	0.151718064713903	0.183147010783243	0.1743	0.357447010783243	0.0879261684143693	0.424449107523535	AFP	0.0143016389411619	0.158602306250013
VSIG10:Q8N0Z9:OID31400:v1	0.318224695452505	0.00846496693586856	0.326689662388374	0.0307	0.357389662388374	0.890413822621125	0.0236855394173928	VSIG10	0.200408994591434	0.00303233374664329
HAVCR1:Q96D42:OID21422:v1	0.182573451730429	0.0260183393051358	0.208591791035565	0.1486	0.357191791035565	0.511135631647959	0.0728413697014252	HAVCR1	0.12743376601164	0.0292365468957878
CRH:P06850:OID21257:v1	0.0497054284362203	0.104032345697055	0.153737774133276	0.2031	0.356837774133276	0.139294189234729	0.291539610540784	CRH	0.000996795793475766	0.147986458790772
CRHBP:P24387:OID20747:v1	0.194447756808197	0.0133130766676654	0.207760833475863	0.1485	0.356260833475863	0.545801667028805	0.0373689033896212	CRHBP	0.152483461200307	0.00986108730043328
MATN3:O15232:OID20979:v1	0.229445985104476	0.0151526731604028	0.244598658264879	0.1116	0.356198658264879	0.644151738869981	0.0425399501340482	MATN3	0.125999828085444	0.0107460855404291
CTSB:P07858:OID20276:v1	0.220883475676493	0.0152275608939537	0.236111036570447	0.1198	0.355911036570447	0.620614291158045	0.0427847392446334	CTSB	0.157348913030727	0.0310746451468634
CLSTN2:Q9H4D0:OID20664:v1	0.216536136655432	0.00919531875749565	0.225731455412928	0.13	0.355731455412928	0.608706745947109	0.0258490460080957	CLSTN2	0.217148486203151	0.00273120522298115
SRPX:P78539:OID30310:v1	0.271415934643711	0.0126018170920106	0.284017751735721	0.0715	0.355517751735721	0.763438487441469	0.0354463793452945	SRPX	0	0.00341065969363638
SERPINA4:P29622:OID30774:v1	0.248702530382186	0.00933116160676217	0.258033691988949	0.0974	0.355433691988949	0.69971568815125	0.0262528899681583	SERPINA4	0.215355243505913	0.000616028787604404
AMY2A:P04746:OID20333:v1	0.194240003026553	0.0217631315091875	0.216003134535741	0.1394	0.355403134535741	0.546534299086267	0.0612350578663761	AMY2A	0.16475505892277	0.0429645223384914
LRP1:Q07954:OID21293:v1	0	0.23382955391205	0.23382955391205	0.1214	0.35522955391205	0	0.658249155614859	LRP1	0	0.245331853219213
SEMA3G:Q9NS98:OID30599:v1	0	0.270614619421572	0.270614619421572	0.0846	0.355214619421572	0	0.761834126822365	SEMA3G	0	0.252057533141504
RNASET2:O00584:OID20321:v1	0.124848189675202	0.0644627673019984	0.189310956977201	0.1659	0.355210956977201	0.351476178374801	0.18147741795627	RNASET2	0.0874185794306385	0.0529292577467241
CLEC4A:Q9UMR7:OID20573:v1	0.131931507242577	0.0616174061765751	0.193548913419152	0.1608	0.354348913419152	0.372320902495665	0.173889078936412	CLEC4A	0.127075034351339	0.0605256719482954
PRTG:Q2VWP7:OID21443:v1	0.175833082715671	0.0382329680354174	0.214066050751088	0.1395	0.353566050751088	0.497313252621808	0.108135291706311	PRTG	0.144266035976706	0.02321868740646
KEL:P23276:OID20881:v1	0.0858903466561133	0.196649148445559	0.282539495101673	0.0707	0.353239495101672	0.243150462638362	0.556702042587163	KEL	0.0562859884998956	0.167620704443092
TFRC:P02786:OID20369:v1	0.147435634567082	0.0650460396439448	0.212481674211027	0.1407	0.353181674211027	0.417449843331873	0.184171615894995	TFRC	0.0882778271689454	0.0427599090483171
ICAM3:P32942:OID20277:v1	0.0781499638398324	0.122650830811587	0.200800794651419	0.1519	0.352700794651419	0.221575808801534	0.347747531821711	ICAM3	0.0484581556438472	0.124078019865686
CES1:P23141:OID20244:v1	0.163493670165988	0.0461251604370786	0.209618830603066	0.1427	0.352318830603066	0.464050331587826	0.13091880544144	CES1	0.0771000299714627	0.0352810839613071
FCRL5:Q96RD9:OID21111:v1	0.134990423816706	0.0568508034527282	0.191841227269434	0.1604	0.352241227269434	0.383232890888863	0.161397357979456	FCRL5	0.124224650568693	0.058111896047709
LBP:P18428:OID20355:v1	0.266994591557163	0.0012508810586338	0.268245472615796	0.0839	0.352145472615796	0.758194020141396	0.00355217134936321	LBP	0	0.209631194297032
GAL:P22466:OID20727:v1	0.00606191127010838	0.108921004622065	0.114982915892173	0.237	0.351982915892173	0.0172221747034034	0.309449691176011	GAL	0.000626699200385308	0.137494322313208
AMY2B:P19961:OID20340:v1	0.189846112139282	0.0216369444026338	0.211483056541915	0.1394	0.350883056541916	0.541052377992504	0.0616642610671317	AMY2B	0.15767533589344	0.0306811668385765
ADAMTS13:Q76LX8:OID20249:v1	0.135893199877594	0.0224076666459673	0.158300866523562	0.192	0.350300866523562	0.387932811089561	0.0639669175481762	ADAMTS13	0	0.136598671551815
FGF2:P09038:OID20503:v1	0.230293745083268	0.0124806738290498	0.242774418912318	0.1072	0.349974418912318	0.658030223463177	0.0356616745527813	FGF2	0.199990473917904	0.00155618055723181
FCRL1:Q96LA6:OID20172:v1	0.0786634890845126	0.0815094708109649	0.160172959895477	0.1896	0.349772959895477	0.224898714606239	0.233035369101494	FCRL1	0.0617179058349784	0.073235264814156
OGN:P20774:OID21123:v1	0.183588587679702	0.00337354668282463	0.186962134362526	0.1615	0.348462134362526	0.526853765662537	0.00968124324037723	OGN	0	0.158932574470646
BCAM:P50895:OID21076:v1	0.0620139532167108	0.129353519791275	0.191367473007986	0.157	0.348367473007986	0.17801304088826	0.371313425660467	BCAM	0.0244441079862166	0.099035202128492
CRNN:Q9UBG3:OID21427:v1	0.226135552374999	0.00796256896628649	0.234098121341285	0.113	0.347098121341285	0.651503244964701	0.0229403977627907	CRNN	0.213517863676542	0.0122578372448048
TNXB:P22105:OID21107:v1	0.17706750473725	0.0288550657982342	0.205922570535485	0.1408	0.346722570535485	0.510689293932565	0.083222346193586	TNXB	0.149893793450631	0.0251499557563991
KLK13:Q9UKR3:OID21291:v1	0.150155765229257	0.0393104460274033	0.18946621125666	0.157	0.34646621125666	0.433392233789928	0.113461124779877	KLK13	0.124224920133382	0.0133136661574876
KIT:P10721:OID20370:v1	0.00315510013656113	0.113354934392208	0.116510034528769	0.2299	0.346410034528769	0.00910799290457359	0.327227629379755	KIT	0	0.118728554864703
GHR:P10912:OID30574:v1	0.217770633491956	0.0032959952559162	0.221066628747872	0.1253	0.346366628747872	0.628728680586824	0.00951591458978407	GHR	0.15398606748494	0.00300494093534487
FAM3B:P58499:OID21372:v1	0.2231879402482	0.0728737001529302	0.29606164040113	0.0493	0.34536164040113	0.646244151460978	0.211006931946144	FAM3B	0	0.262021264874055
IL1R2:P27930:OID20757:v1	0.160617658527858	0.0317241164497877	0.192341774977646	0.1528	0.345141774977646	0.465367191607742	0.091916188504977	IL1R2	0.118572906590037	0.0183772721870108
CD300A:Q9UGN4:OID30576:v1	0.0618027238290138	0.157814213271913	0.219616937100927	0.1253	0.344916937100927	0.17918147003297	0.457542661135642	CD300A	0	0.170707935351088
APOL1:O14791:OID30708:v1	0.0456114689691587	0.192725600670899	0.238337069640058	0.1065	0.344837069640058	0.132269622337204	0.558888871408363	APOL1	0.00785143184117949	0.0872322862205979
ADGRD1:Q6QNK2:OID30588:v1	0.161238111503942	0.023479071289432	0.184717182793374	0.16	0.344717182793374	0.467740279719648	0.0681111138678154	ADGRD1	0.140808979267461	0.0200886431504218
F11:P03951:OID30773:v1	0.0975429033001431	0.141026757850262	0.238569661150405	0.106	0.344569661150405	0.283086163112792	0.409283734904054	F11	0.0468574715175808	0.0840944479575761
AOC3:Q16853:OID20389:v1	0.191628975480921	0.0238039300794229	0.215432905560344	0.1289	0.344332905560344	0.556522401392563	0.0691305701402136	AOC3	0	0.193770014840283
ENDOU:P21128:OID31498:v1	0.071657976723185	0.0371392703719253	0.10879724709511	0.2349	0.34369724709511	0.208491564389386	0.108058096728507	ENDOU	0.0585360458075264	0.0579996842067858
CHGB:P05060:OID21038:v1	0.189385828118396	0.0147079228116668	0.204093750930063	0.1395	0.343593750930063	0.551191130821657	0.0428061417643785	CHGB	0.133095460567844	0.00463690491278068
ADGRE1:Q14246:OID31483:v1	0.135318587036355	0.0687375386635614	0.204056125699916	0.1395	0.343556125699916	0.393876216762762	0.20007659162975	ADGRE1	0.097372545192017	0.0621878823986346
CTSS:P25774:OID21056:v1	0.178340303389083	0.016570859860322	0.194911163249405	0.1479	0.342811163249405	0.520228984665051	0.0483381570869856	CTSS	0.123798654631027	0.0172597703835957
SOD3:P08294:OID30683:v1	0.163655399186018	0.0208647883858327	0.18452018757185	0.1581	0.34262018757185	0.477658366676651	0.0608977203990852	SOD3	0.181077588793615	0.00512282746243978
TREM2:Q9NZC2:OID20731:v1	0.0599687662741003	0.128950226025839	0.188918992299939	0.1527	0.341618992299939	0.175542834636805	0.377467965576754	TREM2	0.0323840261381746	0.12191301747085
ITPA:Q9BY32:OID30082:v1	0.287811863988103	0.00124061829248844	0.289052482280591	0.0517	0.340752482280591	0.844636147803922	0.00364081953030899	ITPA	0.23801637751065	0
ISLR2:Q6UXK2:OID20889:v1	0.0450601788188178	0.204229991301727	0.249290170120545	0.0905	0.339790170120545	0.132611778624531	0.601047379414401	ISLR2	0.0273643684834636	0.157159285287319
L1CAM:P32004:OID21484:v1	0.0209723060364228	0.141311104441838	0.162283410478261	0.1769	0.339183410478261	0.0618317564731456	0.41662150941458	L1CAM	0	0.130995023177838
PNLIPRP1:P54315:OID31122:v1	0.0470801800102318	0.112320554787397	0.159400734797629	0.1797	0.339100734797629	0.138838330852714	0.331230644057521	PNLIPRP1	0	0.140422294080252
CCER2:I3L3R5:OID30221:v1	0.00977050128512235	0.108360371885925	0.118130873171047	0.2208	0.338930873171047	0.0288274160264872	0.319712308507343	CCER2	0	0.0926562020161329
CFHR5:Q9BXR6:OID30716:v1	0.207430520835009	0.0135905823959604	0.221021103230969	0.1169	0.337921103230969	0.613843050498181	0.0402182114878787	CFHR5	0.162025270175287	0.0134341216183407
NCAM1:P13591:OID20354:v1	0.125776355671642	0.0246572163681931	0.150433572039835	0.1874	0.337833572039835	0.372302713765852	0.0729862820302706	NCAM1	0.0848595713038529	0.0245711542564231
ACP5:P13686:OID20314:v1	0.117425662602786	0.022698603999599	0.140124266602385	0.1973	0.337424266602385	0.348005980083105	0.0672702180793258	ACP5	0.0547136508657185	0.022106987700771
EGFLAM:Q63HQ2:OID31496:v1	0.229515257973171	0.00547225942887003	0.234987517402042	0.1024	0.337387517402042	0.680271931043833	0.0162195076777221	EGFLAM	0.172673408115077	0.00216103075710301
EPCAM:P16422:OID20743:v1	0	0.112495277831291	0.112495277831291	0.2248	0.337295277831291	0	0.333521650687204	EPCAM	0	0.103739948714437
FETUB:Q9UGM5:OID20404:v1	0.199902092715553	0.016263774705316	0.216165867420869	0.121	0.337165867420869	0.592889470825421	0.0482367175234101	FETUB	0.109379243840121	0.0125965976531604
CEACAM5:P06731:OID21171:v1	0.0984330103582701	0.105026214709955	0.203459225068225	0.1335	0.336959225068225	0.292121429049286	0.311688201113028	CEACAM5	0.0731453850774786	0.102251999425249
GGH:Q92820:OID20416:v1	0.12922395213035	0.0658206884947231	0.195044640625074	0.1417	0.336744640625074	0.383744643687519	0.195461725456254	GGH	0.103927681324915	0.0652255794591938
ENTPD2:Q9Y5L3:OID21260:v1	0.248405264777392	0.00484749818220517	0.253252762959598	0.0829	0.336152762959598	0.738965411411027	0.0144205216090631	ENTPD2	0.000182235205456796	0.198421523970081
NPTXR:O95502:OID20191:v1	0.194816195191981	0.0138550156098146	0.208671210801796	0.1266	0.335271210801796	0.581070455545769	0.0413247996351389	NPTXR	0.226405520606923	0.0124336875714959
CSF1R:P07333:OID30681:v1	0.0719624325933297	0.129640121488624	0.201602554081953	0.1329	0.334502554081953	0.215132684983023	0.387560931618064	CSF1R	0.0515625187995168	0.0913007582818243
GAS6:Q14393:OID20318:v1	0.0579300744673785	0.0832091118694073	0.141139186336785	0.1932	0.334339186336785	0.173267378861849	0.248876336576321	GAS6	0.0414359599509615	0.0655404809922351
FCER2:P06734:OID21133:v1	0.119486902408314	0.0371816607532888	0.156668563161603	0.1773	0.333968563161603	0.357778891753042	0.111332816482182	FCER2	0.0630225698642541	0.0484925035860691
AMY1A_AMY1B_AMY1C:P0DUB6_P0DTE7_P0DTE8:OID30707:v1	0.161057787448514	0.0234520567140346	0.184509844162548	0.1489	0.333409844162548	0.483062483811944	0.0703400248212255	AMY1A_AMY1B_AMY1C	0.146445317565392	0.0279760996413525
NCR3LG1:Q68D85:OID31490:v1	0.0844446395196637	0.108492122074374	0.192936761594038	0.14	0.332936761594038	0.253635672778694	0.325864051644327	NCR3LG1	0.0467084694452492	0.0845215230009708
CCL23:P55773:OID20693:v1	0.173370813385585	0.0157017730483342	0.18907258643392	0.1436	0.33267258643392	0.521145475928847	0.0471988786832398	CCL23	0	0.144860040020173
MSR1:P21757:OID21063:v1	0.11245307141983	0.0731345527893468	0.185587624209177	0.147	0.332587624209177	0.338115621972466	0.219895592817818	MSR1	0.0438485765270504	0.0670969644365844
KLK4:Q9Y5K2:OID21391:v1	0.262680711712282	0.0136082807525246	0.276288992464807	0.0556	0.331888992464806	0.79147159946902	0.0410025070474961	KLK4	0.168756601180879	0.00105202974978095
RETN:Q9HD89:OID20327:v1	0.108439787682189	0.0530366271860924	0.161476414868282	0.1703	0.331776414868282	0.326845980674187	0.159856532319057	RETN	0.0681510708021671	0.0412180441901986
KLK7:P49862:OID30652:v1	0.133953443004798	0.0485093458724223	0.18246278887722	0.1493	0.33176278887722	0.403762710875848	0.14621695831709	KLK7	0.106016284752799	0.0281447801390059
CD80:P33681:OID30291:v1	0.105859603190524	0.0425634805146008	0.148423083705124	0.183	0.331423083705124	0.319409263854143	0.128426421113354	CD80	0.0685488085285921	0.0398023143036028
MILR1:Q7Z6M3:OID20482:v1	0.195655797830103	0.0477231606402787	0.243378958470382	0.0872	0.330578958470382	0.591857989798927	0.144362366138177	MILR1	0	0.251628583693614
MENT:Q9BUN1:OID30595:v1	0.024007799768646	0.17289595666502	0.196903756433666	0.1331	0.330003756433666	0.0727500802660463	0.523921177545062	MENT	1.01015852756722e-05	0.142498640137331
ENG:P17813:OID20287:v1	0.0437645359901024	0.158117859391308	0.20188239538141	0.1279	0.32978239538141	0.132707314286702	0.479461188971098	ENG	0	0.177229257181199
SPAG1:Q07617:OID30979:v1	0.301917778893625	0	0.301917778893625	0.0277	0.329617778893625	0.915963270873992	0	SPAG1	0.185224950138579	6.56190980544664e-05
KLK10:O43240:OID21523:v1	0.253303192026192	0.0105480437466728	0.263851235772865	0.0653	0.329151235772865	0.76956476080493	0.032046192146007	KLK10	0.21025125024929	0.0103970414702154
LGALS3BP:Q08380:OID30765:v1	0.022452726479235	0.171069964123073	0.193522690602308	0.1355	0.329022690602308	0.0682406627887369	0.519933636825815	LGALS3BP	0	0.180583464616433
PLA2G2A:P14555:OID20274:v1	0.210861751330752	0.015354091793745	0.226215843124497	0.1024	0.328615843124497	0.641666419141169	0.0467235287494281	PLA2G2A	0.127878019488643	0.00402042380328202
CXCL1:P09341:OID20762:v1	0.230087988039572	0.0130117575748431	0.243099745614415	0.0853	0.328399745614415	0.700633880239742	0.039621704184024	CXCL1	0.154375574774513	0.0125440606307066
DSG3:P32926:OID21460:v1	0.035495898772789	0.0621094341211886	0.0976053328939777	0.2299	0.327505332893977	0.108382658868886	0.189644038991252	DSG3	0	0.0846131374523458
KLK14:Q9P0G3:OID21407:v1	0.168406683216837	0.0217864615680344	0.190193144784871	0.137	0.327193144784871	0.514701135708586	0.066585935296288	KLK14	0.153282982437583	0.0191328414224418
CREG1:O75629:OID21515:v1	0.0249416651190773	0.154336207808817	0.179277872927894	0.1471	0.326377872927894	0.0764195957750715	0.472875830779478	CREG1	0.00897200445906343	0.135113418392928
CTSE:P14091:OID30628:v1	0.157227681557823	0.0602579421077751	0.217485623665598	0.1086	0.326085623665598	0.482166860931779	0.184791777786468	CTSE	0.100550351692603	0.0342138282530678
EBI3_IL27:Q14213_Q8NEV9:OID21389:v1	0.0851449846193215	0.0990380475485473	0.184183032167868	0.1417	0.325883032167868	0.261274678994215	0.303906732700126	EBI3_IL27	0.0590026300413171	0.1011840337722
TNFRSF13C:Q96RJ3:OID20480:v1	0.142332421600744	0.0412723971021667	0.18360481870291	0.1418	0.32540481870291	0.437401087568685	0.126834007150483	TNFRSF13C	0.0942267141226564	0.0367313164307199
COCH:O43405:OID30305:v1	0.112967082377742	0.0748299285768263	0.187797010954568	0.1374	0.325197010954568	0.347380444998998	0.230106446418969	COCH	0.0908708192622602	0.067689698160292
ECHDC3:Q96DC8:OID30293:v1	0.197832853793913	0.00956254767151931	0.207395401465432	0.1171	0.324495401465432	0.609663042682556	0.0294689774595711	ECHDC3	0.116976234617517	0.000968263999067262
CLEC6A:Q6EIG7:OID21228:v1	0.184598930754482	0.0356564798807398	0.220255410635221	0.1041	0.324355410635222	0.569125486123265	0.109930276208156	CLEC6A	0.154515453747835	0.029705427411429
CNTN1:Q12860:OID20307:v1	0.0626939713728826	0.0644444352366427	0.127138406609525	0.1971	0.324238406609525	0.193357634675227	0.198756328439067	CNTN1	0.0529926795216748	0.0592600657419094
OXT:P01178:OID21047:v1	0.187434706672145	0.0147912023854811	0.202225909057626	0.122	0.324225909057626	0.578099101385607	0.045620050626035	OXT	0.153244267527472	0.00942356813046976
CPB2:Q96IY4:OID30734:v1	0.221943317979123	0.0119143903195819	0.233857708298705	0.0903	0.324157708298705	0.684676971416045	0.0367549190241777	CPB2	0.181475855288448	0.000832468291183592
PTPRB:P23467:OID30324:v1	0.116571672015346	0.0742320042452034	0.190803676260549	0.132	0.322803676260549	0.361122504445258	0.22996021949046	PTPRB	0.103489677510325	0.0698555992442796
CELA3A:P09093:OID20298:v1	0.0386885487668694	0.107504518520293	0.146193067287162	0.1762	0.322393067287162	0.120004282636787	0.33345791032329	CELA3A	0.0238942861711509	0.100898312160553
SDC4:P31431:OID20216:v1	0.0445517520539277	0.0759303680238009	0.120482120077728	0.2015	0.321982120077728	0.138367161639822	0.235821690985421	SDC4	0	0.117673458027842
MMP12:P39900:OID21439:v1	0.14963669506571	0.00972776852970586	0.159364463595416	0.1621	0.321464463595416	0.465484406556483	0.0302607897025559	MMP12	0.105244183665122	0.0157983015591052
INHBC:P55103:OID21093:v1	0.174729806341576	0.00921360547175792	0.183943411813334	0.1373	0.321243411813334	0.543917166597356	0.028681072149463	INHBC	0.158433565167851	0.00262372686820674
LPO:P22079:OID20963:v1	0.0521039843382821	0.105829266609154	0.157933250947437	0.163	0.320933250947436	0.162351467741233	0.329754758339103	LPO	0	0.141891821162763
SMOC2:Q9H3U7:OID20730:v1	0.119520995829413	0.0166949498370984	0.136215945666511	0.1843	0.320515945666511	0.372901871015714	0.052087735611348	SMOC2	0.0532703317649071	0.0019755252756145
SERPINE2:P07093:OID30359:v1	0.156379416528295	0.0353054869156835	0.191684903443978	0.1287	0.320384903443978	0.488098580324147	0.110197098977408	SERPINE2	0.135382000340884	0.0527836070111875
PLG:P00747:OID30785:v1	0.203791934444952	0.00930723773428332	0.213099172179235	0.1064	0.319499172179235	0.637848082844569	0.029130710013427	PLG	0.139065455342132	0
MME:P08473:OID21307:v1	0.00450629734871643	0.168157905385343	0.17266420273406	0.1466	0.31926420273406	0.0141146339305383	0.526704541083221	MME	6.44360196699686e-05	0.162306160911015
DSG4:Q86SJ6:OID21325:v1	0.00550193108437168	0.0722832054497698	0.0777851365341415	0.2414	0.319185136534141	0.017237428860611	0.226461690023081	DSG4	0	0.0913556823953616
AMN:Q9BXJ7:OID20492:v1	0.269686109148116	0.0263568211871795	0.296042930335296	0.0226	0.318642930335296	0.846358363778339	0.0827158511235294	AMN	0.217138079388986	0.0150634368120862
SPINK5:Q9NQ38:OID21148:v1	0.107230567157299	0.0382034452697259	0.145434012427025	0.173	0.318434012427025	0.336743447535691	0.119972879085838	SPINK5	0.0757705302798678	0.0334424664611928
CD160:O95971:OID20647:v1	0.0961422506429762	0.0653897058356486	0.161531956478624	0.1567	0.318231956478624	0.302113752832468	0.205478125324729	CD160	0.062453555809471	0.0394910195413312
LILRA5:A6NI73:OID20209:v1	0.0947359632162918	0.0433554757042306	0.138091438920522	0.1801	0.318191438920522	0.297732596256164	0.136255946581453	LILRA5	0.0714308722141648	0.0501916127964008
ERBB4:Q15303:OID21510:v1	0.0509173802069052	0.0727175878060994	0.123634968013004	0.1944	0.318034968013004	0.160099942861701	0.228646517269528	ERBB4	0.0406374124989369	0.0700800134528031
F7:P08709:OID20372:v1	0.169779121269647	0.0235098329785534	0.1932889542482	0.1245	0.3177889542482	0.534251172043713	0.0739793899827986	F7	0.145499093175686	0.0167549051479264
NOTCH2:Q04721:OID30407:v1	0.0260285757397952	0.201001757387144	0.227030333126939	0.0906	0.317630333126939	0.0819461273851103	0.632816631234066	NOTCH2	0	0.2288435186247
NOMO1:Q15155:OID21106:v1	0.185951684214038	0.0132196308433041	0.199171315057342	0.1182	0.317371315057342	0.585912070158075	0.0416535150346389	NOMO1	0.00175446473457897	0.184620919191585
CEACAM16:Q2WEN9:OID31495:v1	0.139970374197976	0.0258374263894899	0.165807800587466	0.1511	0.316907800587466	0.441675382993119	0.0815297898682012	CEACAM16	0.123277692434535	0.0215622644342093
GPNMB:Q14956:OID20173:v1	0.157524895264497	0.0161647339298592	0.173689629194356	0.1426	0.316289629194356	0.498040026369944	0.0511073789268197	GPNMB	0.0960297409879595	0.00606155361888109
PROC:P04070:OID20402:v1	0.0341983139479378	0.133724106263145	0.167922420211083	0.1482	0.316122420211083	0.108180602707972	0.42301367354411	PROC	0.00426263069766677	0.119240094709748
CST6:Q15828:OID20293:v1	0.0221078127800064	0.0394234707034125	0.061531283483419	0.2539	0.315431283483419	0.0700875719613541	0.124982754621054	CST6	0.00498595560106608	0.0424075947870928
C4BPB:P20851:OID21481:v1	0.037617591344658	0.0824024164331508	0.120020007777808	0.1951	0.315120007777808	0.119375445595895	0.261495349071115	C4BPB	0.0242861944749729	0.0762220874158319
PON3:Q15166:OID20777:v1	0.132580276196883	0.0201305268779226	0.152710803074806	0.162	0.314710803074806	0.421276533571582	0.0639651600175214	PON3	0.0929134601381952	0.011748942169296
MYOC:Q99972:OID21121:v1	0.0945669656696359	0.0290536464060441	0.12362061207568	0.1906	0.31422061207568	0.300957232069993	0.0924625733942832	MYOC	0.0728093074236425	0.0281180157273859
HSDL2:Q6YN16:OID30256:v1	0.230171540605714	0.00231102246765141	0.232482563073366	0.0814	0.313882563073366	0.733304642194842	0.0073626978352131	HSDL2	0	0.187337233708267
ADAM8:P78325:OID21039:v1	0.141515612534434	0.0265678498446442	0.168083462379079	0.1453	0.313383462379079	0.451573326365425	0.0847774469110527	ADAM8	0	0.126080994387933
PLTP:P55058:OID20238:v1	0.0977166846591313	0.0481003040843072	0.145816988743438	0.1674	0.313216988743438	0.311977600739827	0.153568630735119	PLTP	0	0.132009531948053
ANPEP:P15144:OID20350:v1	0.161957316292104	0.0140430844691257	0.17600040076123	0.1372	0.31320040076123	0.517104435046918	0.0448373770754896	ANPEP	0.115916879184291	0.00865703209163215
CTSZ:Q9UBR2:OID20365:v1	0.0725159900001242	0.0861226029662682	0.158638592966392	0.1544	0.313038592966392	0.231651916503181	0.27511816402623	CTSZ	0	0.123945467287311
LTBR:P36941:OID20768:v1	0.0810198752358917	0.0611880773019411	0.142207952537832	0.1707	0.312907952537832	0.258925586834025	0.195546571461916	LTBR	0.0528384518823661	0.0668520132931944
FASLG:P48023:OID20665:v1	0.00248802172415203	0.15406738584261	0.156555407566762	0.1557	0.312255407566762	0.00796790596371042	0.493401818220457	FASLG	5.72602947436994e-07	0.137599081904958
CCL4:P13236:OID20695:v1	0.123510578231311	0.0982095873835099	0.221720165614821	0.0905	0.312220165614821	0.395588087617901	0.314552351831972	CCL4	0	0.126287035779973
DRAXIN:Q8NBI3:OID20917:v1	0.142452535783832	0.0495871979008614	0.192039733684693	0.12	0.312039733684693	0.456520501737692	0.158913088776597	DRAXIN	0.117657163681323	0.0443486607641073
CCL17:Q92583:OID20745:v1	0.0365749598934914	0.134501443873376	0.171076403766867	0.1405	0.311576403766867	0.117386809306837	0.431680455410914	CCL17	0.0280051491473146	0.1269872109469
CD58:P19256:OID20716:v1	0.0223790901329922	0.122391689840268	0.14477077997326	0.1663	0.31107077997326	0.0719421159869658	0.393452865777971	CD58	0.0128333533523687	0.104997828975207
IL34:Q6ZMJ4:OID20809:v1	0.29794515133211	0	0.29794515133211	0.0131	0.31104515133211	0.957883927963844	0	IL34	0.27149171587746	0.000863211914316548
TOR1AIP1:Q5JTV8:OID30195:v1	0.252564329771246	0.0049083085248599	0.257472638296106	0.0532	0.310672638296106	0.812959683725104	0.0157989726799877	TOR1AIP1	0.157821117231462	0.000931735772538076
KLK8:O60259:OID21517:v1	0.162303693936175	0.0123959577147257	0.174699651650901	0.1358	0.310499651650901	0.52271779718019	0.0399226139186225	KLK8	0.127767882394957	0.00541388458638081
CTRL:P40313:OID31157:v1	0.00313574626569345	0.165565118299324	0.168700864565018	0.1416	0.310300864565018	0.0101055028321921	0.533563187235765	CTRL	3.43440903807272e-05	0.160017469089123
C8B:P07358:OID30719:v1	0.223218506068604	0.0242770188813123	0.247495524949916	0.0625	0.309995524949916	0.720070091672026	0.0783140946477681	C8B	0.178865980552873	0.00647013467939069
GNLY:P22749:OID21132:v1	0.196332411657875	0.0375215967117016	0.233854008369576	0.0761	0.309954008369576	0.63342433508321	0.12105536853378	GNLY	0.208720316753436	0.0471971031099202
AGER:Q15109:OID20756:v1	0.0224416541266459	0.0425810673231032	0.0650227214497491	0.2449	0.309922721449749	0.0724104835607692	0.137392531673439	AGER	0.0225873269636505	0.0533671353706983
HPGDS:O60760:OID21266:v1	0.199461188538496	0.00388135590437496	0.203342544442871	0.1064	0.30974254444287	0.643957997107771	0.0125309098604981	HPGDS	0.1116521492636	0.00584095805913507
SUMF2:Q8NBJ7:OID21032:v1	0.125407204755103	0.0490538444614744	0.174461049216578	0.1351	0.309561049216578	0.405112998138745	0.158462586251136	SUMF2	0.0683732461021884	0.0463411826023177
TNR:Q92752:OID20957:v1	0.0878820100545186	0.0786333437360529	0.166515353790571	0.1423	0.308815353790571	0.284577852026481	0.254628996812702	TNR	0.0653746464139813	0.0692437057971298
CHI3L1:P36222:OID20399:v1	0.203681235104865	0.0150042158851585	0.218685450990023	0.0897	0.308385450990023	0.660476149088674	0.0486540977759807	CHI3L1	0.133482123801164	0.0111479261723425
CLEC1A:Q8NC01:OID20099:v1	0.0923201432502134	0.113995610772761	0.206315754022974	0.1019	0.308215754022974	0.299530903418167	0.369856534861822	CLEC1A	0.0390499880605146	0.0953621947903651
CD1C:P29017:OID21483:v1	0.0374857576398114	0.0995219021181679	0.137007659757979	0.1712	0.308207659757979	0.121625003315125	0.322905349582543	CD1C	0.00544269327537687	0.100690356029058
AAMDC:Q9H7C9:OID30236:v1	0.229473671973136	0.00132634318179364	0.230800015154929	0.0774	0.308200015154929	0.744560871801974	0.00430351433022123	AAMDC	0.177447580211891	0
NCAN:O14594:OID21055:v1	0.0174392278657708	0.0345135828836009	0.0519528107493717	0.2562	0.308152810749371	0.0565927918144306	0.112001518985564	NCAN	0.00505099064228736	0.0368689107624026
IGF2R:P11717:OID21146:v1	0.155349053372625	0.0317096776012459	0.187058730973871	0.1208	0.307858730973871	0.504611491385022	0.103000741609427	IGF2R	0.120664605173803	0.0271495901014167
LGALS4:P56470:OID20748:v1	0.0154581588932673	0.152172845963154	0.167631004856421	0.1401	0.307731004856421	0.0502326988483973	0.49449955825593	LGALS4	0.00316665877292275	0.106418828674918
CD300E:Q496F6:OID21418:v1	0.117455892712682	0.0227284941164061	0.140184386829088	0.1674	0.307584386829088	0.381865587923835	0.0738935235000579	CD300E	0	0.136529147015574
PRG3:Q9Y2Y8:OID30383:v1	0.0226879704938736	0.108964825657652	0.131652796151525	0.1757	0.307352796151525	0.0738173550979779	0.354526872773046	PRG3	0.0144485092187575	0.118585636820723
PAMR1:Q6UXH9:OID21153:v1	0.133532369701233	0.0351550502970913	0.168687419998324	0.1382	0.306887419998324	0.435118421282835	0.114553572438007	PAMR1	0.105202956744365	0.0375906423803778
KLRD1:Q13241:OID20632:v1	0.10965063914821	0.0849625123433447	0.194613151491555	0.1116	0.306213151491555	0.358085988841778	0.277461996421429	KLRD1	0.0871456212958589	0.0802355793586413
CHL1:O00533:OID20366:v1	0.142013209052909	0.0216520004099459	0.163665209462855	0.1424	0.306065209462855	0.463996575442672	0.0707430957211544	CHL1	0.0912866510614821	0.0219920026159314
CLGN:O14967:OID30957:v1	0.277931432558718	0	0.277931432558718	0.0277	0.305631432558718	0.909367960722828	0	CLGN	0.227895143249683	0.00996050908139907
IGFBPL1:Q8WX77:OID20155:v1	0.177987267841307	0.00401697914154558	0.182004246982853	0.1234	0.305404246982853	0.582792379607283	0.013152990442111	IGFBPL1	0.124301429067938	0
KLKB1:P03952:OID30760:v1	0.11552724692006	0.0930554686398759	0.208582715559936	0.0967	0.305282715559936	0.378427080970389	0.304817350924036	KLKB1	0.0678066499830116	0.0706380890612428
CLSTN3:Q9BQT9:OID31092:v1	0.148857115305566	0.0300761949077152	0.178933310213281	0.1263	0.305233310213281	0.487683061857018	0.0985351005324403	CLSTN3	0.118779601716328	0.0143166834626595
PAEP:P09466:OID20925:v1	0.275229076676047	0.00106159997978394	0.276290676655831	0.0284	0.304690676655831	0.903306526136135	0.00348418924870186	PAEP	0	0.091571356604504
CXCL6:P80162:OID20613:v1	0.170530536699158	0.0164612642901008	0.186991800989259	0.1171	0.304091800989259	0.560786368275617	0.0541325489097362	CXCL6	0.13505351632742	0.0198899750110146
CNTN4:Q8IWV2:OID21117:v1	0.138511626681958	0.0378570405495776	0.176368667231535	0.1277	0.304068667231535	0.455527456817795	0.124501616342965	CNTN4	0.122505549517858	0.0344609087854653
LYPD8:Q6UX82:OID21251:v1	0.209390324341776	0.0361767011850549	0.245567025526831	0.0585	0.304067025526831	0.688632132928533	0.118976074838679	LYPD8	0.196921443927508	0.0217786409553119
C1RL:Q9NZP8:OID30721:v1	0.179274645356657	0.0146649311226053	0.193939576479262	0.1101	0.304039576479262	0.589642465078505	0.0482336256760493	C1RL	0.149375234557003	0.00789382285816146
CD22:P20273:OID20637:v1	0.0357466473995437	0.0989290433986183	0.134675690798162	0.1689	0.303575690798162	0.117752008751289	0.325879332230172	CD22	0.0241384483241709	0.0806309943873145
CYTL1:Q9NRR1:OID30374:v1	0.200165246252018	0.00108847488676999	0.201253721138788	0.1011	0.302353721138788	0.662023425734976	0.00360000493021998	CYTL1	0.179291408124724	0.000137225033505355
CNTN3:Q9P232:OID21092:v1	0.077429679992323	0.0371068169064214	0.114536496898744	0.1875	0.302036496898744	0.256358687732631	0.122855407500177	CNTN3	0.0663088998528044	0.0342598303715554
TCL1A:P56279:OID20987:v1	0.0636481286627769	0.0524832796411924	0.116131408303969	0.1859	0.302031408303969	0.210733476429446	0.173767622168527	TCL1A	0.0283416272481286	0.0593863483637912
RTN4R:Q9BZR6:OID21424:v1	0.103270702581227	0.0190446551232921	0.122315357704519	0.1797	0.302015357704519	0.341938580097848	0.0630585651936439	RTN4R	0.0543965326517211	0.0134479522108511
PCDH17:O14917:OID20132:v1	0.120423480923778	0.0808444168914976	0.201267897815276	0.1007	0.301967897815276	0.398795639520084	0.267725203494819	PCDH17	0	0.175020713694014
CFB:P00751:OID30755:v1	0.140217493987441	0.0255304546030108	0.165747948590452	0.1349	0.300647948590452	0.466384336380249	0.0849181067847194	CFB	0.117991246987503	0.0130330925265881
MATN2:O00339:OID20767:v1	0.10318584494107	0.0706072369449451	0.173793081886015	0.1267	0.300493081886016	0.343388421102524	0.23497125624918	MATN2	0.0717038390093038	0.0642737518013033
DSCAM:O60469:OID30993:v1	0.117149679894012	0.0331043424253961	0.150254022319409	0.1494	0.299654022319409	0.390949799329374	0.110475214613035	DSCAM	0.000160846116384658	0.103220424179913
ANGPTL7:O43827:OID21412:v1	0.144386107596632	0.0214866876544709	0.165872795251103	0.1337	0.299572795251103	0.481973363020521	0.0717244289037016	ANGPTL7	0.119761231931068	0.0170489408355868
SBSN:Q6UWP8:OID30398:v1	0.163483728166804	0.0096458075104448	0.173129535677249	0.1264	0.299529535677249	0.545801694638096	0.0322031932131006	SBSN	0.101394008658103	0.00536526797195271
GLA:P06280:OID30594:v1	0.175714609278426	0.00596736841913556	0.181681977697562	0.1173	0.298981977697562	0.587709702877717	0.0199589569414511	GLA	0	0
C1QA:P02745:OID20654:v1	0.114746230503388	0.0430076681772309	0.157753898680619	0.141	0.298753898680619	0.384082788576618	0.143956843298663	C1QA	0.0727030581419356	0.0386931705268726
CD5L:O43866:OID30775:v1	0.0425598986276153	0.0822321276627915	0.124792026290406	0.1739	0.298692026290406	0.142487562042369	0.275307408383377	CD5L	0.0293977815098922	0.0913036328654148
CD300LG:Q6UXG3:OID21130:v1	0.0895933676472599	0.0335299751069098	0.123123342754169	0.1749	0.298023342754169	0.300625336321936	0.112507882090859	CD300LG	4.71811271363088e-09	0.109852017442832
NCR1:O76036:OID20566:v1	0.0556848088499519	0.0728637177148318	0.128548526564783	0.1694	0.297948526564783	0.186894056808984	0.244551361119045	NCR1	0.046787533024986	0.0717089366561824
EPPK1:P58107:OID30250:v1	0.220426537375829	0.00949430682722107	0.22992084420305	0.068	0.29792084420305	0.739882897302734	0.0318685550607198	EPPK1	0.0150513495035817	0.166730220406434
CD55:P08174:OID20377:v1	0.0947928675793757	0.0306901647925162	0.125483032371892	0.1719	0.297383032371892	0.318756812799032	0.103200793090766	CD55	0.0566860784187195	0.0194581129586533
THBS2:P35442:OID21104:v1	0.115989172344338	0.0492881625782042	0.165277334922543	0.1321	0.297377334922543	0.39004039219919	0.165742835078679	THBS2	0.0700477327103684	0.019778105632213
BMP10:O95393:OID30575:v1	0.112121404467036	0.0409407092021092	0.153062113669146	0.1432	0.296262113669146	0.378453400870047	0.138190836131785	BMP10	0.102565077870235	0.0394336581374632
MASP1:P48740:OID20954:v1	0.049887955399186	0.160675717127854	0.21056367252704	0.0852	0.29576367252704	0.168675060641955	0.54325710711874	MASP1	0.0170601934864034	0.0770245004723525
GFRA3:O60609:OID20933:v1	0.00672606352399424	0.0753383585259086	0.0820644220499028	0.2136	0.295664422049902	0.0227489783091284	0.254810362381689	GFRA3	0.00122016734701114	0.0985464390401289
ENPP6:Q6UWR7:OID30273:v1	0.101483152775497	0.0471792895257046	0.148662442301202	0.1469	0.295562442301202	0.343356050198279	0.159625455651178	ENPP6	0.0720579153535104	0.0644600973007568
ACHE:P22303:OID30585:v1	0.108528793861478	0.0248872460725742	0.133416039934052	0.1619	0.295316039934052	0.367500505173082	0.0842732622248755	ACHE	0.0742980445605758	0.0173929001288769
RNASE6:Q93091:OID30689:v1	0.127137979329403	0.00983564387643312	0.136973623205836	0.1583	0.295273623205836	0.430576825484932	0.0333102691992798	RNASE6	0.0624283334058657	0.00447781258056991
CCL14:Q16627:OID20401:v1	0.126848249283906	0.0253295109921062	0.152177760276013	0.1428	0.294977760276013	0.430026484590614	0.0858692227115874	CCL14	0	0.0995848816648584
THBS4:P35443:OID20368:v1	0.0518375969694515	0.0478023330393068	0.0996399300087583	0.1953	0.294939930008758	0.175756456468651	0.162074809734603	THBS4	0.015933652895079	0.0391516204254458
GCNT1:Q02742:OID21379:v1	0.15180821257366	0.0215895598571962	0.173397772430856	0.1214	0.294797772430856	0.514957122375361	0.0732351526240246	GCNT1	0	0.142317054463267
EPHA4:P54764:OID30622:v1	0.024860716016524	0.160286845260055	0.185147561276579	0.1093	0.294447561276579	0.0844317266841681	0.5443646555099	EPHA4	0.002838546375886	0.133981040193789
HAVCR2:Q8TDQ0:OID21137:v1	0.0869896613800233	0.0204648620673042	0.107454523447327	0.1866	0.294054523447327	0.295828339452854	0.0695954676275197	HAVCR2	0.019647373652507	0.0267313879601789
IGDCC4:Q8TDY8:OID30402:v1	0.0998278371957911	0.00557001017392558	0.105397847369716	0.1879	0.293297847369716	0.340363347672146	0.0189909684775296	IGDCC4	0.0657783903471813	0.00235017246324127
HEG1:Q9ULI3:OID30579:v1	0.0134757025890022	0.112257270783936	0.125732973372939	0.1671	0.292832973372939	0.046018392101767	0.383349147778419	HEG1	0.00270745181413837	0.103669877007506
TNFSF12:O43508:OID20624:v1	0.0784672869207636	0.049447213826275	0.127914500747038	0.1635	0.291414500747038	0.269263494848792	0.169680004596605	TNFSF12	0.0482457775002409	0.0465690151408302
FLT3LG:P49771:OID20661:v1	0	0.115414849004519	0.115414849004519	0.1751	0.290514849004519	0	0.397276935757331	FLT3LG	0	0.120909921006975
DLK1:P80370:OID20295:v1	0.133775326764186	0.0118130846123753	0.145588411376561	0.1447	0.290288411376561	0.460835918767191	0.0406943031461612	DLK1	0.108039799964683	0.00147167625121272
CNTNAP2:Q9UHC6:OID20556:v1	0.158308716051523	0.0137250500782326	0.172033766129756	0.1182	0.290233766129756	0.545452440501866	0.047289639180358	CNTNAP2	0.120739134111624	0.0136331142155167
ECM1:Q16610:OID30736:v1	0.249255202826631	0.0019052249766113	0.251160427803242	0.0386	0.289760427803242	0.860211329463815	0.00657517312165558	ECM1	0.156043269081736	0.00199921750358487
BLMH:Q13867:OID20336:v1	0.180401000135284	0.0182240454784292	0.198625045613713	0.091	0.289625045613713	0.622877761669457	0.0629228920441344	BLMH	0	0.130249831620671
LGMN:Q99538:OID20773:v1	0.0777231545719042	0.0673610576791426	0.145084212251046	0.1445	0.289584212251046	0.268395690385649	0.232613018353175	LGMN	0.0539100762836367	0.0801554071179328
ART3:Q13508:OID20346:v1	0.0621051792992323	0.00768122716234589	0.0697864064615782	0.2195	0.289286406461578	0.21468405674112	0.0265523266588956	ART3	0.0416858282597753	0.00582396473015966
GALNT3:Q14435:OID20471:v1	0.102247232593034	0.0770908089312132	0.179338041524247	0.1099	0.289238041524247	0.353505479618809	0.266530669772739	GALNT3	0.0915692975877782	0.0664248857495144
LY6D:Q14210:OID20708:v1	0.127605678101226	0.015421047836223	0.143026725937449	0.1456	0.288626725937449	0.442113174678358	0.0534290363656935	LY6D	0	0.0917508912418653
CPXM1:Q96SM3:OID21479:v1	0.101342205896576	0.0667635002189363	0.168105706115513	0.1205	0.288605706115513	0.351144151862385	0.231331185781249	CPXM1	0.0749474032318568	0.0842516069638577
KLK11:Q9UBX7:OID21518:v1	0.106595332421681	0.062984106910175	0.169579439331856	0.1182	0.287779439331856	0.370406352410603	0.218862428311093	KLK11	0.071622352320343	0.0417253832400552
IL1R1:P14778:OID21116:v1	0.036934705995515	0.0982755064183216	0.135210212413836	0.1521	0.287310212413836	0.128553404646525	0.342053648537794	IL1R1	0.0145815618102018	0.0788318483973242
ASGR2:P07307:OID30679:v1	0.0756342657534261	0.0845840543072529	0.160218320060679	0.127	0.287218320060679	0.263333709832462	0.294493938580879	ASGR2	0.0425204322500666	0.0691805244140635
CTSF:Q9UBX1:OID21500:v1	0.0370115840160447	0.084211683034632	0.121223267050676	0.1648	0.286023267050676	0.129400605753821	0.294422491928643	CTSF	0.0176404834150974	0.0926730907631453
CELA2A:P08217:OID30411:v1	0.0121987079781661	0.0889173827459111	0.101116090724077	0.1847	0.285816090724077	0.0426802701949437	0.311099989229614	CELA2A	0	0.0857544338276356
CCL18:P55774:OID20395:v1	0.153749360097899	0.00801000962042283	0.161759369718322	0.1238	0.285559369718322	0.538414692011538	0.0280502426809666	CCL18	0	0.127494585963811
ERMAP:Q96PL5:OID30539:v1	0.0119767609484066	0.16074193645609	0.172718697404496	0.1122	0.284918697404496	0.0420357142493997	0.564167735990615	ERMAP	0.00568814789886573	0.128525658567402
CRELD2:Q6UXH1:OID20751:v1	0.112093827078365	0.0388799492404356	0.150973776318801	0.1339	0.284873776318801	0.393485944992429	0.136481320754934	CRELD2	0.0829215453741258	0.0103883508391382
F13B:P05160:OID30781:v1	0.118703974840673	0.0467825723927353	0.165486547233408	0.1186	0.284086547233408	0.417844406912886	0.16467718323282	F13B	0.0750969372463414	0.0305552250460566
MET:P08581:OID20269:v1	0.0321464825375192	0.0944022699990919	0.126548752536611	0.157	0.283548752536611	0.113371976599927	0.332931353619349	MET	0.0128101709338255	0.0797765555878623
DNER:Q8NFT8:OID20712:v1	0.0739721690913525	0.0208139868563522	0.0947861559477047	0.1886	0.283386155947704	0.261029579387791	0.0734474370730841	DNER	0.0365892102409309	0.0107190999341939
TPK1:Q9H3S4:OID30338:v1	0.133813797877882	0.017905558215854	0.151719356093736	0.1312	0.282919356093736	0.472975054536556	0.0632885584891603	TPK1	0.104144857833286	0.0180102039988609
RET:P07949:OID21346:v1	0.120177716766485	0.0164048820105131	0.136582598776999	0.1458	0.282382598776999	0.425584711263995	0.0580945216934853	RET	0.0785584656189565	0.0126625723970948
HDDC2:Q7Z4H3:OID31447:v1	0.26622970796128	0	0.26622970796128	0.0157	0.28192970796128	0.944312360291749	0	HDDC2	0.211337415199561	0
KLRK1:P26718:OID31082:v1	0.16076660653736	0.0348450052142403	0.195611611751601	0.0857	0.281311611751601	0.571489408262742	0.123866217243135	KLRK1	0.0983461450476917	0.0270307957543719
DKK3:Q9UBP4:OID20264:v1	0.0955799849541227	0.0535099280230219	0.149089912977144	0.1322	0.281289912977144	0.339791725705744	0.190230525711633	DKK3	0.0796269118595234	0.0496005808960082
STX7:O15400:OID30560:v1	0.211436629930052	0.00541554559889712	0.21685217552895	0.0642	0.28105217552895	0.752303836581666	0.0192688264686258	STX7	0.160152097334708	0.00084491454396825
CD36:P16671:OID30485:v1	0.0525938317021064	0.0867723339936306	0.139366165695737	0.1407	0.280066165695737	0.187790737133325	0.309827978606669	CD36	0.0451279379318429	0.0697668772262793
MARCO:Q9UEW3:OID20210:v1	0.0497935089915745	0.0718976797823255	0.1216911887739	0.1578	0.2794911887739	0.178157705829703	0.25724488882005	MARCO	0.0351993007783927	0.0693744661606464
SPINK1:P00995:OID21097:v1	0.168324630659726	0.00257026686744726	0.170894897527173	0.108	0.278894897527173	0.603541449313629	0.0092158977816969	SPINK1	0.0836457622943637	0.00318247300605558
TNFSF10:P50591:OID20611:v1	0.0216273384923125	0.15764760322945	0.179274941721763	0.0995	0.278774941721763	0.0775799229254187	0.565501340456897	TNFSF10	0.00812189509720948	0.116328801704419
IGFBP3:P17936:OID20398:v1	0.120167405219499	0.0283128156483383	0.148480220867838	0.1297	0.278180220867838	0.431976812889909	0.10177867987886	IGFBP3	0.0828279100783498	0.0191246104660565
TIE1:P35590:OID20303:v1	0.0200499507755716	0.179741354239479	0.199791305015051	0.0783	0.278091305015051	0.0720984454170059	0.646339353291723	TIE1	0.00396997366108249	0.0912604017707519
CNDP1:Q96KN2:OID20347:v1	0.11664734670281	0.0659399474425516	0.182587294145362	0.0955	0.278087294145362	0.419463057675107	0.23711959816504	CNDP1	0	0.109442996231782
FGFBP3:Q8TAT2:OID31108:v1	0.0840327530951689	0.0766926278247219	0.16072538091989	0.1173	0.27802538091989	0.302248495504738	0.275847577551992	FGFBP3	0	0.116408171749725
WIF1:Q9Y5W5:OID21464:v1	0.028434381066791	0.05878175152843	0.087216132595221	0.1907	0.277916132595221	0.102312812146839	0.211508957682727	WIF1	0.0168302921662398	0.0658107993156076
PLAU:P00749:OID21124:v1	0.0305288280888143	0.111692204485462	0.142221032574276	0.1354	0.277621032574276	0.109965832940436	0.402318957788543	PLAU	0	0.102023440416623
WFIKKN1:Q96NZ8:OID20939:v1	0.0553318817405921	0.0371745843730099	0.092506466113602	0.1851	0.277606466113602	0.199317697873612	0.13391108965667	WFIKKN1	0.0354310650099449	0.0502435166578666
ESM1:Q9NQ30:OID20758:v1	0.0340221953682203	0.0214579494064273	0.0554801447746476	0.2214	0.276880144774647	0.122876977675343	0.0774990544153751	ESM1	0.0177993755272551	0.0453505915393783
GALNT2:Q10471:OID21423:v1	0.0792563773601293	0.0702298451205683	0.149486222480697	0.1272	0.276686222480697	0.286448586595808	0.253824872416506	GALNT2	0.0537494695331828	0.0689711458358627
PODXL2:Q9NZ53:OID21487:v1	0.0527073868348997	0.0367408210608754	0.0894482078957751	0.1868	0.276248207895775	0.19079720819324	0.132999310079641	PODXL2	0.015061981791697	0.0281638848383691
QSOX1:O00391:OID30729:v1	0.219282875082286	0.00310867246197724	0.222391547544263	0.0535	0.275891547544263	0.794815488311054	0.0112677336063675	QSOX1	0.0537293049660848	0
MEP1A:Q16819:OID31459:v1	0.0282171927531291	0.133364459964311	0.16158165271744	0.1141	0.27568165271744	0.102354264329843	0.483762552385026	MEP1A	0.0217244322104782	0.122450455238784
MOCS2:O96007:OID30638:v1	0.194438863775904	0.00613936251923299	0.200578226295137	0.0747	0.275278226295137	0.706335791220327	0.0223023905735673	MOCS2	0.151714596221747	0.000602978201579483
CPA1:P15085:OID20280:v1	0.020070965209728	0.0761937546064133	0.0962647198161414	0.1785	0.274764719816141	0.0730478251471242	0.2773054512144	CPA1	0.00168518060301598	0.0790041712745333
ITGBL1:O95965:OID30408:v1	0.141593593255686	0.01565288012621	0.157246473381896	0.1174	0.274646473381896	0.515548557795607	0.0569928313058827	ITGBL1	0.111709279445017	0.00811112162961438
MMP10:P09238:OID20687:v1	0.172064072322022	0.0110912484169642	0.183155320738986	0.0913	0.274455320738986	0.626929264328816	0.0404118542395184	MMP10	0.114086256690927	0.0047351617344338
PEPD:P12955:OID30688:v1	0.120224312587598	0.0331392534794667	0.153363566067065	0.121	0.274363566067065	0.438193431842955	0.120785911753917	PEPD	0.077304570793007	0.00948983802106122
TPP1:O14773:OID20750:v1	0.0708478238814867	0.0555914576750062	0.126439281556492	0.1479	0.274339281556493	0.25824892257326	0.202637614852682	TPP1	0.00212500718329163	0.0473305942361431
SELPLG:Q14242:OID20560:v1	0.132931078456093	0.0341800300051421	0.167111108461235	0.1071	0.274211108461236	0.484776416251151	0.124648597195594	SELPLG	0.159998499190973	0.00765819395852016
CXCL5:P42830:OID20207:v1	0.0783567613950703	0.0512648018251538	0.129621563220224	0.144	0.273621563220224	0.286369102174907	0.187356585576895	CXCL5	0.051192733853288	0.0454810804158804
BTN2A1:Q7KYR7:OID20713:v1	0.0814780133377183	0.0134757305108464	0.0949537438485648	0.1785	0.273453743848564	0.297959033915585	0.0492797440663645	BTN2A1	0.0304101698801179	0.0300695144453993
SLITRK2:Q9H156:OID21409:v1	0.031007414708327	0.0421832170888466	0.0731906317971736	0.2001	0.273290631797173	0.11345948635129	0.154352956819074	SLITRK2	0	0.0266960711496012
CRTAM:O95727:OID20914:v1	0.100587070635151	0.0376847249638834	0.138271795599034	0.1347	0.272971795599034	0.368488877813965	0.138053548283933	CRTAM	0.0449609020140341	0.04538417970285
NPHS1:O60500:OID30540:v1	0.139050293687092	0.00423476520208765	0.14328505888918	0.1296	0.27288505888918	0.509556273447574	0.0155184941943171	NPHS1	0.0883579252949355	0.0118968552826705
QPCT:Q16769:OID20320:v1	0.104829465145858	0.036413175639668	0.141242640785526	0.1316	0.272842640785526	0.384212177554246	0.133458522226705	QPCT	0.115687217239427	0.0220726347325272
PCDH9:Q9HC56:OID31516:v1	0.0943770737840281	0.0223081348089846	0.116685208593012	0.156	0.272685208593012	0.346102651738941	0.0818091121410253	PCDH9	0.0843300911330198	0.0243973072769348
PTGR1:Q14914:OID30297:v1	0.158718889500985	0.0068795776142066	0.165598467115192	0.1064	0.271998467115192	0.583528617585067	0.0252927072978432	PTGR1	0	0.13995962122213
CLEC4G:Q6UXB4:OID20590:v1	0.0419965736822186	0.0754271111580182	0.117423684840236	0.1545	0.271923684840236	0.154442499949546	0.277383381305434	CLEC4G	0.0160261620625931	0.070996008554658
LTBP3:Q9NS15:OID21191:v1	0.134940573272253	0.0482889441905112	0.183229517462764	0.0884	0.271629517462764	0.496781699325998	0.177775024752715	LTBP3	0.0853371694983096	0.029358677730172
ROR1:Q01973:OID20224:v1	0.0722610538804731	0.0223240008587456	0.0945850547392188	0.1769	0.271485054739218	0.266169546422675	0.0822292073506201	ROR1	0.0247725748288279	0.0208501509600471
MFGE8:Q08431:OID21134:v1	0.0704976061495762	0.0649236326869991	0.135421238836575	0.1357	0.271121238836575	0.260022440337366	0.239463470164111	MFGE8	0.0390525453162725	0.0454844118821883
NTRK3:Q16288:OID21057:v1	0.0389823411792542	0.0249752831167671	0.0639576242960213	0.2071	0.271057624296021	0.143815697051493	0.0921401240110172	NTRK3	0.023515072423384	0.0177331894575776
VASN:Q6EMK4:OID20345:v1	0.130791702069687	0.00920069171138773	0.139992393781075	0.1307	0.270692393781075	0.483174647956552	0.0339894726367113	VASN	0.104491210229516	0.00221500301194454
GALNT10:Q86SR1:OID21371:v1	0.126819271858815	0.0377305764909728	0.164549848349788	0.1058	0.270349848349788	0.46909318659847	0.139562040523713	GALNT10	0.0828184649980223	0.0149851115308385
LGALS7_LGALS7B:P47929:OID21406:v1	0.0332884670558466	0.0640883733229111	0.0973768403787577	0.1728	0.270176840378757	0.123209920617844	0.237208982209823	LGALS7_LGALS7B	0.0312319265510499	0.0496580001283986
MRC1:P22897:OID30694:v1	0.0564370177469386	0.0479706472363861	0.104407664983324	0.1654	0.269807664983324	0.209174997865337	0.177795716957674	MRC1	0.042570714376256	0.0493509188881178
AGRN:O00468:OID20786:v1	0.111043555447179	0.0202333376220818	0.131276893069261	0.1384	0.269676893069261	0.411765183821886	0.0750280730091519	AGRN	0.0440464685530812	0.0145875649104053
FNDC1:Q4ZHG4:OID31127:v1	0.152983892323333	0.0208419803932949	0.173825872716628	0.0954	0.269225872716628	0.568236220314365	0.0774144779734156	FNDC1	0.089760618878857	0.0181617297972855
ENTPD5:O75356:OID20104:v1	0.12870284311065	0.0468145201322123	0.175517363242863	0.0935	0.269017363242863	0.478418350247751	0.174020440791954	ENTPD5	0.113202147158635	0.0352854642363872
PNLIP:P16233:OID30693:v1	0	0.117614107915866	0.117614107915866	0.1512	0.268814107915866	0	0.437529521153991	PNLIP	0	0.115423878650348
CXCL16:Q9H2A7:OID20282:v1	0.0399218539390775	0.0687181919255726	0.10864004586465	0.1601	0.26874004586465	0.14855193542381	0.255705068831395	CXCL16	0.0264886800393747	0.0742128896789927
PECAM1:P16284:OID21131:v1	0	0.151671130556305	0.151671130556305	0.117	0.268671130556305	0	0.564523364465166	PECAM1	0	0.109696140925058
FCAMR:Q8WWV6:OID30332:v1	0.0938043519542611	0.0375596061334244	0.131363958087685	0.137	0.268363958087685	0.34954154284612	0.139957714147114	FCAMR	0.0672983472889351	0.0205963474380849
GP1BA:P07359:OID20381:v1	0.0101880828970421	0.0680730255362561	0.0782611084332983	0.1901	0.268361108433298	0.0379640811461859	0.25366203744525	GP1BA	0.00557576946516262	0.0632053500963342
PRCP:P42785:OID20337:v1	0.0148076957964976	0.0789879739600658	0.0937956697565635	0.1743	0.268095669756563	0.0552328794043685	0.29462607147586	PRCP	0.000489741820867874	0.0489292328990809
SCGB3A2:Q96PL1:OID20723:v1	0.0374607820352559	0.0590443878351395	0.0965051698703954	0.1714	0.267905169870395	0.139828514893454	0.220392864623342	SCGB3A2	0.0255268892406891	0.0634627151308465
LGALS9:O00182:OID20781:v1	0.114366665327438	0.006997656279631	0.121364321607069	0.1464	0.267764321607069	0.427116893845423	0.0261336396037844	LGALS9	7.08973463596674e-06	0.0950945261289963
PLA2G15:Q8NCC3:OID21473:v1	0.0582933017732715	0.0795594259315135	0.137852727704785	0.1286	0.266452727704785	0.218775398831185	0.298587395283342	PLA2G15	0.0225796227807081	0.0672719115933196
OPTC:Q9UBM4:OID21362:v1	0.0642880345571215	0.0361089492720508	0.100396983829172	0.1655	0.265896983829172	0.241777975933807	0.135800522262596	OPTC	0.0258835879540847	0.0313240734220858
GUSB:P08236:OID20296:v1	0.0237271705277568	0.0797142667423454	0.103441437270102	0.1619	0.265341437270102	0.0894212783795393	0.300421477935995	GUSB	0.00300784724609364	0.0733366202227521
CKAP4:Q07065:OID20617:v1	0.043854792294199	0.0770062740872344	0.120861066381433	0.1439	0.264761066381433	0.165639128492626	0.29085195621736	CKAP4	0.00796650305252464	0.0796116429251941
ADA2:Q9NZK5:OID20394:v1	0.0573661973447206	0.0499219302229184	0.107288127567639	0.1573	0.264588127567639	0.21681319518033	0.188677892246531	ADA2	0.0217399877533452	0.0450114349324
BPIFB2:Q8N4F0:OID30311:v1	0.0831704139796531	0.0402881466118245	0.123458560591477	0.1407	0.264158560591477	0.314850345161732	0.152515014170335	BPIFB2	0	0.0977645466648272
PI16:Q6UXB8:OID30676:v1	0.0661805048821336	0.0577154802298204	0.123895985111954	0.1395	0.263395985111954	0.251258593991112	0.219120576971926	PI16	0.0440460317616623	0.0333417468970984
PRG2:P13727:OID30381:v1	0.0102850549537479	0.0870037379851695	0.0972887929389175	0.1661	0.263388792938917	0.0390489467641592	0.330324373388759	PRG2	3.3108981948144e-05	0.0798082253112552
SCGB3A1:Q96QR1:OID30577:v1	0.0111086513063736	0.100495298195587	0.111603949501961	0.1514	0.263003949501961	0.0422375836081915	0.382105661857515	SCGB3A1	0.000237823507796614	0.0838574786087257
NECTIN4:Q96NY8:OID21490:v1	0.0487363582191921	0.00818387508114185	0.0569202333003339	0.2057	0.262620233300333	0.185577316746409	0.0311623936141383	NECTIN4	0.0223855503926289	0.00192969655637773
DDR1:Q08345:OID21009:v1	0.106454658759093	0.0523973583067667	0.15885201706586	0.1035	0.26235201706586	0.405770307961343	0.199721575967959	DDR1	0.080663531439106	0.0513641850720933
GDF2:Q9UK05:OID20202:v1	0	0.0826551194043115	0.0826551194043115	0.1787	0.261355119404311	0	0.316255979958232	GDF2	0	0.0661981209379086
SERPIND1:P05546:OID30767:v1	0.00639739513668266	0.0868397848639561	0.0932371800006388	0.168	0.261237180000638	0.0244888385974271	0.332417402697976	SERPIND1	0	0.0716323728063178
RNASE4:P34096:OID30705:v1	0.110135228988316	0.00465081180750209	0.114786040795818	0.1464	0.261186040795818	0.421673488570601	0.0178065098476601	RNASE4	0.0537834728653771	0
MERTK:Q12866:OID20657:v1	0.0551531511356956	0.0727449342755111	0.127898085411206	0.133	0.260898085411206	0.211397301167494	0.278825098163738	MERTK	0.0282118235736958	0.0628869821577501
SOST:Q9BQB4:OID20204:v1	0.00265747437389896	0.0575038552771284	0.0601613296510274	0.2006	0.260761329651027	0.010191213465031	0.220522940859693	SOST	0	0.0338910462046432
SEMA7A:O75326:OID20283:v1	0.0174105123371422	0.101287085078221	0.118697597415364	0.1419	0.260597597415364	0.0668099495537243	0.388672367215962	SEMA7A	0.00440454051658808	0.0968248800525169
PCDHB15:Q9Y5E8:OID31377:v1	0.172798377694775	0.0126314301142839	0.185429807809059	0.0751	0.260529807809059	0.663257610128889	0.0484836273457867	PCDHB15	0.135150261701246	0.00647792274396671
CDCP1:Q9H5V8:OID20940:v1	0.0539698813633276	0.0308635836244905	0.0848334649878182	0.1748	0.259633464987818	0.207869510834667	0.118873673029548	CDCP1	0.02646924275606	0.0274262351969382
NELL2:Q99435:OID20706:v1	0.0258240253168208	0.0495066959504409	0.0753307212672618	0.184	0.259330721267261	0.0995795067804831	0.190901778657454	NELL2	0.0188895230023846	0.0518603564261358
PTPRZ1:P23471:OID30343:v1	0.0280144990739035	0.0449116664776508	0.0729261655515543	0.1862	0.259126165551554	0.108111425236715	0.173319689202576	PTPRZ1	0.0154672857366963	0.035819292709487
NHLRC3:Q5JS37:OID30614:v1	0.0934207483497497	0.0200975497632218	0.113518298112971	0.1454	0.258918298112971	0.360811688592933	0.0776212029419907	NHLRC3	0.0244154111970144	0.0147322534224345
KLRB1:Q12918:OID20629:v1	0.0320372587865425	0.0562469850607209	0.0882842438472634	0.1702	0.258484243847263	0.12394279167543	0.217603147578917	KLRB1	0.0216910296315044	0.0517085981164262
ATRN:O75882-2:OID30735:v1	0.192599438629687	0.00596237571000723	0.198561814339694	0.0599	0.258461814339694	0.745175604070298	0.0230686909214795	ATRN	0.174938758332556	0.000146095244076507
MCAM:P43121:OID20343:v1	0.0174848432028436	0.0439050543217615	0.0613898975246051	0.197	0.258389897524605	0.0676684474522794	0.169917844089011	MCAM	0.00939684004944294	0.0348117757989097
SELL:P14151:OID30752:v1	0.127134513476267	0.0364137974213082	0.163548310897575	0.0948	0.258348310897575	0.492105069448938	0.140948463316041	SELL	0.0834980336987128	0.0251916571021748
LIFR:P42702:OID20606:v1	0.0313085582265899	0.0990424369937821	0.130350995220372	0.1279	0.258250995220372	0.121233059333899	0.383512314867428	LIFR	0.0111237465875116	0.104142110917004
DMP1:Q13316:OID30213:v1	0.00451024003399683	0.0329805369555229	0.0374907769895198	0.2201	0.257590776989519	0.0175093226811468	0.128034618867059	DMP1	0	0.0263177503784173
AMIGO2:Q86SJ2:OID21370:v1	0.0338325645879732	0.0738457879249143	0.107678352512887	0.1495	0.257178352512887	0.13155292526527	0.287138428267261	AMIGO2	0.0246744767481919	0.0737876127145905
BCAN:Q96GW7:OID20998:v1	0.0296969034442327	0.0225252180743447	0.0522221215185775	0.2049	0.257122121518577	0.115497271369889	0.0876051346391728	BCAN	0.0111976320111634	0.0316260174039609
DPT:Q07507:OID20278:v1	0.12405457984595	0.00137306911952334	0.125427648965474	0.1316	0.257027648965474	0.482650720050023	0.00534210667626571	DPT	0.0895641611262899	0.00317558504303161
LDLR:P01130:OID20240:v1	0	0.0928657830295334	0.0928657830295334	0.1638	0.256665783029533	0	0.361815984715219	LDLR	0	0.082894120976188
SAT2:Q96F10:OID31306:v1	0.23205824050476	0	0.23205824050476	0.0245	0.25655824050476	0.904505113724673	0	SAT2	0.134031151089899	0
SSC4D:Q8WTU2:OID20182:v1	0.0739743996895752	0.0370185702360908	0.110992969925666	0.1455	0.256492969925666	0.288407123637788	0.144325866891475	SSC4D	0.0563256832078345	0.0239313017335487
CCN2:P29279:OID20709:v1	0.0606839165828363	0.0519773083926449	0.112661224975481	0.1438	0.256461224975481	0.236620239915948	0.202671216273002	CCN2	0.0372637333937663	0.0540913715411984
TREML2:Q5T2D2:OID21120:v1	0.0799882896040935	0.0222627949486312	0.102251084552724	0.1542	0.256451084552724	0.311904664952385	0.0868110773930227	TREML2	0.047657874655948	0.00689639821321403
CDH1:P12830:OID20353:v1	0	0.157592892243245	0.157592892243245	0.0987	0.256292892243245	0	0.614893729060871	CDH1	0	0.0898480707045258
ADIPOQ:Q15848:OID30748:v1	0.0622308105754328	0.030329370912412	0.0925601814878448	0.1635	0.256060181487844	0.243031970897774	0.118446260313424	ADIPOQ	0.0397729666845565	0.0310537780809599
MANSC1:Q9H8J5:OID21492:v1	0	0.0563376460114223	0.0563376460114223	0.1997	0.256037646011422	0	0.22003657231292	MANSC1	0	0.0540054436670213
CD27:P26842:OID21527:v1	0.056032662191854	0.0106699098195777	0.0667025720114318	0.1893	0.256002572011431	0.218875387663495	0.0416789164880004	CD27	0.0205373538824896	0.016546296904181
SNAP25:P60880:OID30811:v1	0.0116944062413013	0.133001854020323	0.144696260261625	0.1111	0.255796260261625	0.0457176591610075	0.519952300648536	SNAP25	0.0013553954739626	0.125951602190333
TNFRSF21:O75509:OID21052:v1	0.0473019376882892	0.0446802793082069	0.0919822169964962	0.1637	0.255682216996496	0.185002845500739	0.174749264274485	TNFRSF21	0.00240467756093407	0.0285775433839705
NT5C:Q8TCD5:OID30294:v1	0.161303181459189	0.00441853535282077	0.165721716812009	0.0897	0.255421716812009	0.631517098359761	0.0172989807130331	NT5C	0	0.129543632592791
CD86:P42081:OID31500:v1	0.0335776675995317	0.088741541010477	0.122319208610008	0.1331	0.255419208610008	0.131461011809806	0.347434875761335	CD86	0.0143934736473276	0.0444742879985246
CELSR2:Q9HCU4:OID30593:v1	0.117462430936554	0.0110629657839927	0.128525396720547	0.1267	0.255225396720547	0.460230182598822	0.04334586575687	CELSR2	0.0599745349502411	0
ROBO1:Q9Y6N7:OID20734:v1	0.0412287245119614	0.0441299168336523	0.0853586413456138	0.1698	0.255158641345613	0.161580749507585	0.172950900666844	ROBO1	0.0157696806090728	0.0501233932296116
PODXL:O00592:OID21358:v1	0.0331005756965695	0.141783484002463	0.174884059699032	0.0802	0.255084059699032	0.12976340323117	0.555830435542503	PODXL	0.025681970492124	0.127642312007387
SPINT1:O43278:OID21109:v1	0.0601319919362312	0.039402191373752	0.0995341833099832	0.1545	0.254034183309983	0.236708269543613	0.155105863550937	SPINT1	0.0372492583025394	0.0443405177658084
NXPH3:O95157:OID30565:v1	0.0717611530334024	0.0449466942735194	0.116707847306921	0.137	0.253707847306921	0.282849560213207	0.177159259166096	NXPH3	0	0.0611032496660733
CCL13:Q99616:OID20655:v1	0.0573407258487634	0.0635665313628943	0.120907257211657	0.1328	0.253707257211657	0.226011374207267	0.250550701866061	CCL13	0	0.113086607334748
CSF3R:Q99062:OID30527:v1	0.096309668426596	0.0400395163546071	0.136349184781203	0.1173	0.253649184781203	0.379696345208727	0.157853913030097	CSF3R	0.0546272142487878	0.0319685487930056
ICOSLG:O75144:OID21351:v1	0.142588722928918	0.00998541774545525	0.152574140674374	0.1006	0.253174140674374	0.563204135102853	0.0394409070328325	ICOSLG	0	0.117678403498054
CLMP:Q9H6B4:OID21419:v1	0.0739191455639216	0.00282929241833473	0.0767484379822563	0.176	0.252748437982256	0.292461334891062	0.0111941044657746	CLMP	0.0546886103520974	0.00240562226938593
IGF1R:P08069:OID21274:v1	0.0152161770534183	0.108168541447871	0.123384718501289	0.1288	0.252184718501289	0.0603374270409668	0.428925836944867	IGF1R	0.00312908472180544	0.0739141918746641
FOLR2:P14207:OID21062:v1	0.0115105118627373	0.0744204143316926	0.08593092619443	0.1662	0.25213092619443	0.0456529154771798	0.295165751599641	FOLR2	0.00343631158865861	0.0761917327731101
CXADR:P78310:OID20561:v1	0.00975567665110291	0.0654058314587727	0.0751615081098756	0.1769	0.252061508109875	0.0387035558275337	0.25948361552396	CXADR	0	0.0524689408463599
CPM:P14384:OID21054:v1	0.0263197105567151	0.0462331831425684	0.0725528936992836	0.1794	0.251952893699283	0.104462823070922	0.183499313954098	CPM	0.0244933521007593	0.0347254899608345
CD83:Q01151:OID20565:v1	0.021855747825788	0.0424944278180774	0.0643501756438654	0.1876	0.251950175643865	0.0867463091459853	0.168662028948706	CD83	0.00933374318632698	0.0355796131999855
S100A14:Q9HCY8:OID30987:v1	0.016096776647348	0.0428413582466087	0.0589381348939567	0.1929	0.251838134893956	0.0639171531909813	0.170114658229375	S100A14	0.00971749918029934	0.0376298203696398
HS6ST2:Q96MM7:OID30481:v1	0.0847519994018253	0.00139044289170431	0.0861424422935296	0.1656	0.251742442293529	0.336661544353356	0.00552327561072545	HS6ST2	0	0.000310988143480884
CDA:P32320:OID30345:v1	0.140186005851813	0.0311116451350014	0.171297650986815	0.0804	0.251697650986814	0.55696191562454	0.123607212912095	CDA	0.0743014133616327	0.0178279965800073
EPHB4:P54760:OID20242:v1	0.0136904935929178	0.0721216303892399	0.0858121239821577	0.1657	0.251512123982157	0.0544327381764268	0.286752102631665	EPHB4	0.00472472620382307	0.0651642297449173
PCDH12:Q9NPG4:OID31045:v1	0.116187371520718	0.0454295721476092	0.161616943668327	0.0898	0.251416943668327	0.462130236035301	0.180694154836042	PCDH12	0.095493263701829	0.0327866156770867
TNFSF11:O14788:OID20592:v1	0.0061695590412184	0.0886080877363888	0.0947776467776072	0.1565	0.251277646777607	0.0245527571606031	0.35263020357243	TNFSF11	0.000960941779280184	0.0794708756901779
ACAN:P16112:OID20159:v1	0.0105251189414583	0.0580175414746961	0.0685426604161545	0.1827	0.251242660416154	0.0418922444302441	0.230922333725477	ACAN	0.00465911110114056	0.0669710952709054
SDK2:Q58EX2:OID30662:v1	0.152508583927454	0.0124988804106786	0.165007464338133	0.086	0.251007464338133	0.607585851399262	0.0497948554782472	SDK2	0	0.0847380910900851
IL16:Q14005:OID20633:v1	0.171777310943866	0.00173094471337986	0.173508255657245	0.0774	0.250908255657245	0.684621996569626	0.0068987156634034	IL16	0.110053487674687	0.00122255687994341
HBEGF:Q99075:OID21465:v1	0	0.0890962048867095	0.0890962048867095	0.1618	0.250896204886709	0	0.355111807796934	HBEGF	0	0.0815134288034184
CTSV:O60911:OID21405:v1	0.0452689702647112	0.0558944256704748	0.101163395935186	0.1497	0.250863395935186	0.180452672642632	0.222808215850334	CTSV	0	0.0910366642751025
CD79B:P40259:OID20635:v1	0.0155656089980212	0.0728500348050626	0.0884156438030839	0.162	0.250415643803083	0.0621590918267924	0.290916468710512	CD79B	0	0.0539734764423486
MYOM3:Q5VTT5:OID30633:v1	0.00304487497524263	0.0303427616149755	0.0333876365902182	0.2169	0.250287636590218	0.012165502925851	0.121231563925205	MYOM3	2.41727141123758e-05	0.032345385002546
C1QTNF5:Q9BXJ0:OID30618:v1	0.00726924573729571	0.153763077232823	0.161032322970118	0.0883	0.249332322970118	0.0291548470358851	0.616699332846831	C1QTNF5	0.00296837034702733	0.118920897633099
MEPE:Q9NQ76:OID20753:v1	0.0149631419103247	0.0411297932140804	0.0560929351244051	0.1929	0.248992935124405	0.0600946444639026	0.165184579207159	MEPE	0.00586015929044065	0.0309499188951777
MCEMP1:Q8IX19:OID30501:v1	0.0538675604154555	0.08852272515318	0.142390285568635	0.1065	0.248890285568635	0.216430947846699	0.355669667664744	MCEMP1	0.0284391186910105	0.0846960025809827
CA4:P22748:OID20241:v1	0.067576079118095	0.0403531748033559	0.10792925392145	0.1406	0.24852925392145	0.271903922986276	0.162367907063808	CA4	0	0.105696112795552
NRP1:O14786:OID20390:v1	0.0625305221076294	0.0537394550150228	0.116269977122652	0.1321	0.248369977122652	0.251763610207807	0.216368562889889	NRP1	0.0352958848005142	0.0352044041604881
CPB1:P15086:OID20289:v1	0.00964653225090145	0.074571433218579	0.0842179654694805	0.164	0.24821796546948	0.0388631509111597	0.300427219591194	CPB1	5.18418155221778e-05	0.0715495014985723
LCN15:Q6UWW0:OID31032:v1	0.161455143871794	0.00393127255604455	0.165386416427838	0.0828	0.248186416427838	0.650539808727759	0.0158399988711211	LCN15	0	0.0814179918446102
SCARF1:Q14162:OID20297:v1	0.100847225649024	0.0195353770562931	0.120382602705318	0.1278	0.248182602705318	0.406342848167995	0.0787137246662235	SCARF1	0.081558255453659	0.00700059087117761
KIRREL2:Q6UWL6:OID20873:v1	0.0434008819300661	0.0905158636392504	0.133916745569316	0.1142	0.248116745569316	0.174921212312698	0.36481158670511	KIRREL2	0.00906515466241016	0.0865336419173389
SORCS2:Q96PQ0:OID21262:v1	0.133245990923409	0.00563476006392771	0.138880750987337	0.1091	0.247980750987337	0.537323926929367	0.0227225703668243	SORCS2	0.106761656443376	0.000344386422588896
ASAH1:Q13510:OID30415:v1	0.142911475975335	0.0174695355830569	0.160381011558392	0.0873	0.247681011558392	0.576998111708871	0.0705323975913204	ASAH1	0.0914795544584509	0.00542379650825656
KITLG:P21583:OID20196:v1	0.00158112302081854	0.102646543145612	0.10422766616643	0.1431	0.24732766616643	0.00639282715648389	0.415022487118524	KITLG	0	0.0814483682752124
CPXM2:Q8N436:OID30322:v1	0.16019814399039	0	0.16019814399039	0.0871	0.24729814399039	0.647793555606367	0	CPXM2	0	0.126176276751468
PGLYRP1:O75594:OID20338:v1	0.0403634290815308	0.0571988172427974	0.0975622463243282	0.1495	0.247062246324328	0.163373520973107	0.231515814713796	PGLYRP1	0.0175078709454937	0.0439690415152188
NRCAM:Q92823:OID20229:v1	0.0884877205165633	0.0267593266637341	0.115247047180297	0.1318	0.247047047180297	0.358181656192733	0.108316723349479	NRCAM	0.0542622970145931	0.0164386728592688
ADGRE2:Q9UHX3:OID20755:v1	0.0792330902015914	0.045940228419794	0.125173318621385	0.1213	0.246473318621385	0.321467210506884	0.186390270057442	ADGRE2	0.0375579391454396	0.0525313755192134
AXL:P30530:OID20363:v1	0.0365783806330607	0.0470008294870296	0.0835792101200904	0.1625	0.24607921012009	0.148644741728526	0.190998782319288	AXL	0.0223967851512625	0.0445212620125922
F3:P13726:OID21440:v1	0.0435787576226068	0.0856289537996464	0.129207711422253	0.1167	0.245907711422253	0.177215904985496	0.348215813584679	F3	0.0247786973821785	0.0676308612588473
TNFRSF11B:O00300:OID20735:v1	0.0392571027624194	0.0361355165585532	0.0753926193209727	0.1703	0.245692619320972	0.159781367755024	0.147076117542407	TNFRSF11B	0.00286433845245697	0.0505058068441937
CA12:O43570:OID21344:v1	0.0667179420601259	0.0296618838590008	0.0963798259191268	0.1492	0.245579825919126	0.27167517449946	0.120783064113617	CA12	0.0410390095355985	0.0317382586366619
CCL28:Q9NRJ3:OID20569:v1	0.00211834828756338	0.0953888317214373	0.0975071800090007	0.1478	0.245307180009	0.00863549239563903	0.38885462593446	CCL28	0.000119659144105698	0.0995082648526595
BST2:Q10589:OID21029:v1	0.0177856866974505	0.0303410033604048	0.0481266900578553	0.1971	0.245226690057855	0.0725275323548771	0.123726350313852	BST2	0.00459431081272247	0.033388553840651
PXN:P49023:OID20822:v1	0.218199892647953	0.00314180925167767	0.22134170189963	0.0237	0.24504170189963	0.890460239854716	0.0128215288553805	PXN	0.123443169813779	0.00257577621393695
VCAM1:P19320:OID20396:v1	0.00675216291557275	0.0586346878003856	0.0653868507159584	0.1795	0.244886850715958	0.0275725825859246	0.239435835893023	VCAM1	0.00032433642298535	0.0436906851757416
HSD11B1:P28845:OID20575:v1	0	0.0766543861728872	0.0766543861728872	0.1681	0.244754386172887	0	0.313189019291939	HSD11B1	0	0.0448124133522223
PRAP1:Q96NZ9:OID30391:v1	0.0951246979777368	0.0182325730542199	0.113357271031956	0.1311	0.244457271031956	0.389126073346787	0.0745838852624536	PRAP1	0	0.114288819488358
LAMP2:P13473:OID21035:v1	0.128066128861256	0.00297193730375991	0.131038066165016	0.1131	0.244138066165016	0.524564361768536	0.0121731827831843	LAMP2	0	0.000272952844355705
DEFA1_DEFA1B:P59665:OID20344:v1	0.0753281578956083	0.0428899452031381	0.118218103098746	0.1256	0.243818103098746	0.308952276054335	0.175909600878847	DEFA1_DEFA1B	0.0493916582755343	0.0304920494746622
EDA2R:Q9HAV5:OID21451:v1	0.0609579171817175	0.00378246458434372	0.0647403817660612	0.1788	0.243540381766061	0.25029901300012	0.0155311597892503	EDA2R	0	0.00873677533807199
HYOU1:Q9Y4L1:OID20300:v1	0.0309363417867101	0.0430485790162877	0.0739849208029979	0.1694	0.243384920802997	0.127108703713616	0.176874470588637	HYOU1	0.0035658109733621	0.0546280172158889
SLITRK6:Q9H5Y7:OID20094:v1	0.100512309738222	0.0148966799618948	0.115408989700116	0.1277	0.243108989700116	0.413445466834473	0.0612757264972818	SLITRK6	0.0728592743472619	0.0164290064743869
TNFSF8:P32971:OID30384:v1	0.0328064350973756	0.115108548884847	0.147914983982222	0.095	0.242914983982222	0.135053155468484	0.473863518000483	TNFSF8	0	0.13566785504681
TNFRSF19:Q9NS68:OID21446:v1	0.0546860050227031	0.0250029935781758	0.0796889986008789	0.1629	0.242588998600878	0.225426566489421	0.1030673019897	TNFRSF19	0.0255124570160345	0.0106209530086138
MMP8:P22894:OID21019:v1	0.13170808086562	0.0144499986973744	0.146158079562994	0.0964	0.242558079562994	0.542996057286207	0.0595733554759679	MMP8	0.108968303973785	0.0118325639148587
GLRX:P35754:OID20195:v1	0.233356632828421	0.00188925447668142	0.235245887305103	0.0073	0.242545887305103	0.962113336248319	0.00778926617834131	GLRX	0.151700817549556	0.000597416708328878
TNFSF13:O75888:OID20733:v1	0.0870055424360507	0.035225225640229	0.122230768076279	0.1203	0.242530768076279	0.358740225523411	0.14524023454686	TNFSF13	0.0668270424793696	0.0365383528034348
PRELP:P51888:OID20766:v1	0.125321342208669	0	0.125321342208669	0.117	0.242321342208669	0.517170056365699	0	PRELP	0.162613563170225	0.00429405126426957
NPC2:P61916:OID30418:v1	0.0890869040791694	0.0100864826953069	0.0991733867744764	0.1422	0.241373386774476	0.369083374392084	0.0417878823763248	NPC2	0.0601994177958988	0.00671955008672241
GFRA2:O00451:OID21330:v1	0.113816211040859	0.0193723128444592	0.133188523885319	0.1079	0.241088523885319	0.472093027103189	0.0803535254696495	GFRA2	0.0823570158864246	0.0260620904303907
MMP3:P08254:OID21083:v1	0.147766591602936	0.00321623854722674	0.150982830150162	0.0901	0.241082830150162	0.612928724583567	0.0133408030145633	MMP3	0.12077147402375	0.00545496314150012
TNFRSF10B:O14763:OID20981:v1	0.101549627404813	0.00418221712135991	0.105731844526173	0.1351	0.240831844526173	0.421661959217263	0.0173657147774134	TNFRSF10B	0.0343898758368681	0.000273735509388295
MFAP5:Q13361:OID20239:v1	0.0681862755174856	0.0097147499148307	0.0779010254323163	0.1626	0.240501025432316	0.283517608271799	0.0403937983107049	MFAP5	0.0298315744754269	0.00853559760217214
ERBB3:P21860:OID20705:v1	0.0655401485774312	0.0228142540907169	0.0883544026681482	0.1519	0.240254402668148	0.272794786899113	0.0949587347301569	ERBB3	0.0127017481338974	0.0210829608440372
NOTCH3:Q9UM47:OID20253:v1	0.0145021267975671	0.0288083830648889	0.0433105098624561	0.1969	0.240210509862456	0.0603725740637704	0.11992973613596	NOTCH3	0.000682075751047836	0.022102922646356
CCL3:P10147:OID20610:v1	0.0877242493331803	0.0125681899250922	0.100292439258272	0.1399	0.240192439258272	0.365224857218976	0.0523255018513632	CCL3	0	0.0419585994996709
FAP:Q12884:OID20330:v1	0.0307871160078611	0.0389295598270123	0.0697166758348735	0.1701	0.239816675834873	0.128377711435962	0.162330495539924	FAP	0.0160148140081651	0.0358801500042815
FBLN2:P98095:OID30378:v1	0.0703566375074667	0.00838974254129998	0.0787463800487667	0.161	0.239746380048766	0.293462773006856	0.0349942407455471	FBLN2	0.0882000750511862	0.000930890341271616
SLC51B:Q86UW2:OID30107:v1	0	0.0932973288302113	0.0932973288302113	0.1464	0.239697328830211	0	0.389229739378106	SLC51B	0	0.061142777030909
SHBG:P04278:OID30685:v1	0.0625099908364172	0.0299313000445382	0.0924412908809555	0.1472	0.239641290880955	0.260848164381946	0.12490042903085	SHBG	0.035263952104213	0.0279738431456699
CCL21:O00585:OID20686:v1	0.00979085781836576	0.0464024844707026	0.0561933422890684	0.1832	0.239393342289068	0.0408986220115648	0.193833646445653	CCL21	0.000136389961010126	0.0383877842576428
POSTN:Q15063:OID30410:v1	0.0811298518068059	0.0530620092562109	0.134191861063016	0.1052	0.239391861063016	0.338899791524029	0.221653355383886	POSTN	0.0531194153739581	0.0148697255554082
DKK1:O94907:OID21066:v1	0.0156883381985042	0.0682046293822875	0.0838929675807918	0.1552	0.239092967580791	0.0656160587124046	0.285264054699729	DKK1	0	0.0747185484079837
VSIG4:Q9Y279:OID21144:v1	0.0888286528884714	0.0145832709465378	0.103411923835009	0.1348	0.238211923835009	0.372897592439562	0.0612197354009806	VSIG4	0	0.00872418555386129
IL18:Q14116:OID20694:v1	0.0547788198851256	0.061869160253086	0.116647980138211	0.1215	0.238147980138211	0.23002009025369	0.259792924622663	IL18	0.0460649628609212	0.0499240229863622
LRG1:P02750:OID30751:v1	0.167473736113415	0.00617807206481718	0.173651808178232	0.0644	0.238051808178232	0.703518017338585	0.0259526365798136	LRG1	0.111751773301897	0.00155041140657174
COMP:P49747:OID20405:v1	0.0284941774233467	0.0380683310437441	0.0665625084670908	0.1714	0.23796250846709	0.119742297250523	0.159976171410248	COMP	0.0127132872130775	0.0368098196816022
APOH:P02749:OID21072:v1	0.21355576911512	0	0.21355576911512	0.0236	0.23715576911512	0.900487345983373	0	APOH	0	0.178300792953868
NRP2:O60462:OID21081:v1	0.0401255759741395	0.0279166050677666	0.0680421810419061	0.169	0.237042181041906	0.169276100134455	0.117770621857513	NRP2	0.031834228516699	0.0266274718613957
SCARF2:Q96GP6:OID21048:v1	0.0571494305299702	0.0216074539384517	0.0787568844684219	0.1576	0.236356884468421	0.241792959229861	0.091418762719977	SCARF2	0.0389108131458836	0.0114517928974778
NFASC:O94856:OID20634:v1	0.103814233875767	0.0269264871031372	0.130740720978905	0.1055	0.236240720978904	0.439442588244715	0.113979025256791	NFASC	0.088838010298918	0.0306629140917459
C1QL2:Q7Z5L3:OID30515:v1	0.0511411909498938	0.0656526991365032	0.116793890086397	0.1194	0.236193890086397	0.216522074009564	0.277961039180514	C1QL2	0.0385722274450975	0.0592233898467806
PKD1:P98161:OID30328:v1	0.072920956297004	0.0447598332656109	0.117680789562615	0.1181	0.235780789562615	0.309274374864364	0.189836641690116	PKD1	0.0388750151537103	0.0346224737460794
PLA2G10:O15496:OID21002:v1	0.034734747085038	0.125030752452557	0.159765499537595	0.076	0.235765499537595	0.147327523124303	0.530318272596198	PLA2G10	0.00610021768454047	0.115842642203574
ADGRE5:P48960:OID20260:v1	0.0400394215140709	0.0583415374871049	0.0983809590011759	0.1372	0.235580959001175	0.169960346896589	0.247649630659724	ADGRE5	0.01937704481536	0.0531779209024141
THY1:P04216:OID21050:v1	0.103939594363929	0.00343388953237122	0.1073734838963	0.128	0.2353734838963	0.441594323384882	0.0145891095102458	THY1	0.0696466749711776	0
PRND:Q9UKY0:OID31124:v1	0.0656262482249235	0.0464865023694156	0.112112750594339	0.1232	0.235312750594339	0.278889469691585	0.19755199092273	PRND	0.0313831413743774	0.0495680475567463
PDCD1:Q15116:OID21396:v1	0.0394837070822336	0.0331502219440669	0.0726339290263005	0.1623	0.2349339290263	0.168063026255409	0.141104446179656	PDCD1	0.0234416504805279	0.0319171651035769
DPP6:P42658:OID21354:v1	0.0291239922417855	0.039991004890743	0.0691149971325285	0.1654	0.234514997132528	0.124188186674164	0.170526428500192	DPP6	0.0161751096770064	0.019329820485755
A1BG:P04217:OID30771:v1	0.0960092520271642	0.0150448618348897	0.111054113862053	0.1234	0.234454113862053	0.409501247155139	0.0641697498374531	A1BG	0.121992020975188	0.00395856246127348
CTSO:P43234:OID20660:v1	0.0281243100481439	0.0724637306367411	0.100588040684885	0.1337	0.234288040684885	0.120041594807525	0.309293340048048	CTSO	0.00733739512518526	0.0797421270688624
DSG2:Q14126:OID21113:v1	0.0382096475216384	0.0533158926688508	0.0915255401904893	0.1424	0.233925540190489	0.163341067805267	0.227918219726819	DSG2	0	0.0957131373089104
CEACAM6:P40199:OID30362:v1	0.00704293377887397	0.0787255624125487	0.0857684961914227	0.1479	0.233668496191422	0.0301407074281179	0.336911323929847	CEACAM6	0.000222284102676984	0.0682609865010256
CLEC11A:Q9Y240:OID21112:v1	0.0663562978821218	0.0220776973305748	0.0884339952126967	0.1452	0.233633995212696	0.284018161919082	0.0944969387287824	CLEC11A	0.0484863462077118	0.0299867263290227
CEACAM8:P31997:OID20102:v1	0.0135999369047999	0.0555530026049193	0.0691529395097193	0.1644	0.233552939509719	0.0582306389863871	0.237860429937374	CEACAM8	0	0.0331544843561704
REG1A:P05451:OID20415:v1	0.0846815365676144	0.0608094442586248	0.145490980826239	0.088	0.233490980826239	0.362675835563144	0.260435945077803	REG1A	0.0593657503864197	0.0306727683617105
TGFBR2:P37173:OID21493:v1	0.00285801349934392	0.0299455822486177	0.0328035957479617	0.2004	0.233203595747961	0.0122554435328379	0.128409607718836	TGFBR2	0	0.023723703391912
FGFBP1:Q14512:OID21507:v1	0.02384247155625	0.0364884642321582	0.0603309357884083	0.1727	0.233030935788408	0.102314619625863	0.156582061127239	FGFBP1	0.00431960395428914	0.031838947153917
FAM20A:Q96MK3:OID30348:v1	0.0660274486488625	0.0356562558113222	0.101683704460184	0.1313	0.232983704460184	0.283399428306996	0.153041844252311	FAM20A	0	0.0816117321234573
DDC:P20711:OID20215:v1	0.102548709742681	0.0119140065481326	0.114462716290814	0.1185	0.232962716290814	0.440193655772226	0.0511412587294013	DDC	0.0863928860215578	0.0138701495080188
HRG:P04196:OID30770:v1	0.159605124363788	0.0101643732837552	0.169769497647543	0.0631	0.232869497647543	0.685384414773619	0.0436483669455901	HRG	0.108808122558914	0
CA14:Q9ULX7:OID21401:v1	0.0581256755250723	0.00534934618887389	0.0634750217139462	0.1692	0.232675021713946	0.249814849470747	0.0229906336721027	CA14	0.0333140250182433	0
LAMP3:Q9UQV4:OID20638:v1	0.0439284822536575	0.0217852722284697	0.0657137544821273	0.1665	0.232213754482127	0.189172611035142	0.0938155979479092	LAMP3	0.0368576768179818	0.0275809727347279
GIMAP7:Q8NHV1:OID30639:v1	0.160681742248788	0.00372782045980696	0.164409562708595	0.0678	0.232209562708595	0.691968669914043	0.0160536905385118	GIMAP7	0.0629620407444841	6.1838547065621e-05
DSC2:Q02487:OID21079:v1	0.0440308728619017	0.0308282897009756	0.0748591625628773	0.1569	0.231759162562877	0.189985467564657	0.133018644700236	DSC2	0	0.05423480444823
ANGPT1:Q15389:OID20740:v1	0.0162568027321603	0.0730827464102425	0.0893395491424028	0.1423	0.231639549142402	0.0701814642290046	0.315502023211563	ANGPT1	0.0114810132180223	0.0714920565436634
GRP:P07492:OID30264:v1	0.0968677514007601	0.0142470395096881	0.111114790910448	0.1204	0.231514790910448	0.418408478438119	0.061538355513532	GRP	0	0.0854992930472787
TNFRSF17:Q02223:OID30589:v1	0.0166628709761855	0.0366757943457489	0.0533386653219344	0.1781	0.231438665321934	0.0719969195856156	0.1584687428729	TNFRSF17	0.00151033624831124	0.0535497428403092
PLA2G1B:P04054:OID20252:v1	0.00175934582447141	0.0589679318181718	0.0607272776426433	0.1704	0.231127277642643	0.00761202157709668	0.255131858167537	PLA2G1B	0	0.0520766069910866
ANXA2:P07355:OID30263:v1	0.160126672458585	0.0068881139285136	0.167014786387098	0.0639	0.230914786387098	0.693444863206609	0.0298296788884128	ANXA2	0.112417482947702	0.00049012643295637
IFI30:P13284:OID31505:v1	0.0949914264002698	0.0112689013988489	0.106260327799118	0.1246	0.230860327799118	0.411467086206885	0.0488126370878866	IFI30	0.064921263195362	0.0120109351014289
MZB1:Q8WU39:OID20732:v1	0.0101170040722431	0.0453445229256125	0.0554615269978557	0.1751	0.230561526997855	0.0438798450200116	0.196669945398281	MZB1	0.000107870640829591	0.040529846914544
PTPRS:Q13332:OID20306:v1	0.0878746486571064	0.0146876162359987	0.102562264893105	0.1279	0.230462264893105	0.381297340360102	0.0637311112203608	PTPRS	0.0672084089040536	0.0124871105991525
RBP5:P82980:OID21369:v1	0.0691682183873093	0.00745390132997303	0.0766221197172823	0.1538	0.230422119717282	0.300180462154309	0.0323488966212038	RBP5	0.0490351406047112	0.00193855531450666
NME3:Q13232:OID20789:v1	0.0546705008434987	0.0761157605504438	0.130786261393942	0.0996	0.230386261393942	0.237299309918556	0.330383244599346	NME3	0.00482619102533707	0.0592055196266377
ITGA11:Q9UKX5:OID20581:v1	0.0550764316159615	0.0368897955682348	0.0919662271841964	0.1383	0.230266227184196	0.239185886221622	0.160204976732109	ITGA11	0.0296484602607281	0.0268474692388543
BMP6:P22004:OID20111:v1	0.01502823737238	0.0806741344944997	0.0957023718668797	0.1345	0.230202371866879	0.0652827216787777	0.35044875446006	BMP6	0.00589886468137061	0.0471083831231997
HSPB1:P04792:OID20230:v1	0.123019549694273	0.0131735472916076	0.136193096985881	0.0939	0.230093096985881	0.534651196866728	0.0572531182559379	HSPB1	0.0942560111587589	0.00469431511892059
IFNGR1:P15260:OID20678:v1	0.024770083849905	0.0420122106061309	0.0667822944560359	0.1626	0.229382294456035	0.107986032263935	0.183153676728886	IFNGR1	0.0111703516283436	0.0310267384718644
HEPH:Q9BQS7:OID30337:v1	0.0302329111983215	0.0735110257244361	0.103743936922757	0.1253	0.229043936922757	0.131996120938653	0.320947267638116	HEPH	0	0.054152005195146
COLEC12:Q5KU26:OID20738:v1	0.055663578654815	0.0027363394076425	0.0583999180624575	0.1704	0.228799918062457	0.243284958867948	0.0119595296659832	COLEC12	0.0374158134488593	0.00179098131701302
LAMA4:Q16363:OID20769:v1	0.0169042136355621	0.0601768400900024	0.0770810537255645	0.1516	0.228681053725564	0.0739204816497327	0.26314746722402	LAMA4	0.00355205550165293	0.0448531366314274
NPTX2:P47972:OID30390:v1	0.0765813961597732	0.0305130874753865	0.107094483635159	0.1209	0.227994483635159	0.335891443243512	0.133832569055547	NPTX2	0.045610548641693	0.0306988973728695
ASRGL1:Q7L266:OID30283:v1	0.0757935075238045	0.0461304354346527	0.121923942958457	0.1059	0.227823942958457	0.33268455694152	0.202482824393327	ASRGL1	0.0147967421140376	0.0359994168451865
PDGFRA:P16234:OID20133:v1	0.0515017746583063	0.0581131951474273	0.109614969805733	0.1178	0.227414969805733	0.22646607082331	0.255538125731431	PDGFRA	0.0235072687801712	0.0225275895513034
CTSD:P07339:OID20358:v1	0.0791932561329766	0.0222696973887436	0.10146295352172	0.1259	0.22736295352172	0.348312048670722	0.0979477836815495	CTSD	0.0413224180966874	0.0161330647431221
TGFBR3:Q03167:OID20255:v1	0.0167798571376423	0.0471622240110878	0.0639420811487301	0.1634	0.22734208114873	0.0738088481149458	0.207450480671168	TGFBR3	0.00372379784855311	0.0346376066022691
SELP:P16109:OID20379:v1	0.0543613003166592	0.0389882600348885	0.0933495603515477	0.1338	0.227149560351547	0.239319416830598	0.171641362521452	SELP	0.0255456208745551	0.0295964222619613
DLL1:O00548:OID21525:v1	0.0301266894861143	0.0327206301385309	0.0628473196246453	0.1643	0.227147319624645	0.132630618472178	0.144050258627752	DLL1	0.0238162668652986	0.0235460797702832
NAGPA:Q9UK23:OID30643:v1	0.0938942026960801	0.0212035653511848	0.115097768047265	0.1117	0.226797768047265	0.41399967691266	0.0934910671024153	NAGPA	0.0745306618867202	0.016328819547069
CX3CL1:P78423:OID20976:v1	0.0424299252146018	0.0222430512814805	0.0646729764960823	0.1621	0.226772976496082	0.187103092573884	0.0980851053117644	CX3CL1	0.0237791719111861	0.0187877729419603
CSPG4:Q6UVK1:OID30397:v1	0.0201711431795844	0.0261112368189671	0.0462823799985515	0.18	0.226282379998551	0.0891414664266549	0.115392267038795	CSPG4	0.00415031538423297	0.0183512133640083
AMBP:P02760:OID21413:v1	0.0315068249120869	0.0285215942150397	0.0600284191271267	0.1661	0.226128419127126	0.139331557854186	0.12613007389843	AMBP	0	0.0128469708769402
REG3A:Q06141:OID20258:v1	0.0493266706015818	0.0343657247791443	0.0836923953807262	0.1423	0.225992395380726	0.218266948843486	0.152065845938085	REG3A	0.0384716886652683	0.0229989971880523
CPA2:P48052:OID21060:v1	0.104700754199308	0.0175817379473073	0.122282492146615	0.1037	0.225982492146615	0.463313565598609	0.0778013277944579	CPA2	0.070415924981763	0.039551008948134
IL32:P24001:OID20605:v1	0.0636871974684953	0.0226826923901944	0.0863698898586897	0.1395	0.225869889858689	0.28196408785757	0.100423710324493	IL32	0.0275680803033185	0.0251654800067006
SERPINI1:Q99574:OID30604:v1	0.122746968791305	0.0219631023541177	0.144710071145423	0.0811	0.225810071145423	0.543585005614102	0.0972636084950051	SERPINI1	0.08155317293307	0.027410114661727
LTBP2:Q14767:OID20254:v1	0.0159555722790487	0.0265947699647033	0.042550342243752	0.1831	0.225650342243752	0.0707092757777126	0.117858318761046	LTBP2	0.010126233515116	0.0203459575717935
PER3:P56645:OID30511:v1	0.134982858855722	0.0125479930046193	0.147530851860342	0.078	0.225530851860342	0.598511723528227	0.0556375897182777	PER3	0.115407580189098	0.0107800579840484
CFH:P08603:OID30790:v1	0.0763579906206375	0.0029190098665251	0.0792770004871626	0.1455	0.224777000487162	0.339705532394976	0.0129862479710944	CFH	0.0306836611827527	0
TNFRSF4:P43489:OID20653:v1	0.0124167245204703	0.0235741804449346	0.0359909049654049	0.1886	0.224590904965404	0.0552859632601014	0.104964982658429	TNFRSF4	0.00030147316896512	0.0186647396825187
SORT1:Q99523:OID20213:v1	0.02023018276665	0.0564364492323679	0.076666631999018	0.1479	0.224566631999018	0.0900854351626849	0.251312711643708	SORT1	0.00583001519596018	0.0447192415764873
LAG3:P18627:OID21315:v1	0.0227175953162155	0.0456610947511585	0.0683786900673741	0.1559	0.224278690067374	0.101291813811606	0.203590874984341	LAG3	0.0062168944873541	0.0176623275775079
IL18BP:O95998:OID20348:v1	0.00733260519647151	0.0345414982505395	0.041874103447011	0.1823	0.224174103447011	0.0327094213101414	0.154083356281624	IL18BP	0	0.027255032371883
CD74:P04233:OID21040:v1	0.00167484904853315	0.0711722974103923	0.0728471464589254	0.1512	0.224047146458925	0.00747543128758484	0.317666609618883	CD74	0	0.062387940696439
TMEM132A:Q24JP5:OID30287:v1	0.223710432280533	0	0.223710432280533	0	0.223710432280533	0	0	TMEM132A	0.1919733686282	0
BTC:P35070:OID21199:v1	0.141143240142196	0.00575139041209682	0.146894630554293	0.0768	0.223694630554293	0.630963916265927	0.025710900605193	BTC	0.0926844122658491	0
ARSB:P15848:OID21331:v1	0.0794436405658828	0.0258869146519731	0.105330555217856	0.1182	0.223530555217856	0.355403942375824	0.115809288921344	ARSB	0.0538546577304688	0.0333584914999849
PSPN:O60542:OID20511:v1	0	0.0227531258933419	0.0227531258933419	0.2007	0.223453125893342	0	0.101825050790305	PSPN	0	0.0192686706964596
DCBLD2:Q96PD2:OID21474:v1	0.0683139632412528	0.0579137911419449	0.126227754383197	0.0972	0.223427754383197	0.305754150507588	0.259205895444027	DCBLD2	0.0291652029632751	0.0539594329163914
LAYN:Q6UX15:OID20970:v1	0.0852896857126007	0.00711990968901704	0.0924095954016177	0.131	0.223409595401617	0.381763753518633	0.0318693101619819	LAYN	0.0546817397597805	0
CD302:Q8IX05:OID21328:v1	0.049118637669692	0.0397836230288836	0.0889022606985756	0.1344	0.223302260698575	0.219964802488026	0.178160413174614	CD302	0.0202850745164437	0.0239978038813629
ITIH3:Q06033:OID20352:v1	0.0817504778706071	0.0294119413206873	0.111162419191294	0.1121	0.223262419191294	0.366163182172464	0.131737089597182	ITIH3	0.0462532869602668	0.024494440475
CD38:P28907:OID21316:v1	0.081964927447885	0.00188478585022977	0.0838497132981148	0.1392	0.223049713298114	0.36747380768132	0.00845007071455269	CD38	0.0480226868928527	0.00107234906090601
SIGLEC7:Q9Y286:OID20190:v1	0.0950635109506639	0.0305310279458658	0.125594538896529	0.0973	0.222894538896529	0.426495469208393	0.136975217504268	SIGLEC7	0.0453250913098636	0.0205126616605623
MTHFSD:Q2M296:OID31305:v1	0.13747201049046	0.00301761795717966	0.14048962844764	0.0822	0.22268962844764	0.617325608959752	0.0135507790740653	MTHFSD	0.127833796238245	0
SCARA5:Q6ZMJ2:OID21058:v1	0.0719998337314573	0.0124941222188695	0.0844939559503268	0.1381	0.222593955950326	0.323458170389516	0.0561296561963148	SCARA5	0.0379937806244974	0.00354709569807116
MEGF9:Q9H1U4:OID20285:v1	0.0552274520939704	0.0366474158742823	0.0918748679682528	0.1307	0.222574867968252	0.248129775828274	0.164652084077657	MEGF9	0	0.0397488631529735
TNFRSF8:P28908:OID21049:v1	0.0437312460993165	0.0281200001665824	0.0718512462658989	0.1503	0.222151246265899	0.196853480835184	0.126580429501281	TNFRSF8	0.0116194963488366	0.0300339027701791
HS3ST3B1:Q9Y662:OID21303:v1	0.119049774373589	0.0345670146979568	0.153616789071546	0.0682	0.221816789071546	0.536703172342785	0.155835880785414	HS3ST3B1	0.0785821337674294	0.0157920569994442
PDGFB:P01127:OID20741:v1	0	0.0807991075747268	0.0807991075747268	0.141	0.221799107574726	0	0.364289597276691	PDGFB	0	0.0790011272944138
SMOC1:Q9H4F8:OID21461:v1	0.0874295235502539	0.0353245666171952	0.122754090167449	0.0986	0.221354090167449	0.39497586642341	0.159583979634047	SMOC1	0.0524980749257578	0.0329849593859273
CD28:P10747:OID21265:v1	0.0231126551929091	0.0731870669803131	0.0962997221732223	0.125	0.221299722173222	0.104440507045994	0.330714680803015	CD28	0.0130315621621148	0.0597949131854302
LGALS8:O00214:OID21041:v1	0.0384785485089903	0.0888091449456922	0.127287693454682	0.0937	0.220987693454682	0.174120775267881	0.401873713225139	LGALS8	0.0238106594131061	0.0644904210317361
IL6ST:P40189:OID20147:v1	0.0245666127209737	0.0784063367986323	0.102972949519606	0.1179	0.220872949519606	0.111225085617798	0.354983880865286	IL6ST	0.00949150808634289	0.0570914116622054
ANGPTL1:O95841:OID20211:v1	0.0922239377608671	0.0107172118615906	0.102941149622457	0.1177	0.220641149622457	0.41798158647502	0.048573042154326	ANGPTL1	0.0594581065324931	0.011692645883979
MAN1A2:O60476:OID30262:v1	0.0384681805069414	0.0742861853764156	0.112754365883357	0.1076	0.220354365883357	0.174574169895523	0.337121459239607	MAN1A2	0.0259071412133892	0.0595086437713329
DKK4:Q9UBT3:OID20934:v1	0.0314511784534958	0.0534830215400746	0.0849341999935704	0.1354	0.22033419999357	0.142743062377123	0.242735905463769	DKK4	0.0144794574274258	0.0353521982951197
CD7:P09564:OID30543:v1	0.111798098106156	0.0209513027146752	0.132749400820831	0.0875	0.220249400820831	0.507597740059697	0.0951253562397596	CD7	0	0.0980773637523546
PDGFA:P04085:OID20313:v1	0.00307398938760749	0.0746632544581471	0.0777372438457546	0.1423	0.220037243845754	0.0139703139972174	0.339320985634985	PDGFA	0	0.0788372094600313
LCN2:P80188:OID20392:v1	0.00262564489709223	0.0522576523558833	0.0548832972529755	0.165	0.219883297252975	0.0119410838835631	0.237660854684023	LCN2	0	0.0574806340250763
ANGPT2:O15123:OID21463:v1	0.0240826461169543	0.0322553018889624	0.0563379480059167	0.1635	0.219837948005916	0.109547265771904	0.146723084806515	ANGPT2	0.0157174294211028	0.0307047450452968
MGMT:P16455:OID20588:v1	0.137925175690277	0.00452151860646116	0.142446694296738	0.0772	0.219646694296738	0.627941049292292	0.0205854161426744	MGMT	0	0.105516685606629
BRSK2:Q8IWQ3:OID31042:v1	0.163024062649503	0	0.163024062649503	0.0566	0.219624062649503	0.742286890984584	0	BRSK2	0.14765647182117	0.000459305447761536
SEZ6L:Q9BYH1:OID21488:v1	0.0340775084649177	0.0173654741165996	0.0514429825815174	0.168	0.219442982581517	0.15529094648656	0.079134333266496	SEZ6L	0.00476468629072631	0.0124720877197872
B4GAT1:O43505:OID21127:v1	0.0433303735583673	0.0404010898007664	0.0837314633591337	0.1357	0.219431463359133	0.197466547846196	0.184117123325399	B4GAT1	0.0375821068769265	0.0467277876664524
CD40:P25942:OID20724:v1	0.0757846357572151	0.0170901046768496	0.0928747404340647	0.1264	0.219274740434064	0.345614983318168	0.0779392311354193	CD40	0	0.0725714226958764
PRSS2:P07478:OID20364:v1	0.0202905610796066	0.0415014023076267	0.0617919633872333	0.1572	0.218991963387233	0.0926543639582233	0.189511074587891	PRSS2	0.00302939229340564	0.0423017602168708
TFPI:P10646:OID20388:v1	0.0683473975786445	0.0395287979698043	0.107876195548448	0.1111	0.218976195548448	0.312122499924986	0.180516415817711	TFPI	0.0193500949974497	0.0362061533900836
PIK3IP1:Q96FE7:OID21094:v1	0.0551514565920347	0.00170878277999395	0.0568602393720286	0.1617	0.218560239372028	0.2523398434706	0.00781836067211335	PIK3IP1	0.0189497975058649	0.00314332113928587
CEACAM1:P13688:OID21528:v1	0.0683715394041562	0.0277270665585314	0.0960986059626876	0.1224	0.218498605962687	0.312915220227225	0.126898139401705	CEACAM1	0.0725734171871041	7.1907496830231e-05
BCL2L11:O43521-2:OID20513:v1	0	0.112868953144069	0.112868953144069	0.1056	0.218468953144069	0	0.516636123896461	BCL2L11	0	0.0837662844831646
CHAD:O15335:OID30660:v1	0.0344646796887584	0.0323379337013754	0.0668026133901339	0.1516	0.218402613390133	0.1578034216431	0.148065690237918	CHAD	0	0.0758307473699547
CHRDL1:Q9BU40:OID20771:v1	0.0805145546805273	0.00864886947483167	0.089163424155359	0.1292	0.218363424155359	0.368718135795689	0.0396076838796879	CHRDL1	0	0.00301849093130789
TNFSF13B:Q9Y275:OID20272:v1	0.0423651332196199	0.0708174626140082	0.113182595833628	0.1047	0.217882595833628	0.194440189486127	0.325025788971613	TNFSF13B	0.0164537454083743	0.0742796899598451
MXRA8:Q9BRK3:OID30583:v1	0.00604915001651132	0.0356836712272952	0.0417328212438066	0.176	0.217732821243806	0.0277824444746333	0.163887424153377	MXRA8	5.15960026780226e-07	0.0435041980108274
KIAA0319:Q5VV43:OID31094:v1	0.0987985300116544	0	0.0987985300116544	0.1182	0.216998530011654	0.455295849268417	0	KIAA0319	0.0699076887235115	0
CD274:Q9NZQ7:OID20966:v1	0.104234424670215	0.0119959621070981	0.116230386777313	0.0998	0.216030386777313	0.482498903164309	0.0555290498066077	CD274	0.0597887789135516	0.00402104375236353
CTSL:P07711:OID20228:v1	0.0143327079307107	0.0614792492194711	0.0758119571501819	0.1402	0.216011957150181	0.0663514562795521	0.284610398565704	CTSL	0	0.0528637512945501
TF:P02787:OID30783:v1	0.0696282412526031	0.0415545999070534	0.111182841159656	0.1047	0.215882841159656	0.322527908557166	0.192486812216454	TF	0.0498151487015088	0.0440036812392225
SPOCK1:Q08629:OID20924:v1	0.0185340861228568	0.0338119415264806	0.0523460276493374	0.1632	0.215546027649337	0.0859866745167261	0.156866456298085	SPOCK1	0.00807647283147349	0.0271432792804602
GLB1:P16278:OID20949:v1	0.0314681485792582	0.0727237548869092	0.104191903466167	0.1113	0.215491903466167	0.146029377777521	0.337477899248901	GLB1	0.011484572592556	0.0567850066269936
NUCB2:P80303:OID21448:v1	0.104113011282591	0.00737086892084867	0.111483880203439	0.1039	0.215383880203439	0.483383488050506	0.0342220082296156	NUCB2	0.0806968431223443	0.000120482782984905
ENPP2:Q13822:OID20288:v1	0.0603184684619828	0.0146563901649581	0.0749748586269409	0.1403	0.21527485862694	0.280192814185103	0.0680822194400174	ENPP2	0.0112422858235977	0.0433034064917462
SERPINE1:P05121:OID20342:v1	0.00915436873928239	0.0663099449159264	0.0754643136552088	0.1398	0.215264313655208	0.0425261790207597	0.308039655017485	SERPINE1	7.15831986260866e-05	0.0542095451982856
GOLM2:Q6P4E1:OID21044:v1	0.00223131730378722	0.0788267039917421	0.0810580212955294	0.1337	0.214758021295529	0.0103899136820444	0.36704893962153	GOLM2	0	0.0785605034400206
INHBB:P09529:OID30625:v1	0.0717359963744421	0.0128918452161669	0.0846278415906091	0.1301	0.214727841590609	0.334078691626821	0.0600380701480993	INHBB	0.0518476917486446	0.003539937588838
APOM:O95445:OID20374:v1	0.0413531151012315	0.0261656291118521	0.0675187442130837	0.1471	0.214618744213083	0.192681749456954	0.121916793464571	APOM	0.0224180307367898	0.0207040627790009
EGFL7:Q9UHF1:OID21252:v1	0.0352515507233647	0.058750993903864	0.0940025446272288	0.1206	0.214602544627228	0.164264365012995	0.273766529683589	EGFL7	0	0.0624211923798416
ORM1:P02763:OID30768:v1	0.127523817247189	0.00395375484930601	0.131477572096495	0.0829	0.214377572096495	0.594856150296303	0.0184429500280297	ORM1	0	0.0802231318753105
VWA1:Q6PCB0:OID21421:v1	0.0904933084217497	0.018537225944722	0.109030534366471	0.1051	0.214130534366471	0.422608147359665	0.0865697458775153	VWA1	0.0652195372270076	0.00758943971244422
ESAM:Q96AP7:OID20270:v1	0.0384950684811553	0.0253452113124011	0.0638402797935565	0.1501	0.213940279793556	0.179933711025812	0.118468627492019	ESAM	0.00113306587160738	0.0199124163103881
GUCA2A:Q02747:OID21101:v1	0.0539878399407828	0.0166282157570076	0.0706160556977905	0.1433	0.21391605569779	0.252378624711807	0.0777324343549937	GUCA2A	0.0194058686244463	0.00180195487044302
LPL:P06858:OID20188:v1	0.109094176698536	0.00972042890055491	0.118814605599091	0.0951	0.213914605599091	0.509989378205411	0.0454406975780442	LPL	0.100460382178547	0.00719565247088387
GZMA:P12544:OID20663:v1	0.00343543762654492	0.0767096009507131	0.080145038577258	0.1336	0.213745038577258	0.0160725958806439	0.358883656253787	GZMA	0	0.0801005845124838
OMD:Q99983:OID20725:v1	0.00446411228724477	0.0353482703256111	0.0398123826128559	0.1738	0.213612382612855	0.0208981906041251	0.165478563991654	OMD	0	0.0338786220472273
CLEC14A:Q86T13:OID21090:v1	0.00532020325827889	0.0679107745109083	0.0732309777691872	0.1403	0.213530977769187	0.0249153697222783	0.318037107404225	CLEC14A	0	0.0526502388957271
TG:P01266:OID31359:v1	0.00658138834765789	0.0623770585396925	0.0689584468873504	0.1445	0.21345844688735	0.0308321757401857	0.292221083069207	TG	0	0.0561630462894526
F10:P00742:OID30684:v1	0.0475333589913569	0.050622465451685	0.0981558244430419	0.115	0.213155824443041	0.222998171012016	0.237490416149581	F10	0.0110297059855188	0.0234457047077484
TP53I3:Q53FA7:OID30632:v1	0.113926503640151	0.00648209981915565	0.120408603459307	0.0923	0.212708603459307	0.535598945164184	0.0304740838580876	TP53I3	0.0700638141826711	3.32564496981636e-06
THBD:P07204:OID20231:v1	0.0282468396646455	0.0439708879819124	0.072217727646558	0.1401	0.212317727646557	0.133040420024029	0.207099465830333	THBD	0.012686395963558	0.0310669524876938
ERBB2:P04626:OID21520:v1	0.0408488244831054	0.0233762321938973	0.0642250566770028	0.1479	0.212125056677002	0.192569539511331	0.110200240179507	ERBB2	0	0.0531834761221743
IGSF9:Q9P2J2:OID30330:v1	0.0523372821649612	0.0166333567699142	0.0689706389348754	0.1431	0.212070638934875	0.246791740845527	0.0784330959413109	IGSF9	0.0304008975421056	0.0075398263556302
CLEC5A:Q9NY25:OID20165:v1	0.0515121919715909	0.0365815925211035	0.0880937844926944	0.1237	0.211793784492694	0.243218619918318	0.172722691597049	CLEC5A	0.026189842439981	0.0395628643248593
C2:P06681:OID20410:v1	0.11424453726123	0.0116758041506416	0.125920341411872	0.0858	0.211720341411872	0.539601138461154	0.0551472951194993	C2	0.0858747408979797	0.0134736270052976
TFPI2:P48307:OID21512:v1	0.0279507207490762	0.0348582474701176	0.0628089682191938	0.1489	0.211708968219193	0.132024264178253	0.164651728093195	TFPI2	0.0186974907821896	0.0176800609024077
TNFSF14:O43557:OID20953:v1	0.0696167958044489	0.00936227667205322	0.0789790724765021	0.1326	0.211579072476502	0.32903441247565	0.0442495401953942	TNFSF14	0.0488206580292097	0.00830761955848403
SPINT2:O43291:OID20720:v1	0.0206986122489315	0.0630568327432846	0.0837554449922161	0.1275	0.211255444992216	0.0979790710232069	0.298486189293762	SPINT2	0.0159620001310195	0.0504612064987222
CST3:P01034:OID20400:v1	0.0498309597141211	0.00652038922118447	0.0563513489353056	0.1549	0.211251348935305	0.2358846935902	0.0308655507008445	CST3	0.0267091458394672	0.00027222452474225
ADGRF5:Q8IZF2:OID30349:v1	0	0.0751865483190132	0.0751865483190132	0.136	0.211186548319013	0	0.356019589871975	ADGRF5	0	0.0738295952619436
DPP10:Q8N608:OID20527:v1	0.0710125754133272	0.0178600582567432	0.0888726336700705	0.1223	0.21117263367007	0.336277358382881	0.0845756286993476	DPP10	0.0476295781879988	0.00962546910372833
COL5A1:P20908:OID30587:v1	0.052925536815402	0.0278636317020235	0.0807891685174256	0.13	0.210789168517425	0.251082810315401	0.13218720818532	COL5A1	0	0.0644385002102526
CD248:Q9HCU0:OID30394:v1	0.00980936782422514	0.041058061781997	0.0508674296062221	0.1594	0.210267429606222	0.0466518654011019	0.195265913788399	CD248	0	0.0285333657319976
RELT:Q969Z4:OID21142:v1	0.0661759336245031	0.00424394698025032	0.0704198806047534	0.1398	0.210219880604753	0.314793888352188	0.0201881333394419	RELT	0.0406942056649013	0
BOC:Q9BWV1:OID20116:v1	0.0450808774492626	0.0179896200424056	0.0630704974916682	0.1469	0.209970497491668	0.214701007940658	0.0856768939318225	BOC	0.0122215036740366	0.0198844194258351
CDH15:P55291:OID21005:v1	0.0901902734800495	0.00507278829274682	0.0952630617727963	0.1147	0.209963061772796	0.429553049562811	0.0241603844500807	CDH15	0.053150221444582	0.00510804227466251
PCSK9:Q8NBP7:OID20235:v1	0.0663810416009455	0.0199212079824513	0.0863022495833969	0.1233	0.209602249583396	0.316700043691724	0.0950429111426357	PCSK9	0.025183684358622	0.00805751190601658
NPL:Q9BXD5:OID30329:v1	0.0756699178426009	0.0152241612710479	0.0908940791136488	0.1187	0.209594079113648	0.361030798973907	0.0726364090790602	NPL	0.0407664512849794	0.0199357171795652
SOD2:P04179:OID21114:v1	0.0174657954075239	0.0278265957494467	0.0452923911569707	0.1643	0.20959239115697	0.083332201665867	0.132765295514027	SOD2	0.0100005272262833	0.027328949900403
SERPINF1:P36955:OID30757:v1	0.0799178309490809	0.00208859664215696	0.0820064275912379	0.1273	0.209306427591237	0.381822153618499	0.00997865505705281	SERPINF1	0.0508142467729023	0
ASGR1:P07306:OID20990:v1	0.018213553726112	0.0229540102912834	0.0411675640173954	0.1674	0.208567564017395	0.0873268756430073	0.110055513183099	ASGR1	0.009368386846302	0.0102009641357021
BSG:P35613:OID20626:v1	0.0137669673164891	0.0196532415075484	0.0334202088240376	0.175	0.208420208824037	0.0660538984878965	0.0942962374830986	BSG	0.000297753216020162	0.00637636421545284
THPO:P40225:OID20098:v1	0.00520765468148856	0.059745814907147	0.0649534695886356	0.1432	0.208153469588635	0.0250183419559626	0.287027715777306	THPO	1.72099922099667e-06	0.0624506268251425
SDC1:P18827:OID20169:v1	0.0138551744883151	0.0498210555641802	0.0636762300524954	0.1444	0.208076230052495	0.0665870122926563	0.239436554341699	SDC1	0.000360727461597397	0.051483726428142
CCN3:P48745:OID20299:v1	0.073677378979141	0.0027672651282026	0.0764446441073436	0.1316	0.208044644107343	0.354142156820562	0.0133013043429985	CCN3	0.00388275202611681	0.0256683714845949
KLRF1:Q9NZS2:OID30464:v1	0.0579714963780735	0.0497118769943272	0.1076833733724	0.1003	0.2079833733724	0.27873139779435	0.239018514741159	KLRF1	0.0169349311323213	0.0352058924943653
FOLR1:P15328:OID21529:v1	0.0113447857893056	0.0274578571384116	0.0388026429277172	0.169	0.207802642927717	0.0545940399480473	0.132134301814258	FOLR1	7.6975518577826e-05	0.0168342424464679
PALM:O75781:OID31515:v1	0.0278843318590347	0.0126281706329001	0.0405125024919348	0.1664	0.206912502491934	0.134763880979698	0.0610314528161116	PALM	0.0112548663117909	0.0137955263422461
TNFRSF1A:P19438:OID21155:v1	0.00411680954678321	0.0171049128411403	0.0212217223879235	0.1853	0.206521722387923	0.0199340267899293	0.0828237952083852	TNFRSF1A	1.24981079055397e-06	0.0125095846919708
TAFA5:Q7Z5A7:OID21321:v1	0.0380180344785138	0.00354214032742658	0.0415601748059404	0.1649	0.20646017480594	0.18414221781149	0.017156530700199	TAFA5	0.0254187883627233	0.000350804304381348
ITGB6:P18564:OID20493:v1	0.0557122935756141	0.0215615674800344	0.0772738610556485	0.1291	0.206373861055648	0.269958091061694	0.104478190066039	ITGB6	0.023445187205791	0.0127010879760447
REG1B:P48304:OID20266:v1	0.0930051412840566	0.0482131181689139	0.14121825945297	0.065	0.20621825945297	0.451003424870177	0.23379655272432	REG1B	0.0595019079877547	0.0190484370378211
TNFRSF9:Q07011:OID20985:v1	0.0185331125589897	0.0188146154762574	0.0373477280352472	0.1688	0.206147728035247	0.0899020946562213	0.0912676344074988	TNFRSF9	0.00520400620323831	0.00798356517721252
CDH2:P19022:OID20170:v1	0.0110621152605451	0.0344109157973266	0.0454730310578717	0.1603	0.205773031057871	0.0537588196260472	0.1672275303543	CDH2	0	0.0414772583120024
IL4R:P24394:OID20576:v1	0.0625460266098769	0.0396094781692112	0.102155504779088	0.1033	0.205455504779088	0.304426141694905	0.192788595330169	IL4R	0.0327677876925767	0.0324831833285505
COL9A1:P20849:OID20550:v1	0.0481710789875981	0.00610055966335854	0.0542716386509566	0.1509	0.205171638650956	0.234784297207607	0.0297339325428743	COL9A1	0.00837365007268236	0.000794231754959453
BDNF:P23560:OID30373:v1	0	0.0620376672015682	0.0620376672015682	0.143	0.205037667201568	0	0.302567172404377	BDNF	0.000805399320126226	0.0666475701441752
GZMB:P10144:OID20604:v1	0.0605201159931487	0.0537016086799892	0.114221724673137	0.0908	0.205021724673137	0.295188795673408	0.261931308819124	GZMB	0.0259880921769162	0.0441064105526904
SERPING1:P05155:OID30777:v1	0.0543198804835678	0.0287982281784838	0.0831181086620517	0.1218	0.204918108662051	0.265080918608083	0.140535301474881	SERPING1	0.0273607389530756	0.0213178766189751
HMOX1:P09601:OID20217:v1	0.00514980367719741	0.0843302393389856	0.089480043016183	0.1154	0.204880043016183	0.0251357018545268	0.411607875991731	HMOX1	0.000364088085030766	0.0715931305314883
CSF1:P09603:OID20719:v1	0.0285064682260969	0.00624087832706701	0.034747346553164	0.1698	0.204547346553164	0.139363666683829	0.0305106784919595	CSF1	0.0116601650040082	0.015194233277341
FCGR2B:P31994:OID21215:v1	0.131296336760292	0.0225687752624843	0.153865112022776	0.0506	0.204465112022776	0.642145427458873	0.110379590137462	FCGR2B	0.0974832033112426	0.0146536425736411
PRRT3:Q5FWE3:OID30276:v1	0.0280129700107454	0.00402668147334907	0.0320396514840945	0.172	0.204039651484094	0.137291795035873	0.019734798820037	PRRT3	0.0243834628905622	0.000143635500086678
VSIR:Q9H7M9:OID20131:v1	0.067909660737308	0.01842964470939	0.086339305446698	0.1174	0.203739305446698	0.333316443719174	0.0904569919338001	VSIR	0	0.0570857247388325
ADAMTSL5:Q6ZMM2:OID30355:v1	0.115965348343477	0.00854037226572562	0.124505720609202	0.0791	0.203605720609202	0.569558399422671	0.0419456400349274	ADAMTSL5	0.0567874371326015	0.00883817695008067
ITGB2:P05107:OID20315:v1	0.010750700729852	0.0530718671754821	0.0638225679053342	0.1397	0.203522567905334	0.0528231381929721	0.26076649740469	ITGB2	0	0.0753275487427954
TNFRSF13B:O14836:OID20702:v1	0.0159662164934324	0.0613200602324273	0.0772862767258598	0.1262	0.203486276725859	0.0784633575803363	0.301347399043714	TNFRSF13B	0.00058632536335559	0.0488137210520422
CD226:Q15762:OID30556:v1	0.0507051033373798	0.0347507140643153	0.0854558174016952	0.1177	0.203155817401695	0.249587257632509	0.17105448669286	CD226	0	0.0915976344630132
SEZ6L2:Q6UXD5:OID21289:v1	0.0243705884755959	0.0209837953531414	0.0453543838287374	0.1578	0.203154383828737	0.119960928316175	0.103289896864008	SEZ6L2	0.000489687878534981	0.0209065052435479
CDNF:Q49AH0:OID21318:v1	0.103078038011419	0	0.103078038011419	0.0997	0.202778038011419	0.508329398105798	0	CDNF	0.0465226963818189	3.83776205033378e-05
AGXT:P21549:OID20139:v1	0.0436885656261392	0.0206889476486274	0.0643775132747667	0.1384	0.202777513274766	0.215450741655661	0.102027820119253	AGXT	0.0172603151021267	0.0150104345780086
PENK:P01210:OID30666:v1	0.0712473871067894	0.00532124871102771	0.0765686358178171	0.1262	0.202768635817817	0.351372818677951	0.0262429575933465	PENK	0.0192780978808609	0.0171217011320429
NID1:P14543:OID20362:v1	0.0257531911461431	0.0430047210888829	0.0687579122350261	0.134	0.202757912235026	0.127014481764299	0.212098855304024	NID1	0.0198339349785299	0.0352589129317554
TNFRSF6B:O95407:OID20964:v1	0.0993575696917582	0.00845036894576503	0.107807938637523	0.0949	0.202707938637523	0.490151349570115	0.0416874099878039	TNFRSF6B	0	0.0687646288404613
MOG:Q16653:OID21384:v1	0.0475778820503883	0.00157372578526515	0.0491516078356535	0.1535	0.202651607835653	0.23477673115218	0.00776567135130463	MOG	0.0431618760055627	0.000742298742866355
KHK:P50053:OID30241:v1	0.0948182844356579	0.00137860368679174	0.0961968881224496	0.1063	0.202496888122449	0.468245637327134	0.00680802406187151	KHK	0.0610443222831824	0.000186939199842196
COMT:P21964:OID20086:v1	0.109060923661427	0.00126854600355338	0.11032946966498	0.092	0.20232946966498	0.539026390184344	0.00626970458457613	COMT	0.0722332693222477	0
COL1A1:P02452:OID20335:v1	0.0060295505295854	0.0375742963527761	0.0436038468823615	0.1582	0.201803846882361	0.0298782734954514	0.186192170928631	COL1A1	0	0.0381725962464635
PPBP:P02775:OID30761:v1	0.00482159974875427	0.0544625664108364	0.0592841661595907	0.1424	0.20168416615959	0.0239066845978329	0.27003888033402	PPBP	0	0.0552611610890011
SPON1:Q9HCB6:OID20759:v1	0.0793905018261686	0.0152199238470385	0.0946104256732071	0.1068	0.201410425673207	0.394172752283347	0.0755667130743925	SPON1	0.0490432372579512	0.0137971618662027
TGFB1:P01137:OID20621:v1	0.0366695585870156	0.032471835402141	0.0691413939891567	0.132	0.201141393989156	0.182307370252154	0.161437856018297	TGFB1	0.0190269362389536	0.0188365044286456
SCARB2:Q14108:OID20943:v1	0.0454176927990243	0.0073659999664879	0.0527836927655122	0.1482	0.200983692765512	0.22597700427374	0.036649739414838	SCARB2	0.017863686273566	0.00540124442135726
PLAUR:Q03405:OID20764:v1	0.0209574901827095	0.0378705516538577	0.0588280418365672	0.1421	0.200928041836567	0.104303461035847	0.188478180087283	PLAUR	0.0085000474723885	0.0203776843148827
ATRAID:Q6UW56:OID31451:v1	0.0771133530252142	0.0124873796330839	0.0896007326582981	0.1111	0.200700732658298	0.384220585564593	0.0622189040751745	ATRAID	0.0470878295199848	0.012440089384218
DPP4:P27487:OID20406:v1	0.0385549260666988	0.0103340294414176	0.0488889555081164	0.1515	0.200388955508116	0.192400454251268	0.0515698553107088	DPP4	0.0111164724317622	0.00773650148810457
PEAR1:Q5VY43:OID20257:v1	0.058166532713139	0.0598739674893711	0.11804050020251	0.0823	0.20034050020251	0.29033836221005	0.298861026247058	PEAR1	0.0258982190570578	0.0380144741494506
F9:P00740:OID20349:v1	0.0879877572479349	0.00809692586475419	0.0960846831126891	0.1042	0.200284683112689	0.439313460622593	0.0404270847821073	F9	0	0.00210730536610721
GALNT5:Q7Z7M9:OID30295:v1	0.0857869141840242	0.0398635305276788	0.125650444711703	0.0746	0.200250444711703	0.428398120700955	0.199068374530052	GALNT5	0.0873283650091399	0.0347850264066537
SIAE:Q9HAT2:OID21503:v1	0.046190322640249	0.0205734880611758	0.0667638107014248	0.133	0.199763810701424	0.231224677172818	0.102989064880854	SIAE	0.0179671236498073	0.00284572836974976
MAMDC2:Q7Z304:OID30309:v1	0.0256290615999181	0.0450180318512294	0.0706470934511476	0.1285	0.199147093451147	0.128694128323822	0.226054174686073	MAMDC2	0	0.0523793941043285
SPINK6:Q6UWN8:OID21450:v1	0.0781277786309308	0	0.0781277786309308	0.1204	0.19852777863093	0.393535751871644	0	SPINK6	0.0562747676886352	0
ISM1:B1AKI9:OID20538:v1	0.0579345890561197	0.00487136947377548	0.0628059585298952	0.1356	0.198405958529895	0.292000247801984	0.0245525361731587	ISM1	0.0574940718872504	0.00638473834968518
GFRA1:P56159:OID21457:v1	0.0375180096657675	0.0174515396670883	0.0549695493328558	0.1433	0.198269549332855	0.189227290786756	0.0880192632999361	GFRA1	0	0.0259335543186366
CD8A:P01732:OID21018:v1	0.0467971095003654	0.0648472670771728	0.111644376577538	0.0863	0.197944376577538	0.236415453217152	0.327603482343793	CD8A	0.0214727083252477	0.0544277176233355
APP:P05067:OID21070:v1	0.00335001890061422	0.0579686323499511	0.0613186512505653	0.1366	0.197918651250565	0.0169262415616054	0.292891205470891	APP	0	0.060210024951383
MPO:P05164:OID21100:v1	0.101283181576787	0.0106637867722447	0.111946968349031	0.0859	0.197846968349031	0.511926881781217	0.0538991669229532	MPO	0.000451726242244782	0.0576632886125605
ITGA5:P08648:OID21139:v1	0	0.0671410344744354	0.0671410344744354	0.1306	0.197741034474435	0	0.339540220636984	ITGA5	0	0.0780404790887337
KYNU:Q16719:OID20669:v1	0.0539588379533213	0.00976153799032941	0.0637203759436507	0.1339	0.19762037594365	0.273042886876741	0.0493954023906563	KYNU	0.0328283869508114	0.0127825815816395
GDF15:Q99988:OID20251:v1	0.0677486721350543	0	0.0677486721350543	0.1298	0.197548672135054	0.342946735115171	0	GDF15	0.0244715262280891	8.8710487556165e-07
ACY3:Q96HD9:OID30086:v1	0.0636837663403429	0.0101121896452482	0.0737959559855911	0.123	0.196795955985591	0.323603023351789	0.051384133350731	ACY3	0.0365163819455742	0.0101195382324569
ALCAM:Q13740:OID20273:v1	0.0234858240203364	0.0347504013467519	0.0582362253670883	0.1385	0.196736225367088	0.119377221843686	0.176634482449337	ALCAM	0.00802932525751387	0.0261769435299919
EPHB6:O15197:OID20982:v1	0.0456956643724923	0.00516716670170289	0.0508628310741952	0.1458	0.196662831074195	0.232355367421984	0.0262742414185701	EPHB6	0.0342530112020266	0.00236521424157148
CD72:P21854:OID30641:v1	0.0142939650164942	0.0347265520758019	0.0490205170922962	0.1476	0.196620517092296	0.0726982373349392	0.176617133294898	CD72	0.000929586806801245	0.0459779639603939
GGACT:Q9BVM4:OID30290:v1	0.116662505378563	0.00698172657806783	0.12364423195663	0.0727	0.19634423195663	0.59417332618323	0.0355586029112888	GGACT	0.0841132663912489	0.000613186890683989
TPMT:P51580:OID21270:v1	0.133146872412006	0.00129864694007825	0.134445519352084	0.0618	0.196245519352084	0.678470891216258	0.0066174603342069	TPMT	0.0800734165640569	0
GGT5:P36269:OID20909:v1	0.0979442540049824	0.0100592409112261	0.108003494916208	0.0881	0.196103494916208	0.499451853455402	0.0512955718383511	GGT5	0.068699991635322	0.000154932621083212
RSPO1:Q2MKA7:OID20938:v1	0.0458889118223396	0.0200243728605666	0.0659132846829062	0.1298	0.195713284682906	0.234470091780885	0.102314837201828	RSPO1	0.0257659693060894	0.0133348103443845
RARRES2:Q99969:OID20373:v1	0.0200470214422473	0.00600049908797789	0.0260475205302252	0.1693	0.195347520530225	0.102622349072229	0.0307170476067008	RARRES2	0.00467560287603172	0.00126838238364983
IL15:P40933:OID20562:v1	0	0.0794248741507226	0.0794248741507226	0.1159	0.195324874150722	0	0.406629593368811	IL15	0	0.0633620238507039
OMG:P23515:OID21352:v1	0.00405636889480054	0.0283508989724686	0.0324072678672692	0.1628	0.195207267867269	0.0207798046615695	0.145234853610808	OMG	0	0.0256702425375502
RNF149:Q8NC42:OID30235:v1	0.0449493139610716	0.00735729373133454	0.0523066076924062	0.1429	0.195206607692406	0.23026533011577	0.0376897781192309	RNF149	0.0223611622912583	0.00747039285076594
COL4A1:P02462:OID20208:v1	0.0221622090916944	0.0859363846897312	0.108098593781425	0.0871	0.195198593781425	0.113536725149314	0.440251043949419	COL4A1	0.0123864343691465	0.0474548907587794
PRSS8:Q16651:OID20763:v1	0.0143705837908547	0.0211604692929396	0.0355310530837943	0.1593	0.194831053083794	0.0737592060577433	0.108609325659389	PRSS8	0.00158191066344914	0.0199783343642667
IGFBP7:Q16270:OID20236:v1	0.0794644791538672	0.00606423001662531	0.0855287091704925	0.1091	0.194628709170492	0.408287551680041	0.0311579419216777	IGFBP7	0.0433864380461792	0.00270954112019784
EPHA1:P21709:OID20677:v1	0.0532618275620087	0.0157452628857223	0.069007090447731	0.1256	0.194607090447731	0.273689038973192	0.0809079610074705	EPHA1	0.0307648465788009	0.00472031964495677
EFEMP1:Q12805:OID20414:v1	0.0224397542210983	0.00432383728617241	0.0267635915072707	0.1673	0.19406359150727	0.115630933380193	0.0222805177034478	EFEMP1	0.00669362530117454	0.00191751742375157
PLA2G7:Q13093:OID21105:v1	0.0146990500252581	0.083310983651414	0.0980100336766722	0.0959	0.193910033676672	0.0758034524905891	0.429637301751634	PLA2G7	0.00263055940224261	0.0619683909408947
ACVRL1:P37023:OID20999:v1	0.0738829429629646	0.00855415163713627	0.0824370946001008	0.1114	0.1938370946001	0.381159979287711	0.0441306224424384	ACVRL1	0.0441477578399847	0.0040793451193622
RGMB:Q6NW40:OID21045:v1	0.0252287805088392	0.00737110258565978	0.032599883094499	0.1609	0.193499883094499	0.130381373390899	0.0380935764289841	RGMB	0.00502454972059368	0.00530313581832103
CRYBB2:P43320:OID31081:v1	0	0.0735139135705428	0.0735139135705428	0.1199	0.193413913570542	0	0.380085962862906	CRYBB2	3.94467988378544e-06	0.0334451414977705
CD200:P41217:OID20603:v1	0.0417884466615523	0.0321187015210479	0.0739071481826003	0.1195	0.1934071481826	0.216064644219348	0.166067809917366	CD200	0.0235048819778871	0.0250513930712583
HS6ST1:O60243:OID21441:v1	0.0509927169975137	0.0505400343439263	0.10153275134144	0.0916	0.19313275134144	0.264029361376225	0.261685467601382	HS6ST1	0.0190430040327795	0.0497987746289661
AGT:P01019:OID30709:v1	0.16369684682451	0.00226406624345187	0.165960913067962	0.0269	0.192860913067962	0.848781871974365	0.0117393732479843	AGT	0.0776551767726252	0
CCDC80:Q76M96:OID20226:v1	0.00578678350666123	0.0398851819361842	0.0456719654428454	0.1471	0.192771965442845	0.0300188022328222	0.20690343559323	CCDC80	0.000497706975788002	0.0301354884670466
CILP:O75339:OID30399:v1	0.0432377250708098	0.0118414798801528	0.0550792049509626	0.1376	0.192679204950962	0.224402654566765	0.0614569687640476	CILP	0.0217504491397289	0.00610908770070476
ITGAV:P06756:OID21416:v1	0.0175111602358089	0.0199503341209853	0.0374614943567943	0.1552	0.192661494356794	0.0908908149719821	0.103551226920511	ITGAV	0.00125884787072012	0.00788474834239549
ADGRG2:Q8IZP9:OID20189:v1	0	0.0223022792846533	0.0223022792846533	0.1703	0.192602279284653	0	0.115794472253841	ADGRG2	0	0.0196077880275995
PGF:P49763:OID20673:v1	0.0192476124145241	0.00637672473345971	0.0256243371479838	0.1669	0.192524337147983	0.0999749574503376	0.0331216553082234	PGF	0.00229218340464323	0.00208431660707259
ERP44:Q9BS26:OID21338:v1	0.00368332765891128	0.100174397016326	0.103857724675237	0.0886	0.192457724675237	0.0191383726744494	0.520500786265478	ERP44	0	0.0679543397673106
CD84:Q9UIB8:OID20607:v1	0.00717144009838644	0.0502626202886864	0.0574340603870729	0.135	0.192434060387072	0.0372669998437979	0.261193991269452	CD84	0.000656954493046292	0.0255594150652872
GGT1:P19440:OID21075:v1	0.0518400968033821	0.0195798912263414	0.0714199880297235	0.1208	0.192219988029723	0.269691499488419	0.101861889739134	GGT1	0.0382805060849009	0.0159846988033476
SFRP1:Q8N474:OID20984:v1	0.0675843509490227	0.0107647203774909	0.0783490713265136	0.1136	0.191949071326513	0.352095222352281	0.0560811276819341	SFRP1	0.0616835271152525	0.0120182788206759
IFNAR1:P17181:OID31491:v1	0.128735190640003	0.0266540591707654	0.155389249810768	0.0363	0.191689249810768	0.67158273490604	0.13904827316648	IFNAR1	0	0.0930237138896048
CDH3:P22223:OID21008:v1	0.00953092491353659	0.012377483853983	0.0219084087675196	0.1697	0.191608408767519	0.0497416839628398	0.06459781140921	CDH3	0	0.00543251397572929
IL3RA:P26951:OID20461:v1	0	0.14638906456967	0.14638906456967	0.045	0.19138906456967	0	0.764876848626746	IL3RA	0	0.115285563585302
CCL5:P13501:OID20412:v1	0.0156590029537996	0.0304946678207366	0.0461536707745363	0.1452	0.191353670774536	0.0818327805806766	0.159362857776933	CCL5	0	0.0483716225394868
PBLD:P30039:OID20839:v1	0.130847378476831	0	0.130847378476831	0.0604	0.191247378476831	0.684178677474958	0	PBLD	0	0.102626440224571
CBLN4:Q9NTU7:OID21386:v1	0.0659699984257318	0.0128673965127961	0.078837394938528	0.1124	0.191237394938528	0.344963904402365	0.0672849393129011	CBLN4	0	0.0608301190696276
IL12RB1:P42701:OID20486:v1	0.0873929700547632	0.0555839004898039	0.142976870544567	0.0481	0.191076870544567	0.457370741972558	0.290898109914561	IL12RB1	0.0545215500531104	0.0342742472807331
CD5:P06127:OID21449:v1	0.0256292606381269	0.0257513827555246	0.0513806433936516	0.1392	0.190580643393651	0.134479872571259	0.135120662292729	CD5	0.00782374321894183	0.0276163746079205
CD40LG:P29965:OID20616:v1	0.0440337939857285	0.0374436063404109	0.0814774003261395	0.1089	0.190377400326139	0.231297380415392	0.196680941520713	CD40LG	0	0.026454321488047
LCAT:P04180:OID30677:v1	0.016141700242262	0.033422399715113	0.0495640999573751	0.1408	0.190364099957375	0.0847938253372161	0.17557091763939	LCAT	0.00766974499056589	0.0347300618635728
CD99L2:Q8TCZ2:OID21122:v1	0.0227902106621872	0.0356003934227874	0.0583906040849746	0.1319	0.190290604084974	0.119765296724846	0.187084347090989	CD99L2	0	0.0156172339909963
CXCL11:O14625:OID21042:v1	0.0425669677568711	0.0404563852906812	0.0830233530475523	0.1071	0.190123353047552	0.223891316214187	0.212790194587839	CXCL11	0.0280744376007262	0.0434421117119123
NPY:P01303:OID21388:v1	0.0183856159039035	0.0685244187667103	0.0869100346706138	0.103	0.189910034670613	0.0968122402578259	0.360825687202686	NPY	0.00390241214071973	0.0581245742353798
ADM:P35318:OID21467:v1	0.0209903793182247	0.00561416440957601	0.0266045437278008	0.1633	0.1899045437278	0.110531211661324	0.0295630862715063	ADM	0.00491922617851801	0.00348997203526293
ACE2:Q9BYF1:OID20105:v1	0.0243173077416234	0.0266904217939668	0.0510077295355902	0.1388	0.18980772953559	0.12811547665167	0.140618202742698	ACE2	0	0.0205972787529154
EGFR:P00533:OID20319:v1	0.0267309431162524	0.0140701894362421	0.0408011325524945	0.1489	0.189701132552494	0.140910825130974	0.0741702974933404	EGFR	0.00647196699465553	0.00834895322867375
UROD:P06132:OID30603:v1	0.0941899786268533	0.00942250440678435	0.103612483033637	0.086	0.189612483033637	0.496749882285671	0.0496934814418984	UROD	0.0653115522816964	0
IGSF3:O75054:OID21312:v1	0.0172418781773833	0.0203653417133928	0.0376072198907761	0.152	0.189607219890776	0.090934713284207	0.107408049783781	IGSF3	0.00201198397638672	0.0130739657141074
PTX3:P26022:OID20570:v1	0.00505801146499654	0.0793844939571567	0.0844425054221532	0.1051	0.189542505422153	0.0266853677687293	0.418821592446242	PTX3	0.000656225263188554	0.0487499475016202
VSNL1:P62760:OID31105:v1	0.0474614974944	0.0331502511593782	0.0806117486537782	0.1088	0.189411748653778	0.250573144652995	0.175016868779205	VSNL1	0.0304554869441998	0.0222371690260391
GHRL:Q9UBU3:OID20175:v1	0.035629519076144	0.0229446715054363	0.0585741905815803	0.1307	0.18927419058158	0.18824288175089	0.121224512623377	GHRL	0.0137594842193738	0.0312685947381337
BGN:P21810:OID21198:v1	0	0.0510686424827169	0.0510686424827169	0.1382	0.189268642482716	0	0.26982093712317	BGN	0	0.0354232943115875
CD14:P08571:OID20378:v1	0.0493809469551238	0.0193202505704933	0.0687011975256172	0.1201	0.188801197525617	0.261549966855605	0.102331186579851	CD14	0.0179836637673125	0.00384703497457985
CD4:P01730:OID20584:v1	0.0613915670037958	0.0228565043018668	0.0842480713056626	0.1041	0.188348071305662	0.325947415220227	0.121352473340562	CD4	0.0124997728936184	0.0218446401693689
DPEP2:Q9H4A9:OID21305:v1	0.0723690429371193	0.064260576558427	0.136629619495546	0.0517	0.188329619495546	0.384267982545521	0.341213329748943	DPEP2	0.0338099852426354	0.034995010615836
MYL3:P08590:OID30251:v1	0	0.0323527322791977	0.0323527322791977	0.1558	0.188152732279197	0	0.1719493088795	MYL3	0	0.0265147684892337
PI3:P19957:OID20326:v1	0.0448742015223486	0.00485653297193006	0.0497307344942787	0.1383	0.188030734494278	0.238653545884617	0.0258283997293954	PI3	0	0.0473832771597181
CD34:P28906:OID21025:v1	0.00498849476244418	0.0811153197643459	0.0861038145267901	0.1014	0.18750381452679	0.0266047641485791	0.432606237740066	CD34	0	0.0649896112355346
PHYKPL:Q8IUZ5:OID30634:v1	0.105702867287026	0	0.105702867287026	0.0818	0.187502867287026	0.563740004707332	0	PHYKPL	0.0229557395373496	0
TNFRSF1B:P20333:OID21145:v1	0.0124620148824351	0.0142355167603243	0.0266975316427594	0.1608	0.187497531642759	0.0664649543556611	0.0759237555588058	TNFRSF1B	0.00465034618529104	0.0149349895805565
IDO1:P14902:OID30230:v1	0.053019376268628	0.019499034188607	0.0725184104572351	0.1148	0.187318410457235	0.283044128653507	0.10409566332007	IDO1	0.0296812295176603	0.0231503889770884
ALDH3A1:P30838:OID20512:v1	0.13526918641847	0	0.13526918641847	0.0519	0.18716918641847	0.722710767765145	0	ALDH3A1	0.0903991257757163	0
CRLF1:O75462:OID20699:v1	0	0.0172150682101044	0.0172150682101044	0.1699	0.187115068210104	0	0.0920025756064405	CRLF1	0	0.0251218702710391
LIPF:P07098:OID30266:v1	0.0644282750439238	0.0233843910877968	0.0878126661317207	0.0993	0.18711266613172	0.34432877461416	0.124974923244026	LIPF	0	0.0763257377510281
APOC1:P02654:OID30749:v1	0.0641774878041961	0.0286951453494359	0.092872633153632	0.0941	0.186972633153632	0.343245354797258	0.153472435326177	APOC1	0.0344923064823153	0.0131508506102903
COL15A1:P39059:OID30396:v1	0.0471023153512709	0.00315833359180037	0.0502606489430713	0.1364	0.186660648943071	0.252341967190076	0.0169201897115637	COL15A1	0	0.0342850477083212
HGF:P14210:OID20656:v1	0.00674373825436505	0.0272599881780239	0.034003726432389	0.1526	0.186603726432389	0.0361393546811535	0.146084907837577	HGF	0.000101330226848924	0.026810185169242
CALCA:P01258:OID20983:v1	0.0114474642946176	0.0104114851750428	0.0218589494696604	0.1647	0.18655894946966	0.0613611104005455	0.0558080178122787	CALCA	0.00054265563749388	0.000215765584425336
ITGAM:P11215:OID21071:v1	0.0154768864102278	0.0372949949334351	0.052771881343663	0.1333	0.186071881343663	0.0831769222650196	0.200433266241628	ITGAM	0.00145773103232293	0.0328831460083322
GBP1:P32455:OID31128:v1	0.106895049555338	0.00657259055001632	0.113467640105354	0.0726	0.186067640105354	0.574495648436303	0.0353236626545852	GBP1	0.05790237707072	0.00513662115601575
SERPINA5:P05154:OID30763:v1	0.0544255090483258	0.0425234627393873	0.0969489717877132	0.0889	0.185848971787713	0.292848050353992	0.228806553678219	SERPINA5	0.0254787620885547	0.010523835651837
APOD:P05090:OID30746:v1	0.0419637487340587	0.0113660569052105	0.0533298056392693	0.1325	0.185829805639269	0.225818181263765	0.0611637991338923	APOD	0.0145273151080936	0.0103510479077635
MSTN:O14793:OID20115:v1	0.00401102336137157	0.00838180051782142	0.0123928238791929	0.1733	0.185692823879193	0.0216003143125285	0.0451379883332185	MSTN	0	0.0197217466413598
CFP:P27918:OID30784:v1	0.0163321809674726	0.0673572644450993	0.0836894454125719	0.1019	0.185589445412572	0.0880016691205989	0.362936934777523	CFP	0	0.0307446736083768
TMEM106A:Q96A25:OID31411:v1	0.00615345933933276	0.0523176754910852	0.058471134830418	0.1266	0.185071134830418	0.0332491576548186	0.282689548205474	TMEM106A	0	0.04595079674531
IL19:Q9UHD0:OID20158:v1	0.0504049320158671	0.0794402663800968	0.129845198395963	0.0552	0.185045198395963	0.272392542215602	0.429301960108733	IL19	0.0341733601410169	0.0587674682325951
EFNA1:P20827:OID21125:v1	0.0526757139089485	0.00646589623458022	0.0591416101435288	0.1257	0.184841610143528	0.284977575493126	0.0349807396157147	EFNA1	0.0295480392417397	0
ARHGEF10:O15013:OID30994:v1	0.0913669973100014	0.0125887117889046	0.103955709098906	0.0808	0.184755709098906	0.494528681985624	0.0681370651564842	ARHGEF10	0.0568493126419762	0.00507755047591227
PPY:P01298:OID21516:v1	0	0.059409162138903	0.059409162138903	0.1251	0.184509162138903	0	0.321984889260829	PPY	0	0.0399232630111536
NECTIN2:Q92692:OID20222:v1	0.0259703046338528	0.0233000841006822	0.0492703887345351	0.1351	0.184370388734535	0.140859412469136	0.126376498203465	NECTIN2	0.00758481209610133	0.0108256540634118
RARRES1:P49788:OID21177:v1	0.157911904083004	0	0.157911904083004	0.0263	0.184211904083004	0.857229639252035	0	RARRES1	0.103681945252565	0.00362744928979474
SLURP1:P55000:OID30404:v1	0.0992218118674806	0.00740254618800326	0.106624358055483	0.0774	0.184024358055483	0.539177600812849	0.0402259041478159	SLURP1	0	0.0564833980599428
NMI:Q13287:OID31378:v1	0.106485954188241	0.00506242974962983	0.11154838393787	0.0724	0.18394838393787	0.578890403430817	0.0275209253881767	NMI	0.0699916907382136	0.000806764324122973
SFRP4:Q6FHJ7:OID30648:v1	0.0321832983102134	0.0201203281575096	0.0523036264677231	0.1315	0.183803626467723	0.175096100815317	0.109466437328661	SFRP4	0.00768805988871978	0.0176964800387122
BMPER:Q8N8U9:OID30615:v1	0.0531491250020838	0.0070628416061492	0.060211966608233	0.1234	0.183611966608233	0.289464385050057	0.0384661290689128	BMPER	0.0373667484069542	0.00320509945162298
BGLAP:P02818:OID30389:v1	0.0105140861432973	0.023858825877745	0.0343729120210424	0.1488	0.183172912021042	0.0573997870497879	0.130253024939649	BGLAP	1.57542497031568e-05	0.00784452606136923
IDO1:P14902:OID31050:v1	0.0509640610901276	0.0197693559648737	0.0707334170550013	0.1124	0.183133417055001	0.278289248951333	0.107950565673856	IDO1	0.0296812295176603	0.0231503889770884
FAS:P25445:OID20316:v1	0.063095626355085	0.00796477183967242	0.0710603981947574	0.112	0.183060398194757	0.344671086577435	0.0435089834733054	FAS	0	0.0317384879766988
FABP3:P05413:OID30351:v1	0.0066981899097267	0.00469551863051687	0.0113937085402435	0.1713	0.182693708540243	0.0366634952196574	0.0257015891134671	FABP3	2.66475065297712e-05	0.000255879962618575
TFF3:Q07654:OID20371:v1	0.0300133738138498	0.0603413259610009	0.0903546997748507	0.0923	0.18265469977485	0.164317555753264	0.330357368495749	TFF3	0	0.0212637253806756
ADAMTSL2:Q86TH1:OID30370:v1	0.0118694405399062	0.0185108585551022	0.0303802990950084	0.152	0.182380299095008	0.0650807164962648	0.101495932658051	ADAMTSL2	0	0.0107743677663974
NOTCH1:P46531:OID20311:v1	0.0122154883173216	0.0478042898094043	0.0600197781267259	0.1223	0.182319778126725	0.0670003465495167	0.262200241249617	NOTCH1	0.0217003596225183	0.0171473000112493
ANGPTL2:Q9UKU9:OID20726:v1	0	0.0747259821782122	0.0747259821782122	0.1075	0.182225982178212	0	0.41007314810427	ANGPTL2	0	0.0651892239226677
TSHB:P01222:OID20129:v1	0	0.0674480803309859	0.0674480803309859	0.1144	0.181848080330985	0	0.370903449781939	TSHB	0	0.0707379920819106
ST6GAL1:P15907:OID20302:v1	0.0275863952397465	0.0123665070578556	0.0399529022976022	0.1418	0.181752902297602	0.15177966839053	0.0680402177985952	ST6GAL1	0	0.00373736203008921
ROBO4:Q8WZ75:OID30226:v1	0.00402193057908491	0.123870035408133	0.127891965987218	0.0536	0.181491965987218	0.0221603780487349	0.682509744904395	ROBO4	0.0029333040292315	0.121761438970918
IDO1:P14902:OID30563:v1	0.0510781368533106	0.0177432486312946	0.0688213854846052	0.1125	0.181321385484605	0.281699462624321	0.0978552451707416	IDO1	0.0296812295176603	0.0231503889770884
CES3:Q6UWW8:OID21340:v1	0.0586540965185714	0.0270606243210778	0.0857147208396492	0.0956	0.181314720839649	0.323493295232458	0.149246703167635	CES3	0.0211413016655105	0.0220178779524006
C1S:P09871:OID30731:v1	0.114438651427739	0.0211969781866097	0.135635629614348	0.0454	0.181035629614348	0.632133308075996	0.117087328233478	C1S	0.0819145416804503	0.0120925788863635
SCPEP1:Q9HB40:OID30278:v1	0.0804823141773365	0.0115453613900686	0.0920276755674052	0.089	0.181027675567405	0.444585690696609	0.063776775312843	SCPEP1	0	0.0554757229489438
THTPA:Q9BU02:OID31375:v1	0.0946161670313064	0.00319295193385185	0.0978091189651583	0.0828	0.180609118965158	0.523872590561493	0.0176787969076346	THTPA	0.0511759137502058	0.00100554688876316
IDO1:P14902:OID31474:v1	0.0529424542450742	0.0205719202898428	0.0735143745349171	0.107	0.180514374534917	0.293286639257825	0.113962781871776	IDO1	0.0296812295176603	0.0231503889770884
ST3GAL1:Q11201:OID21322:v1	0.0388335301868026	0.0357485978973663	0.0745821280841689	0.1059	0.180482128084168	0.215165515827098	0.198072785803449	ST3GAL1	0.0210854193443074	0.0167172436938825
IL1RN:P18510:OID20700:v1	0.0401541609234055	0.00148211118728307	0.0416362721106886	0.1386	0.180236272110688	0.222786237493558	0.00822315713661044	IL1RN	0.0300866545705234	0.00120301700605071
MB:P02144:OID20263:v1	0	0.0136480256190971	0.0136480256190971	0.1664	0.180048025619097	0	0.0758021398577864	MB	-0.000118711974962925	0.00707782551094574
SPARC:P09486:OID21511:v1	0.00822082245366011	0.0475377308846092	0.0557585533382693	0.1241	0.179858553338269	0.0457071532105497	0.264306200635354	SPARC	0.00024570586030273	0.0587876655968244
PSAP:P07602:OID30419:v1	0.0439482324749647	0.0267883854212397	0.0707366178962044	0.109	0.179736617896204	0.244514629180038	0.149042447414414	PSAP	0	0.0450784155983668
CD63:P08962:OID20988:v1	0.00579490538719782	0.0579584759176882	0.063753381304886	0.1157	0.179453381304886	0.0322919821574855	0.322972325716273	CD63	0.000487091516318036	0.0583193758468111
GSN:P06396:OID30714:v1	0.038110013999396	0.0099797932071791	0.0480898072065751	0.1313	0.179389807206575	0.212442471469466	0.0556318854598407	GSN	0	0.0261016972486718
LYVE1:Q9Y5Y7:OID30728:v1	0.0199390816942175	0.0905783821862608	0.110517463880478	0.0687	0.179217463880478	0.111256354500781	0.505410467401035	LYVE1	0.012203110414607	0.0883677672005063
RSPO3:Q9BXY4:OID21415:v1	0.0182067701200229	0.016570913401806	0.034777683521829	0.1444	0.179177683521829	0.101612933944448	0.0924831322522776	RSPO3	0.00477367155823005	0.0041238440910716
APCS:P02743:OID30778:v1	0.0260657845901076	0.00773159623954103	0.0337973808296486	0.1451	0.178897380829648	0.14570243828739	0.0432180516209082	APCS	0.0072104858458986	0.00581152786607621
F2R:P25116:OID20691:v1	0.0142110902588779	0.024490908381947	0.0387019986408249	0.1399	0.178601998640824	0.0795684839308934	0.13712561207783	F2R	0.00502341815515431	0.017474143152599
STC2:O76061:OID21157:v1	0.00687605483894307	0.0130856754404922	0.0199617302794353	0.1585	0.178461730279435	0.0385295762188148	0.0733248266729384	STC2	0.00270261968763811	0.00739908613584676
PTPRF:P10586:OID20310:v1	0.00278588507551222	0.0581976915147905	0.0609835765903027	0.1174	0.178383576590302	0.0156173854609419	0.326250278345155	PTPRF	0.000355633842375853	0.0577805925076321
CCL7:P80098:OID20523:v1	0.0114666160806665	0.0570871850315142	0.0685538011121807	0.1097	0.17825380111218	0.0643274702088972	0.320257883284	CCL7	0	0.0259672775699927
EPHA2:P29317:OID21342:v1	0.0165817235377895	0.0127369249867328	0.0293186485245224	0.1489	0.178218648524522	0.0930414615702126	0.0714679697785962	EPHA2	0.00553062950660402	0.00842918907264188
CD59:P13987:OID20339:v1	0.0341761394951488	0.0065456798979574	0.0407218193931062	0.1374	0.178121819393106	0.191869472317278	0.0367483327997644	CD59	0.00863189339711583	0.00596607027932384
CCL11:P51671:OID20668:v1	0.0084596628084025	0.0603840893044866	0.0688437521128891	0.1091	0.177943752112889	0.047541218547733	0.339343689157338	CCL11	0	0.0535914311316329
NCS1:P62166:OID21458:v1	0.0104798923317037	0.0318396017535603	0.0423194940852641	0.1354	0.177719494085264	0.0589687270135704	0.179156495563084	NCS1	0	0.0290180656264101
TFF2:Q03403:OID20787:v1	0.0165719713054097	0.0379403165344331	0.0545122878398429	0.1229	0.177412287839842	0.0934093771473704	0.213853938734409	TFF2	0	0.0440943670182643
VEGFB:P49765:OID30554:v1	0.0160473066769237	0.0219007682034402	0.037948074880364	0.1393	0.177248074880364	0.0905358587829804	0.123559977834582	VEGFB	0.00746104719404572	0.01576393276052
RAB6A:P20340:OID20608:v1	0.00123440879173046	0.127900254342163	0.129134663133893	0.0481	0.177234663133893	0.00696482713879687	0.721643566109524	RAB6A	0	0.0847420844270216
B4GALT1:P15291:OID20780:v1	0.027504153068812	0.0672159835018571	0.0947201365706691	0.0825	0.177220136570669	0.155197674491376	0.379279605594106	B4GALT1	0.00891546391621807	0.0314900362899498
SLITRK1:Q96PX8:OID30510:v1	0.00744129053212179	0.00960326406522672	0.0170445545973485	0.1599	0.176944554597348	0.0420543630124987	0.0542727301616018	SLITRK1	0.00232498117675547	0.0111351451363827
MRI1:Q9BV20:OID30891:v1	0.157515477679227	0.00148203704338312	0.15899751472261	0.0179	0.17689751472261	0.890433525458084	0.0083779415765511	MRI1	0.124255395830176	0
CFI:P05156:OID30772:v1	0.0452969061599427	0.00568441151924739	0.0509813176791901	0.1257	0.17668131767919	0.25637632068259	0.0321732461242387	CFI	0.0119360863870205	0
VEGFC:P49767:OID21524:v1	0.0119138554707668	0.0425794292485882	0.0544932847193551	0.122	0.176493284719355	0.0675031658553542	0.24125240411438	VEGFC	0.00202313500685833	0.0531286820622091
LEP:P41159:OID20187:v1	0	0.00105853414408579	0.00105853414408579	0.1752	0.176258534144085	0	0.00600557669009365	LEP	6.83741777980074e-06	4.63703761682656e-05
JAM3:Q9BX67:OID30586:v1	0.0110052838953089	0.0566096021073376	0.0676148860026466	0.108	0.175614886002646	0.0626671471070118	0.322350817723302	JAM3	0.000961312926695516	0.0340761712980781
ARHGEF5:Q12774:OID30871:v1	0.158594533400456	0.00154473088064374	0.160139264281099	0.0154	0.175539264281099	0.903470423269466	0.00879991657120136	ARHGEF5	0.0853749580694538	0.000692193421564049
CYB5R2:Q6BCY4:OID31512:v1	0.0706262220918086	0.00399425375396	0.0746204758457687	0.1009	0.175520475845768	0.402381669440484	0.0227566256000228	CYB5R2	0.0316856532694466	0
KLK6:Q92876:OID21526:v1	0.0250895690136878	0.00341345321795494	0.0285030222316427	0.1468	0.175303022231642	0.143121143573525	0.0194717305754401	KLK6	0.000971381749365814	0.000417384295559722
STC1:P52823:OID21014:v1	0.00325410011146141	0.0256858857911349	0.0289399859025963	0.1459	0.174839985902596	0.0186118758512957	0.14691082053418	STC1	0	0.0128086139158532
TIMP4:Q99727:OID21147:v1	0.0807382100904197	0.010063878137282	0.0908020882277018	0.0839	0.174702088227701	0.462147939440699	0.0576059407152883	TIMP4	0.056788740695357	0.019255255815142
LEPR:P48357:OID20128:v1	0.0417967445984946	0.0279676736180195	0.0697644182165141	0.1049	0.174664418216514	0.23929741973367	0.16012233002918	LEPR	0.026684990589713	0.0255411563815659
PTGDS:P41222:OID20408:v1	0.0249008851523527	0.0025085337251483	0.027409418877501	0.1468	0.174209418877501	0.142936503162681	0.0143995298377766	PTGDS	0	0.0105302465885873
FSTL3:O95633:OID20782:v1	0.00871953886735707	0.00196994525124806	0.0106894841186051	0.1635	0.174189484118605	0.0500577799600116	0.0113092088263303	FSTL3	0.000984429400844618	0.00244965133633859
GP6:Q9HCN6:OID21091:v1	0.0549837907944073	0.00969242287801795	0.0646762136724252	0.1094	0.174076213672425	0.315860447756953	0.0556791917375744	GP6	0.0267578797441866	0.00160150389133588
CA9:Q16790:OID21417:v1	0.0249761141886415	0.0243968115680405	0.049372925756682	0.1245	0.173872925756682	0.143645792350633	0.140314033722429	CA9	0.00852019395730129	0.0304725435659172
GNPDA2:Q8TDQ7:OID30597:v1	0.0627061480605253	0.0250244951068588	0.0877306431673841	0.0857	0.173430643167384	0.36156325615425	0.144291081724852	GNPDA2	0.0369578499546058	0.00829075579423402
POMC:P01189:OID30282:v1	0.0056992295347998	0.0484700660777581	0.054169295612558	0.119	0.173169295612558	0.0329113167241323	0.279899885867776	POMC	0	0.0368549649968471
HBQ1:P09105:OID21433:v1	0.134009471902168	0.0038724973408088	0.137881969242976	0.0345	0.172381969242976	0.777398427983371	0.0224646310621409	HBQ1	0.0647366236615999	0.000229660491610544
CDHR2:Q9BYE9:OID21282:v1	0.0079910777598276	0.0138564828965573	0.0218475606563849	0.1503	0.172147560656384	0.0464199302584263	0.080491892209937	CDHR2	0.00169773606955673	0.0131984186625412
MFAP4:P55083:OID30598:v1	0.0348123021097138	0.0219290232610205	0.0567413253707343	0.1153	0.172041325370734	0.202348488275687	0.127463696375073	MFAP4	0.0152976154683731	0.0128403852063611
GSTA1:P08263:OID20166:v1	0.0567105042249152	0.0145283929381461	0.0712388971630613	0.1007	0.171938897163061	0.329829405449383	0.0844974184309668	GSTA1	0.0388694652805964	0.010688544578153
GP1BB:P13224:OID30174:v1	0.00805629566506279	0.0654812011153681	0.0735374967804309	0.0982	0.17173749678043	0.0469105222569005	0.381286570160544	GP1BB	0	0.0628110378265034
COL6A3:P12111:OID20292:v1	0.00581756704731216	0.00389527965490164	0.00971284670221381	0.162	0.171712846702213	0.0338796261260582	0.0226848469972481	COL6A3	0	8.03066030559708e-05
CTHRC1:Q96CG8:OID30393:v1	0.0173219529632842	0.00255943002909764	0.0198813829923818	0.1518	0.171681382992381	0.100895930946996	0.0149080231326608	CTHRC1	0	0.00444882422189125
CKB:P12277:OID30400:v1	0	0.00834377180013076	0.00834377180013076	0.1631	0.17144377180013	0	0.0486676868603774	CKB	0	0.0119195483685481
APOF:Q13790:OID30701:v1	0.0224702177392253	0.0185705152767409	0.0410407330159663	0.1302	0.171240733015966	0.131220051114417	0.108446833587248	APOF	0.101684882261869	-0.00100847820510522
WFDC2:Q14508:OID21505:v1	0.00756752310749828	0.00360665604348489	0.0111741791509831	0.1599	0.171074179150983	0.044235331977361	0.0210824103402641	WFDC2	0	0.00505717018420242
MMP9:P14780:OID21103:v1	0.0100217258140896	0.043979349121257	0.0540010749353467	0.1164	0.170401074935346	0.0588125739106523	0.258093143707829	MMP9	0	0.0336500859409529
CCN5:O76076:OID21068:v1	0.0525370621313599	0.00107976820592969	0.0536168303372896	0.1167	0.170316830337289	0.308466650226623	0.00633976221722399	CCN5	0	0.0323854613154876
HPSE:Q9Y251:OID30409:v1	0.0191662591062695	0.0320302449845202	0.0511965040907898	0.1191	0.170296504090789	0.112546403747968	0.188085158621013	HPSE	0.00530244645397955	0.0225448881111405
CHRDL2:Q6WN34:OID20223:v1	0.0593107116733068	0.0123970830758637	0.0717077947491705	0.0985	0.17020779474917	0.34846060816845	0.0728349902784001	CHRDL2	0.0152770047525632	0.00467355662633438
FLT1:P17948:OID21301:v1	0.00372586065717542	0.0926797584803243	0.0964056191374997	0.0738	0.170205619137499	0.0218903504834673	0.544516443992683	FLT1	0	0.0618309790758241
CAPS:Q13938:OID31126:v1	0.0311097562509147	0.032413969182299	0.0635237254332137	0.1066	0.170123725433213	0.182865477297154	0.190531738590594	CAPS	3.64156839190972e-05	0.0343430628666229
ACY1:Q03154:OID20137:v1	0.0295911181484091	0.00462018950450382	0.0342113076529129	0.1357	0.169911307652912	0.174156261623602	0.0271917718033324	ACY1	9.14434008106242e-05	0.00549390585848904
SAA4:P35542:OID30726:v1	0.147102290313422	0.00205261901220282	0.149154909325625	0.02	0.169154909325625	0.869630629698418	0.0121345518163561	SAA4	0.0220003497210497	0.000236910915461862
TTR:P02766:OID30782:v1	0.0118155411107987	0.0222531922680277	0.0340687333788264	0.1349	0.168968733378826	0.0699273816790018	0.131700059668058	TTR	0	0.0140667111379203
PZP:P20742:OID30730:v1	0.0891486088935623	0.0037174896187464	0.0928660985123087	0.0758	0.168666098512308	0.528550845012025	0.0220405265286616	PZP	0.0632488084292851	2.70795192075302e-06
HSPB6:O14558:OID21408:v1	0	0.0105538305016287	0.0105538305016287	0.1581	0.168653830501628	0	0.0625768799335207	HSPB6	0	0.0089668948373421
FGA:P02671:OID30788:v1	0.0238768495881022	0.00451872695416474	0.028395576542267	0.1401	0.168495576542267	0.141706091507469	0.0268180746752792	FGA	0.00426725072157464	0.00319614063691092
APOA2:P02652:OID30686:v1	0.00219189297474951	0.0317380920585702	0.0339299850333197	0.1345	0.168429985033319	0.0130136743425816	0.188434927737431	APOA2	0	0.0152812541201186
IGFBP6:P24592:OID20413:v1	0.00497955728216564	0.00409547013023464	0.00907502741240029	0.1591	0.1681750274124	0.0296093739884146	0.0243524273089113	IGFBP6	0.00470576367720783	0
LY96:Q9Y6Y9:OID20945:v1	0.00565956700731146	0.0391672495422131	0.0448268165495246	0.1229	0.167726816549524	0.033742767696544	0.233518112058415	LY96	0	0.0383966214457723
CDHR1:Q96JP9:OID20808:v1	0.061914428027537	0.00804558712950385	0.0699600151570408	0.0973	0.16726001515704	0.370168733808886	0.048102274305965	CDHR1	0	0.0365930420835105
SPRR3:Q9UBC9:OID31131:v1	0.0425136761607485	0.00557034701887776	0.0480840231796263	0.1191	0.167184023179626	0.254292697066339	0.03331865637001	SPRR3	0.0215278411240719	0.000299948399976816
LHPP:Q9H008:OID20749:v1	0.140975267938307	0	0.140975267938307	0.0261	0.167075267938307	0.843782982831202	0	LHPP	0	0.109943080053549
NAGA:P17050:OID30509:v1	0.0324612789299905	0.0335092844006447	0.0659705633306353	0.101	0.166970563330635	0.19441318447079	0.200689772689391	NAGA	0	0.017909432267664
ERN1:O75460:OID31391:v1	0.0286595289773339	0.0414579370139142	0.0701174659912482	0.0967	0.166817465991248	0.171801728356415	0.248522759697652	ERN1	0.00460529648017772	0.0413345433292651
HRC:P23327:OID30211:v1	0.0160802323239594	0.0149832226615161	0.0310634549854755	0.1356	0.166663454985475	0.0964832531844539	0.0899010683705187	HRC	0.00822716644927655	0.0124880364225057
TIMP1:P01033:OID20418:v1	0.00722796693960844	0.0177719663131736	0.0249999332527821	0.1413	0.166299933252782	0.043463438608972	0.106866947962989	TIMP1	0	0.0189106170357344
DIPK2B:Q9H7Y0:OID30582:v1	0.0194671818120334	0.0358633972459989	0.0553305790580324	0.1108	0.166130579058032	0.117180003358883	0.21587475014742	DIPK2B	0	0.0323818993466221
YAP1:P46937:OID31113:v1	0.00200527225339033	0.0291077492350587	0.031113021488449	0.135	0.166113021488449	0.0120717342651537	0.175228582167971	YAP1	3.83788443057532e-06	0.0168816254803906
PROK1:P58294:OID20543:v1	0.0942342598382672	0.00236350077927405	0.0965977606175412	0.0691	0.165697760617541	0.568711728432926	0.0142639271071949	PROK1	0.0597171126386566	0.00159471796007221
SEMA3F:Q13275:OID20186:v1	0.024342864808678	0.0162427149901875	0.0405855797988655	0.1251	0.165685579798865	0.14692204860694	0.0980333654256779	SEMA3F	0.00726568015979915	0.0178121805401057
ITGA6:P23229:OID20528:v1	0.0327562374676622	0.0363601390571658	0.069116376524828	0.096	0.165116376524828	0.198382729545526	0.2202091629094	ITGA6	0.00883024707458287	0.0268210220511889
CRIM1:Q9NZV1:OID20701:v1	0.0222898446163492	0.0199949019117373	0.0422847465280866	0.1228	0.165084746528086	0.135020618713292	0.121119015125576	CRIM1	0.00575151845326984	0.00927640062460134
ITGB1:P05556:OID20376:v1	0	0.0398497301842088	0.0398497301842088	0.125	0.164849730184208	0	0.241733669443555	ITGB1	0	0.0164017053623446
SERPINA7:P05543:OID30724:v1	0.0943991187655955	0.0080936000827641	0.102492718848359	0.0623	0.164792718848359	0.572835495556454	0.0491138209219774	SERPINA7	0	4.21418885602154e-06
OSM:P13725:OID20574:v1	0.00176152814919079	0.0467748233291399	0.0485363514783307	0.116	0.16453635147833	0.0107060119746412	0.284282609337548	OSM	0.000216377948353466	0.0174826881745933
PLXNB3:Q9ULL4:OID20160:v1	0.0109783913105764	0.0123032916355407	0.0232816829461171	0.1412	0.164481682946117	0.0667453731864654	0.0748003754288626	PLXNB3	0	0.00328567644542918
LGALS1:P09382:OID20154:v1	0.063658858150576	0.00161456513106894	0.0652734232816449	0.0989	0.164173423281644	0.387753735520073	0.00983450974460772	LGALS1	0.0278114519531415	0
DXO:O77932:OID31080:v1	0.0837227052950306	0.00328138016692572	0.0870040854619563	0.0771	0.164104085461956	0.510180505618428	0.0199957250161601	DXO	0.0618501790620896	0.000742774052898894
PTPRC:P08575:OID30380:v1	0.0333129438754919	0.0610769719807435	0.0943899158562355	0.0697	0.164089915856235	0.203016399281224	0.372216486686817	PTPRC	0.017728149054169	0.0419505106684355
IFNLR1:Q8IU57:OID20506:v1	0.0831056975862706	0.00467690185254848	0.0877825994388191	0.0761	0.163882599438819	0.507105073210019	0.028538123440582	IFNLR1	0.0192430083597217	0.00106738335893559
FXYD5:Q96DB9:OID20463:v1	0.0595993190971066	0.00445157437132559	0.0640508934684322	0.0998	0.163850893468432	0.363741190758835	0.0271684473431525	FXYD5	0.0449082831197568	0.000697579153962817
CD93:Q9NPY3:OID20397:v1	0	0.0102010423742292	0.0102010423742292	0.1535	0.163701042374229	0	0.0623150728075944	CD93	0	0.00583267457027602
AGRP:O00253:OID20658:v1	0.00759769486701264	0.0372614838210215	0.0448591786880342	0.1188	0.163659178688034	0.0464238848558277	0.227677323812366	AGRP	8.84765200972854e-05	0.0365637680832823
CD46:P15529:OID20380:v1	0.00742336342356976	0.0152514085020732	0.022674771925643	0.1404	0.163074771925643	0.0455212252386566	0.0935240216618388	CD46	0	0
F11R:Q9Y624:OID21151:v1	0.00157142809287813	0.0169828042522389	0.018554232345117	0.1441	0.162654232345117	0.00966115710745171	0.104410466345598	F11R	0	0.000280059564420134
SPP1:P10451:OID20322:v1	0.0195537780023206	0.0171684061408185	0.0367221841431392	0.1259	0.162622184143139	0.120240532405526	0.105572349991972	SPP1	0.00103949297533335	0.0163714393344981
PF4:P02776:OID30764:v1	0.00437419106264694	0.0424259516963025	0.0468001427589495	0.1158	0.162600142758949	0.0269015204318213	0.26092198307106	PF4	0.00103675005231719	0.0394059299601819
TNFRSF14:Q92956:OID20783:v1	0.00906298233874897	0.00913825778265595	0.0182012401214049	0.1432	0.161401240121404	0.0561518754870275	0.0566182625101406	TNFRSF14	0	0.00167412493141096
QDPR:P09417:OID20174:v1	0.0790318443887215	0.00159175182065	0.0806235962093715	0.0806	0.161223596209371	0.490200232762997	0.0098729457602651	QDPR	0.0427566978017619	0
ROBO2:Q9HCK4:OID21007:v1	0.0143036169808017	0.0109493962506263	0.0252530132314281	0.1358	0.161053013231428	0.0888130975869909	0.0679862861981504	ROBO2	0.00578804939494276	0.0112678739965328
TMEM25:Q86YD3:OID31015:v1	0.115227118122053	0.00250165311524716	0.117728771237301	0.0431	0.160828771237301	0.716458362739323	0.0155547611040067	TMEM25	0.0402413625634793	0.000714001390752944
CCL19:Q99731:OID21030:v1	0.00251910278148274	0.0689356959958459	0.0714547987773286	0.0891	0.160554798777328	0.015689987472604	0.429359299882726	CCL19	0	0.0596923510035172
CLC:Q05315:OID20126:v1	0.00622585822688655	0.0381304097284425	0.0443562679553291	0.1155	0.159856267955329	0.038946600633929	0.238529337736684	CLC	0	0.036785771635481
SNX15:Q9NRS6:OID30644:v1	0.115628450624079	0.0039274794020199	0.119555930026099	0.0403	0.159855930026099	0.72332912895506	0.0245688689895874	SNX15	0.0601816906340606	0
CDON:Q4KMG0:OID20754:v1	0.029201178549542	0.00787054555389474	0.0370717241034368	0.1226	0.159671724103436	0.182882590599605	0.049292043397716	CDON	0.00588275728706861	0.00545582358721588
SMAD3:P84022:OID31418:v1	0.0480157280443005	0.0169153081515352	0.0649310361958358	0.0947	0.159631036195835	0.30079193362746	0.105965033834545	SMAD3	0.0333410039017693	0.00749689837163731
IL17D:Q8TAD2:OID20481:v1	0.0854093466427894	0.00549956846611171	0.0909089151089011	0.0686	0.159508915108901	0.535451868533355	0.0344781259552609	IL17D	0.0566581744029665	0.000878205596162407
B2M:P61769:OID30725:v1	0	0.0468376909338406	0.0468376909338406	0.1126	0.15943769093384	0	0.293767995882957	B2M	0	0.0229396238848054
MAMDC4:Q6UXC1:OID31342:v1	0.0559384381132957	0.030557078695741	0.0864955168090368	0.0729	0.159395516809036	0.350941100685489	0.191706010981161	MAMDC4	0	0.0651622677523157
COL18A1:P39060:OID20332:v1	0.0412997702741452	0.00726328095216871	0.0485630512263139	0.1106	0.159163051226313	0.259480890545514	0.0456342153295431	COL18A1	0	0.0330131229918035
CXCL17:Q6UXB2:OID20622:v1	0.0038368789873939	0.00929635486572963	0.0131332338531235	0.146	0.159133233853123	0.0241111105109273	0.0584186887970237	CXCL17	0.000159863012649201	0.0124942106561909
ITIH4:Q14624:OID30762:v1	0.0576788871965501	0.0155071631205723	0.0731860503171225	0.0859	0.159086050317122	0.362564078255591	0.097476573776647	ITIH4	0.0367537156260627	0.000541889151066861
IGSF8:Q969P0:OID20167:v1	0.00878644885453241	0.0115501925954178	0.0203366414499502	0.1387	0.15903664144995	0.0552479527637507	0.0726259841135588	IGSF8	0	0.00109841401437252
ITPR1:Q14643:OID30216:v1	0.00759232328846278	0.0323959504299765	0.0399882737184393	0.119	0.158988273718439	0.0477539827994386	0.203763143484079	ITPR1	0.00311465608373449	0.027919099323283
GP5:P40197:OID30611:v1	0.0083081543727421	0.0143555417441524	0.0226636961168945	0.1363	0.158963696116894	0.0522644765798139	0.090307045538222	GP5	0.000948436516966554	0
EFNA4:P52798:OID20935:v1	0.011407108759748	0.00885303888434556	0.0202601476440936	0.1386	0.158860147644093	0.0718059811029779	0.0557285072161691	EFNA4	0	0.00464781161440683
LRTM2:Q8N967:OID31020:v1	0.0125096541607491	0.015907604631341	0.0284172587920901	0.1303	0.15871725879209	0.0788172266579779	0.100226054509793	LRTM2	0.000343494859110258	0.00879324675722718
LACRT:Q9GZZ8:OID31367:v1	0.00243570768365494	0.0335449589380603	0.0359806666217152	0.1222	0.158180666621715	0.0153982641221247	0.212067376212809	LACRT	5.67271248658826e-05	0.0145581127817156
MDK:P21741:OID21489:v1	0.0174910345303439	0.0258429105866367	0.0433339451169806	0.1147	0.15803394511698	0.110678971643697	0.163527592553025	MDK	0	0.020761200521933
VSIG2:Q96IQ7:OID31371:v1	0.0310185843495867	0.0301788318153868	0.0611974161649736	0.0967	0.157897416164973	0.196447700684209	0.191129358214801	VSIG2	0.014275831866578	0.0195274001246969
ITGB5:P18084:OID21522:v1	0.0113434928494881	0.0407522646868161	0.0520957575363043	0.1057	0.157795757536304	0.0718871852234578	0.258259571252669	ITGB5	0.00282151689743939	0.0375857920135417
REG4:Q9BYZ8:OID20784:v1	0.0328906923530934	0.00133766226669587	0.0342283546197892	0.1235	0.157728354619789	0.20852745489153	0.00848079769753743	REG4	0.00772569110348434	0.00579166582528781
DTX3:Q8N9I9:OID21349:v1	0.00616445772028143	0.0378586323119519	0.0440230900322334	0.1137	0.157723090032233	0.0390840536982988	0.240032276214059	DTX3	0	0.0226820820134779
FGF21:Q9NSA1:OID21402:v1	0.00929846668306502	0.0217017202561677	0.0310001869392327	0.1263	0.157300186939232	0.059112877511437	0.137963728323803	FGF21	0.000216073319732066	0.0117408717363658
PROS1:P07225:OID30737:v1	0.0179583360149267	0.0308233771588799	0.0487817131738067	0.1077	0.156481713173806	0.114763160823655	0.196977503209234	PROS1	0.00509084504592228	0.0211514763767682
ZFYVE19:Q96K21:OID31452:v1	0.0717570318159975	0.00696048994425835	0.0787175217602559	0.0776	0.156317521760255	0.459046631548133	0.0445278933921025	ZFYVE19	0.0469820900437512	0.00173433847702276
CCL26:Q9Y258:OID20546:v1	0.0366782268161586	0.0311351561854762	0.0678133830016348	0.0885	0.156313383001634	0.234645467405532	0.199184200275101	CCL26	0.0125177736357993	0.0282036140528571
BCAT1:P54687:OID30312:v1	0.111629998022404	0.00758432712944157	0.119214325151846	0.0369	0.156114325151846	0.715052881366438	0.0485818781976899	BCAT1	0.0820665799871591	0.000456664657721779
CANT1:Q8WVQ1:OID20181:v1	0.015879045361614	0.0161942036878123	0.0320732490494264	0.1239	0.155973249049426	0.101806210093002	0.10382680226582	CANT1	0	0.00885912596922505
MMP7:P09237:OID20087:v1	0.069379993898927	0.0142839519439864	0.0836639458429135	0.0722	0.155863945842913	0.445131768759731	0.0916437208537144	MMP7	0.0264165275571566	0.00370356261036109
PLXDC1:Q8IUK5:OID21258:v1	0.10556528857464	0.0169405883782297	0.122505876952869	0.0332	0.155705876952869	0.677978831888236	0.108798644661032	PLXDC1	0	0.0463826661508935
MUC13:Q9H3R2:OID20866:v1	0.0430908641747239	0.0249720152585914	0.0680628794333153	0.0874	0.155462879433315	0.27717783390991	0.160630083204544	MUC13	0.0128926168667779	0.0209372577496698
SUSD4:Q5VX71:OID31398:v1	0.086897412942804	0.00399436182689816	0.0908917747697021	0.0645	0.155391774769702	0.55921501039286	0.0257051046158523	SUSD4	0.0176699911145715	0.0019964734866058
RIDA:P52758:OID30635:v1	0.0542984328611312	0.00359126215480753	0.0578896950159388	0.0975	0.155389695015938	0.349433936758558	0.0231113276491029	RIDA	0.0018078609186511	0.025382042352313
EGF:P01133:OID20698:v1	0.0100291749994043	0.0287185768461826	0.0387477518455869	0.1166	0.155347751845586	0.0645595116778589	0.184866382068589	EGF	0.000985611557072937	0.0172534189349671
ACE:P12821:OID30696:v1	0.113337755780924	0.0292041841638599	0.142541939944784	0.0127	0.155241939944784	0.730071756519119	0.188120453623854	ACE	0	0.125320319976238
CLEC1B:Q9P126:OID21061:v1	0.0136053191858546	0.0227465859468526	0.0363519051327073	0.1184	0.154751905132707	0.0879169737793369	0.146987437261895	CLEC1B	0.00718548527005054	0.0159821161332054
MYBPC1:Q00872:OID30296:v1	0	0.0221272770899921	0.0221272770899921	0.1326	0.154727277089992	0	0.143008249780822	MYBPC1	0	0.0101467124378793
GSTA3:Q16772:OID21242:v1	0.0555050685600747	0.00647114950539953	0.0619762180654742	0.0927	0.154676218065474	0.358846817269475	0.0418367450816537	GSTA3	0.0406499998496837	0.0040828521689361
JAM2:P57087:OID21064:v1	0.00455441894602319	0.0259244818567125	0.0304789008027357	0.1239	0.154378900802735	0.0295015635060311	0.167927623023036	JAM2	0	0.0130198013382811
IGFBP2:P18065:OID20325:v1	0.00354306893311982	0.00687027102300464	0.0104133399561244	0.1439	0.154313339956124	0.0229602245283992	0.044521562587901	IGFBP2	0	0.00436824730502289
CCL22:O00626:OID20765:v1	0.0313256528414246	0.0264197956466248	0.0577454484880494	0.0957	0.153445448488049	0.204148465465004	0.17217712162171	CCL22	0.0186455856945937	0.0170599646575739
FBP1:P09467:OID20227:v1	0.0628309450897675	0.00958920099480339	0.0724201460845709	0.0809	0.15332014608457	0.409802277745745	0.0625436463484324	FBP1	0	0.049411076129555
PYY:P10082:OID30150:v1	0.0305158981178432	0.029261790601376	0.0597776887192193	0.0935	0.153277688719219	0.199088976176719	0.190907044892744	PYY	0	0.0237808418975925
INSL5:Q9Y5Q6:OID31448:v1	0.019091436963218	0.0121261798487727	0.0312176168119907	0.122	0.15321761681199	0.12460340632138	0.0791435090891176	INSL5	0	0.0133032543493528
FABP4:P15090:OID20245:v1	0.00559841008700107	0.00234747643117283	0.0079458865181739	0.1452	0.153145886518173	0.0365560591556385	0.0153283675098531	FABP4	0.000123174561024292	0
EFCAB2:Q5VUJ9:OID31313:v1	0.0848560866464217	0.00886914654319455	0.0937252331896163	0.0593	0.153025233189616	0.554523491830102	0.0579587193453555	EFCAB2	0.0520517578698882	0.00181136064784773
EPS8L2:Q9H6S3:OID21397:v1	0.0571473554788743	0.0045931037085426	0.0617404591874169	0.0912	0.152940459187416	0.373657538250519	0.0300319727882737	EPS8L2	0.0373003157244207	0.000845393172479124
FN1:P02751:OID30787:v1	0.0881940438386939	0.00361589417810001	0.0918099380167939	0.0611	0.152909938016793	0.576771169896149	0.0236472149880989	FN1	0.0640548325056288	0.000674386077065028
DNM1:Q05193:OID31458:v1	0.0490825642643632	0.00445951635107842	0.0535420806154416	0.0992	0.152742080615441	0.321342776441145	0.0291963834269492	DNM1	0	0.0266980970780569
CETN3:O15182:OID31525:v1	0.0124657300207943	0.0253576012310896	0.037823331251884	0.1149	0.152723331251884	0.0816229577931014	0.166036197765145	CETN3	0.00572909011110619	0.0252137185231814
HSPG2:P98160:OID20383:v1	0.0235741932252378	0.00453460627298162	0.0281087994982194	0.1246	0.152708799498219	0.154373508944471	0.0296944661203658	HSPG2	0.00594591499523788	0.000362110855826919
CCS:O14618:OID20973:v1	0.123389299953917	0	0.123389299953917	0.0292	0.152589299953917	0.808636647465985	0	CCS	0.0929420876845487	1.99232180342832e-05
PLXDC2:Q6UX71:OID31101:v1	0.0113814603568443	0.0816614892797391	0.0930429496365834	0.0592	0.152242949636583	0.0747585381392885	0.53638930061899	PLXDC2	1.15054562784531e-05	0.0542875594240603
CXCL8:P10145:OID20631:v1	0.0055026876792109	0.0362738804763841	0.041776568155595	0.1104	0.152176568155595	0.0361598881214393	0.238367055559403	CXCL8	0.00109601232361223	0.0131955784299878
NTproBNP:NTproBNP:OID20125:v1	0.0456032212391593	0.00662887452372035	0.0522320957628797	0.0997	0.151932095762879	0.300155283254515	0.0436305080268624	NTproBNP	0.0195852703773441	0.00556922620838747
SCLY:Q96I15:OID21425:v1	0.0311768419699943	0.0102132905532095	0.0413901325232039	0.1105	0.151890132523203	0.205259166293976	0.0672413038526336	SCLY	0.0232876541038547	0.00884053247968307
APOA1:P02647:OID30769:v1	0.00450214830360798	0.0462150962466694	0.0507172445502774	0.1008	0.151517244550277	0.029713768336871	0.305015421735273	APOA1	0	0.0261748518980922
NTRK2:Q16620:OID20136:v1	0.00897832810996129	0.0176864799187841	0.0266648080287454	0.1248	0.151464808028745	0.0592766612047424	0.116769566138607	NTRK2	0	0.0195849345010483
ZBTB16:Q05516:OID21205:v1	0.0774850295149537	0.0147123767532721	0.0921974062682258	0.059	0.151197406268225	0.512475917592756	0.0973057482690687	ZBTB16	0.0724560971306158	0.00580292947149101
JCHAIN:P01591:OID20494:v1	0	0.0475102344139105	0.0475102344139105	0.1035	0.15101023441391	0	0.314615990090364	JCHAIN	0	0.0381795202620945
REN:P00797:OID20201:v1	0.0135621474822158	0.00517865741005388	0.0187408048922697	0.1322	0.150940804892269	0.0898507695907379	0.0343091943477446	REN	0.000193850250387041	0.00824978524544784
CA13:Q8N1Q1:OID20225:v1	0.050739639466812	0.00132280960640362	0.0520624490732156	0.0986	0.150662449073215	0.336776945940621	0.00877995555323012	CA13	0.0164718492573744	0.00773656455556403
DBI:P07108:OID21143:v1	0.0511983698528601	0.00233608537113612	0.0535344552239963	0.0971	0.150634455223996	0.339884854210328	0.0155083069651117	DBI	0.030990280160234	0.000426555057374432
VAT1:Q99536:OID21382:v1	0.00991261091730649	0.0306578557441403	0.0405704666614468	0.109	0.149570466661446	0.0662738516404024	0.204972655554619	VAT1	0	0.0373972022392323
HYAL1:Q12794:OID20357:v1	0.040202607549056	0.0137349683326247	0.0539375758816808	0.0956	0.14953757588168	0.268846190076437	0.0918496120566534	HYAL1	0.0149956212370149	0.00427349340459652
CFD:P00746:OID30738:v1	0.0414270467070671	0.00426172905991807	0.0456887757669852	0.1035	0.149188775766985	0.277682060825883	0.0285660166993687	CFD	0.0220622569402835	0.00107382119618244
FABP1:P07148:OID20778:v1	0.0261600245422548	0.00118556967286199	0.0273455942151168	0.1214	0.148745594215116	0.175870920280314	0.00797045236275987	FABP1	0.00814432677483874	0
PIGR:P01833:OID21102:v1	0.0191632649510425	0.0165922633981203	0.0357555283491629	0.1129	0.148655528349162	0.128910543481651	0.111615515294852	PIGR	0.0133101024776614	0.0126506236848264
RBP7:Q96R05:OID31526:v1	0.0499541576033223	0.0398399041461526	0.089794061749475	0.0587	0.148494061749475	0.336405085932663	0.268292911358076	RBP7	0.0153391225424725	0.0251765852528273
HJV:Q6ZVN8:OID31006:v1	0.011776325093816	0.0185065092771199	0.030282834370936	0.1182	0.148482834370936	0.0793110203190002	0.124637365359604	HJV	0.000591629218987818	0.00979620357224297
APEX1:P27695:OID21434:v1	0.0834414090705212	0.0044789469869873	0.0879203560575085	0.0605	0.148420356057508	0.562196529418041	0.0301774440242674	APEX1	0.0646378785548457	0
CXCL8:P10145:OID21430:v1	0.00596814846267663	0.0369584712347326	0.0429266196974092	0.1054	0.148326619697409	0.0402365298612739	0.249169510571528	CXCL8	0.00109601232361223	0.0131955784299878
RECK:O95980:OID30234:v1	0.0377111838818616	0.0149889611718409	0.0527001450537026	0.0955	0.148200145053702	0.25446118064322	0.101139989886038	RECK	0.0262597888175083	0.0184601005395721
NAGK:Q9UJ70:OID30271:v1	0.0335910350065438	0.0013496579074024	0.0349406929139462	0.1129	0.147840692913946	0.227211022516623	0.00912913678095383	NAGK	0.0151826801093401	0.000781403255669945
ANGPTL4:Q9BY76:OID20703:v1	0.0606997711064662	0	0.0606997711064662	0.0871	0.147799771106466	0.410689209137825	0	ANGPTL4	0.0366506581090686	0
FUOM:A2VDF0:OID30626:v1	0.0259875911940132	0.014258099014324	0.0402456902083373	0.1075	0.147745690208337	0.175894072831281	0.0965043311532035	FUOM	0	0.0219861468249155
PDCD5:O14737:OID21021:v1	0.086878218622908	0.0036768813201996	0.0905550999431076	0.0571	0.147655099943107	0.588386169230745	0.0249018240590154	PDCD5	0.0590564704128678	8.01134873835542e-05
SHISA5:Q8N114:OID30387:v1	0.0177723319823568	0.00375279517263096	0.0215251271549878	0.1255	0.147025127154987	0.120879555258755	0.0255248558205627	SHISA5	0.0017495934262801	0.00079821787891333
OCLN:Q16625:OID31069:v1	0.0131803635344655	0	0.0131803635344655	0.1338	0.146980363534465	0.0896743157896386	0	OCLN	0.00152497975503255	6.90105456642214e-05
NADK:O95544:OID20178:v1	0.0421207848874917	0.0311531059117833	0.0732738907992751	0.0734	0.146673890799275	0.287173024850991	0.212397078594013	NADK	0.0137163482978245	0.0202743369972722
CHGA:P10645:OID30403:v1	0.0219260891881049	0.0175429790440023	0.0394690682321072	0.1071	0.146569068232107	0.149595610128207	0.119690868309411	CHGA	0.00348218525396992	0.00496148084327197
DNM3:Q9UQ16:OID31000:v1	0	0.0559141246210213	0.0559141246210213	0.0903	0.146214124621021	0	0.382412607304168	DNM3	0	0.0346402183251913
SLC39A5:Q6ZMH5:OID20539:v1	0.0095549649692975	0.0289002665885259	0.0384552315578234	0.1077	0.146155231557823	0.0653754564065486	0.197736791769182	SLC39A5	0.00771662650544386	0.0119129575120663
CCL27:Q9Y4X3:OID20121:v1	0.0260840968858145	0.0314124104654602	0.0574965073512748	0.0885	0.145996507351274	0.178662471856637	0.215158643417958	CCL27	0.00983726831121319	0.0278128355698651
CXCL8:P10145:OID20997:v1	0.00569307263452659	0.0352914126428033	0.0409844852773298	0.1048	0.145784485277329	0.039051292897845	0.242079344558973	CXCL8	0.00109601232361223	0.0131955784299878
GDNF:P39905:OID20861:v1	0.0595296622346563	0.0019506422180073	0.0614803044526636	0.0842	0.145680304452663	0.40863219265168	0.0133898829037739	GDNF	0.0327058880993382	0.00355770605587946
NBL1:P41271:OID21486:v1	0.00850639755374625	0.00330097505298698	0.0118073726067332	0.1337	0.145507372606733	0.05846025119797	0.0226859642494447	NBL1	0.000687649924573888	0.00371257794182445
PALM2:Q8IXS6:OID31096:v1	0.0313361146611037	0	0.0313361146611037	0.1141	0.145436114661103	0.215463089990566	0	PALM2	0	0.00923444881044555
EFCAB14:O75071:OID31460:v1	0.00737631308267415	0.00463637392714741	0.0120126870098215	0.1334	0.145412687009821	0.0507267504256759	0.0318842462957462	EFCAB14	3.2368604060606e-05	0.00203599691328231
CXCL12:P48061:OID20464:v1	0.0269174905312697	0.0147786722567819	0.0416961627880516	0.1036	0.145296162788051	0.185259472891484	0.101714126327892	CXCL12	0.0167016328153779	0.0154159420514292
GALNT7:Q86SF2:OID21377:v1	0.00613086677365377	0.0755493334681916	0.0816802002418454	0.0632	0.144880200241845	0.042316802181524	0.521460719560566	GALNT7	0	0.0517494568592702
FURIN:P09958:OID21514:v1	0.0185443202284445	0.00655816449443902	0.0251024847228835	0.1197	0.144802484722883	0.128066312286932	0.0452904140905436	FURIN	0.00860167450791064	0.00396763524200141
ECHS1:P30084:OID30239:v1	0.0243672641741589	0.00134514060157377	0.0257124047757327	0.1188	0.144512404775732	0.168617110842313	0.0093081324309929	ECHS1	0	0.00861182849610848
ELN:P15502:OID30301:v1	0.00433640201106622	0.0208630048699601	0.0251994068810263	0.1192	0.144399406881026	0.0300306081910646	0.144481236596418	ELN	0.000713118733475517	0.0135488657442645
GZMH:P20718:OID20096:v1	0.0382530153494208	0.0296178882181532	0.067870903567574	0.0765	0.144370903567574	0.264963468428499	0.205151366973957	GZMH	0.00729990254121553	0.0282172535359873
TMPRSS11D:O60235:OID31103:v1	0.0192227276784995	0.00183381256168035	0.0210565402401799	0.1223	0.143356540240179	0.134090343184159	0.0127919699973784	TMPRSS11D	0.00526730881488318	0.00218666298064179
PGA4:P0DJD7:OID30699:v1	0.00311944591910955	0.00878284032961983	0.0119022862487293	0.1313	0.143202286248729	0.0217834924345506	0.061331704679385	PGA4	0	0.0111889970183169
PRSS22:Q9GZN4:OID30483:v1	0.0507105869370391	0.00603419856048663	0.0567447854975258	0.0863	0.143044785497525	0.354508462232035	0.0421839813279387	PRSS22	0.0140945254279135	0.00155697614854932
SMAD5:Q99717:OID21353:v1	0	0.0613442936031292	0.0613442936031292	0.0813	0.142644293603129	0	0.430050807176372	SMAD5	0	0.0301557324342321
IGLC2:P0DOY2:OID30740:v1	0.0179753850533497	0.0206871327355904	0.0386625177889401	0.1039	0.14256251778894	0.126087735627409	0.14510919880229	IGLC2	0.00264059355057584	0.0116199324735996
TNFRSF12A:Q9NP84:OID21482:v1	0.0058501024958644	0.0178887247928319	0.0237388272886963	0.1188	0.142538827288696	0.0410421679983074	0.125500715370699	TNFRSF12A	0	0.000615456335562354
AHCY:P23526:OID20199:v1	0.0630930117061746	0.00133131079126924	0.0644243224974439	0.0781	0.142524322497443	0.442682417994347	0.0093409375181778	AHCY	0	0.0317218641385091
FABP6:P51161:OID20076:v1	0.0104120439835243	0.0454921931787711	0.0559042371622955	0.0866	0.142504237162295	0.0730648027796275	0.319233968650075	FABP6	0.000884601845090116	0.0391608329199612
NUDT16:Q96DE0:OID31484:v1	0.0345038440908718	0.00403294808760514	0.038536792178477	0.1037	0.142236792178477	0.242580302623648	0.0283537615397333	NUDT16	0.00634537377497369	0.000770841162341222
IGFBP4:P22692:OID21158:v1	0	0.00287974063879806	0.00287974063879806	0.1393	0.142179740638798	0	0.0202542262762592	IGFBP4	0	6.48894355646664e-05
SERPINA3:P01011:OID30786:v1	0.0964775032520675	0.00316483911334734	0.0996423423654149	0.0425	0.142142342365414	0.678738661869285	0.0222652804272162	SERPINA3	0.0572821081480874	0.00214579441931543
EFHD1:Q9BUP0:OID31044:v1	0.0484514092025247	0.00855419714445315	0.0570056063469778	0.0849	0.141905606346977	0.341434073323746	0.0602808963272178	EFHD1	0.0329925062554399	0.00548969695637497
SPON2:Q9BUD6:OID20221:v1	0.0331831176361478	0	0.0331831176361478	0.1086	0.141783117636147	0.234041387926764	0	SPON2	0.0223502960735058	9.22691235589302e-07
TFF1:P04155:OID21154:v1	0.0476123758719492	0.0356999299542696	0.0833123058262189	0.058	0.141312305826218	0.336930146271205	0.252631430401908	TFF1	0	0.0548822727827475
ADGRG1:Q9Y653:OID21294:v1	0.0143779787247995	0.0347015285300383	0.0490795072548379	0.092	0.141079507254837	0.101914012917751	0.245971432742216	ADGRG1	0.00229297039524164	0.00755133273844104
CXCL8:P10145:OID20153:v1	0.00550108874639714	0.0303636337015119	0.0358647224479091	0.1047	0.140564722447909	0.0391356284179748	0.216011764351217	CXCL8	0.00109601232361223	0.0131955784299878
NPDC1:Q9NQX5:OID20205:v1	0.0148876319489413	0.00973365203429996	0.0246212839832413	0.1156	0.140221283983241	0.10617241210486	0.0694163664587702	NPDC1	0	0.00650675736788688
S100P:P25815:OID20103:v1	0.0363945354491764	0.016003664971682	0.0523982004208585	0.0877	0.140098200420858	0.259778750475354	0.114231766886417	S100P	0.0124638262752333	0
PPCDC:Q96CD2:OID21027:v1	0.0811298217684631	0.00130705012429224	0.0824368718927553	0.0575	0.139936871892755	0.579760149495404	0.00934028399101233	PPCDC	0.0591651124232192	0
TMPRSS15:P98073:OID21364:v1	0.0124066393834142	0.0541982426787601	0.0666048820621743	0.0733	0.139904882062174	0.0886791025484061	0.387393505357977	TMPRSS15	0	0.0676937521502518
NPPC:P23582:OID20568:v1	0	0.00206073998322026	0.00206073998322026	0.1375	0.13956073998322	0	0.0147659003776278	NPPC	6.5242968247231e-05	0.00168876920699716
SIT1:Q9Y3P8:OID20462:v1	0	0.0233696564476261	0.0233696564476261	0.1161	0.139469656447626	0	0.167560866233308	SIT1	0	0.0165994032422231
SETMAR:Q53H47:OID20948:v1	0.042666954949006	0	0.042666954949006	0.0968	0.139466954949006	0.305928776925018	0	SETMAR	0.0250260084544198	0.0014934003316895
CXCL9:Q07325:OID20675:v1	0.0100150264257835	0.0199350982590328	0.0299501246848164	0.1094	0.139350124684816	0.0718695189432779	0.143057627713805	CXCL9	0.00345554802568834	0.0212637211519657
ANGPTL3:Q9Y5C1:OID20407:v1	0.0506385467046936	0.0176843717083435	0.0683229184130371	0.071	0.139322918413037	0.3634617138479	0.126930815904361	ANGPTL3	0.0196182985997768	0.0154993519674039
CRYBB1:P53674:OID30319:v1	0.0153860514869433	0.0299111391513966	0.04529719063834	0.094	0.13929719063834	0.110454858539756	0.214728947614281	CRYBB1	0.00899152896713123	0.00869181765093382
DAG1:Q14118:OID20774:v1	0.00185056673399349	0.00543719805824294	0.00728776479223644	0.132	0.139287764792236	0.0132859245516203	0.03903571908382	DAG1	0	0.00197592141879097
HAO1:Q9UJM8:OID21395:v1	0	0.0167332529287581	0.0167332529287581	0.1223	0.139033252928758	0	0.120354322266576	HAO1	0	0.00983166046172803
CPE:P16870:OID21392:v1	0.0577886902824545	0.0163447713551635	0.0741334616376181	0.0647	0.138833461637618	0.416244683383996	0.117729336734587	CPE	0.0305786071860785	0.0146325199174411
FAM13A:O94988:OID31463:v1	0.024639089289231	0.0144803515843435	0.0391194408735745	0.0997	0.138819440873574	0.177490192542053	0.104310689433845	FAM13A	0.0106425191506106	0.00475585414736351
RNASE3:P12724:OID20203:v1	0.0705851143851226	0.00445492133817473	0.0750400357232974	0.0637	0.138740035723297	0.508758081379605	0.0321098471320824	RNASE3	0.0470617257594076	0.0017790907230081
SUSD1:Q6UWL2:OID20072:v1	0.0255788399190336	0.0115691222046136	0.0371479621236473	0.1011	0.138247962123647	0.185021460903389	0.0836838534680633	SUSD1	0	0.00172992523979883
FGFR2:P21802:OID21478:v1	0.0145155337513308	0.0125490433806471	0.0270645771319779	0.1111	0.138164577131978	0.105059734214402	0.0908267780435499	FGFR2	0	0.0242740237862378
SH2D1A:O60880:OID20514:v1	0.0537028403325178	0.00905421013687027	0.0627570504693881	0.0754	0.138157050469388	0.388708648238093	0.0655356357573401	SH2D1A	0	0.00273424773531864
TNF:P01375:OID20848:v1	0.0102513281940794	0.0120206076174933	0.0222719358115727	0.1155	0.137771935811572	0.0744079564077541	0.0872500451320768	TNF	0.000287695722274938	0.00307801155478194
SULT2A1:Q06520:OID20508:v1	0.0444177430533325	0.00828902555862634	0.0527067686119588	0.0848	0.137506768611958	0.323022230117838	0.0602808548429917	SULT2A1	0.00711835747066734	0.00436411575614356
ADAM9:Q13443:OID31488:v1	0.0234812732883471	0.0324432993062563	0.0559245725946035	0.0814	0.137324572594603	0.170991053128316	0.236252687288766	ADAM9	0.000573380668662258	0.0240624223983286
SAMD9L:Q8IVG5:OID20536:v1	0.0503223800977953	0.00139202499159576	0.051714405089391	0.0856	0.137314405089391	0.366475608040071	0.010137501529352	SAMD9L	0.0208203515856044	0.000526185953964018
SEMA4D:Q92854:OID21020:v1	0.0133097390014826	0.0157772701298574	0.0290870091313401	0.1082	0.13728700913134	0.0969482770853393	0.114921799445449	SEMA4D	0	0.020954459910805
PLXNA4:Q9HCM2:OID20597:v1	0.00461886024718779	0.0138888850098367	0.0185077452570245	0.1187	0.137207745257024	0.033663261782602	0.101225225907031	PLXNA4	1.97313929180474e-05	0.0023589676624619
RBM17:Q96I25:OID31034:v1	0.011227272590876	0.00550448233823058	0.0167317549291066	0.1204	0.137131754929106	0.0818721571577658	0.0401400998702032	RBM17	0.00207801044708484	0
CDKN1A:P38936:OID21319:v1	0.01390444404921	0.0122978349919261	0.0262022790411362	0.1108	0.137002279041136	0.101490603999624	0.0897637256693637	CDKN1A	0.00511578922291894	0.000985433542399796
CXCL10:P02778:OID20697:v1	0.0456289098078224	0.00976975382401784	0.0553986636318402	0.0816	0.13699866363184	0.333060984670931	0.0713127673294123	CXCL10	0.03918576587682	0.0236152005977178
APOA4:P06727:OID30733:v1	0.0160027155516915	0.00420544821166423	0.0202081637633558	0.1164	0.136608163763355	0.117143186108648	0.0307847503092806	APOA4	0	0.00150403352026561
XG:P55808:OID20259:v1	0.00949852917548477	0.00164081185989428	0.011139341035379	0.1254	0.136539341035379	0.0695662444498218	0.0120171362147495	XG	0	0
COQ7:Q99807:OID30217:v1	0.00756803773297383	0.0152308357394578	0.0227988734724317	0.1136	0.136398873472431	0.0554846058497942	0.111663940850187	COQ7	2.08825462678728e-05	0.0122679001011647
MPIG6B:O95866:OID20779:v1	0	0.0130568319263859	0.0130568319263859	0.123	0.136056831926385	0	0.0959660146537176	MPIG6B	0	0.000542990340768545
CD164:Q04900:OID21080:v1	0.0177797053862498	0.021227415651482	0.0390071210377318	0.0968	0.135807121037731	0.130918800504651	0.156305615561825	CD164	0.0027031118672835	0.00364040475423669
TRIM5:Q9C035:OID20526:v1	0.0610422417148432	0	0.0610422417148432	0.0747	0.135742241714843	0.44969230612145	0	TRIM5	0.0433960170917222	0
TDRKH:Q9Y2W6:OID20875:v1	0.0520707510782141	0.00507842180507651	0.0571491728832907	0.0785	0.13564917288329	0.383863387969306	0.0374379120574946	TDRKH	0.0370696762061131	0.000137877658253981
FGF23:Q9GZV9:OID21411:v1	0.00789912548295423	0.0167614212479246	0.0246605467308788	0.1105	0.135160546730878	0.0584425386994206	0.124011197448754	FGF23	0.000912359417844086	0.00673590238813512
GRPEL1:Q9HAV7:OID21309:v1	0	0.00743937804215513	0.00743937804215513	0.1277	0.135139378042155	0	0.055049669089305	GRPEL1	0	0.000877380002267513
LONP1:P36776:OID30219:v1	0.0200858447803722	0.0047515825671117	0.0248374273474839	0.1101	0.134937427347483	0.148853028957252	0.0352132292760826	LONP1	0.00299414458709822	0
RNASE1:P07998:OID30672:v1	0.0405565406910935	0.00131040736152054	0.0418669480526141	0.0929	0.134766948052614	0.300938333004765	0.00972350699081614	RNASE1	0.0206206694652536	0
IL6:P05231:OID21276:v1	0	0.0330328617668156	0.0330328617668156	0.1015	0.134532861766815	0	0.245537494207706	IL6	0	0.0109332475645288
SEMA4C:Q9C0C4:OID21329:v1	0.00203853252076356	0.0359436484743976	0.0379821809951611	0.0965	0.134482180995161	0.0151583838518867	0.267274431515138	SEMA4C	0	0.0202953672004831
ECE1:P42892:OID20891:v1	0.0158712611962901	0.0632823887278986	0.0791536499241887	0.0553	0.134453649924188	0.118042620674404	0.470663226796596	ECE1	0.00716647032988316	0.0498371912437628
TACC3:Q9Y6A5:OID21285:v1	0.027510466305043	0.01004651586417	0.0375569821692131	0.0966	0.134156982169213	0.205061755714987	0.0748862690687118	TACC3	0.0139133217959595	0.00141298066381912
SEPTIN3:Q9UH03:OID31025:v1	0	0.0555480314135741	0.0555480314135741	0.0786	0.134148031413574	0	0.414080108580358	SEPTIN3	0.000330057884230349	0.0572303906379239
TYMP:P19971:OID20234:v1	0.0219898226015217	0.00243488661752606	0.0244247092190478	0.1095	0.133924709219047	0.164195410464211	0.0181810110451205	TYMP	5.43394813005648e-06	3.5191139486362e-05
MPI:P34949:OID21288:v1	0.0396359209317675	0.00414338087281987	0.0437793018045874	0.0901	0.133879301804587	0.296057123076581	0.0309486292277474	MPI	0.0237933638920793	0.0010383126375888
VAMP8:Q9BV40:OID30555:v1	0.0167439066990258	0	0.0167439066990258	0.1171	0.133843906699025	0.125100253810416	0	VAMP8	0.00813624776363292	0
AFM:P43652:OID30741:v1	0.0208006193912744	0.0039770739395113	0.0247776933307857	0.1088	0.133577693330785	0.155719258752018	0.0297734886742104	AFM	0.000200103135424804	0.00181843284913177
PAPPA:Q13219:OID20421:v1	0.00425105033921642	0.0490629780173595	0.0533140283565759	0.0802	0.133514028356576	0.0318397279412702	0.367474329261694	PAPPA	0	0.0538391270332465
FSTL1:Q12841:OID30254:v1	0.0188597099767034	0.0154237692294418	0.0342834792061452	0.0985	0.132783479206145	0.14203355786019	0.116157290964612	FSTL1	0.00284295447518952	0.00894772324847102
IL15RA:Q13261:OID20498:v1	0.0850632404633124	0.00642561053395401	0.0914888509972664	0.0412	0.132688850997266	0.641073005184624	0.0484261525038482	IL15RA	0.0250594859105697	0.00475883640767956
IL6:P05231:OID20911:v1	0	0.0309922280699345	0.0309922280699345	0.1016	0.132592228069934	0	0.233740910165473	IL6	0	0.0109332475645288
DCXR:Q7Z4W1:OID21480:v1	0.00697059649789794	0.0106607190846536	0.0176313155825515	0.1147	0.132331315582551	0.0526753358962075	0.0805608184103874	DCXR	0	0.00611879422931503
DCN:P07585:OID20106:v1	0	0.00177317851067676	0.00177317851067676	0.1304	0.132173178510676	0	0.0134155698656632	DCN	0	0
MCFD2:Q8NI22:OID20171:v1	0.0109201921604916	0.0100321030272365	0.0209522951877282	0.111	0.131952295187728	0.0827586374678479	0.0760282571285624	MCFD2	0.00317190871069954	0.0040640421740814
TRIAP1:O43715:OID21403:v1	0	0.0277710169717314	0.0277710169717314	0.1041	0.131871016971731	0	0.210592271216688	TRIAP1	0	0.0158642539964868
PGLYRP4:Q96LB8:OID30101:v1	0.110909148847202	0	0.110909148847202	0.0208	0.131709148847202	0.842076270463714	0	PGLYRP4	0.0702556339715483	0.00184017776997105
IGSF21:Q96ID5:OID30210:v1	0.0401756232839387	0.01170633466071	0.0518819579446488	0.0798	0.131681957944648	0.305095883377024	0.0888985464935957	IGSF21	0.0131671905387509	0.00860902436874314
KRT5:P13647:OID20860:v1	0.0103340581164538	0.0289391797710204	0.0392732378874743	0.0924	0.131673237887474	0.0784826004300523	0.219780269972182	KRT5	0.0010331767811402	0.0117901047668017
CD69:Q07108:OID20206:v1	0.00151601850819654	0.0172716278317996	0.0187876463399961	0.1128	0.131587646339996	0.0115209789852115	0.131255693921093	CD69	0	0.011960646968458
ABHD14B:Q96IU4:OID20921:v1	0.0630933458802604	0.00470716626581224	0.0678005121460727	0.0635	0.131300512146072	0.480526274033635	0.0358503267723395	ABHD14B	0.0187833140619532	0.00933842959394864
PTPRR:Q15256:OID31099:v1	0.0186630470350821	0.00138340736352694	0.020046454398609	0.111	0.131046454398609	0.14241550540783	0.010556618031946	PTPRR	0.000567503320586806	0
NOS1:P29475:OID20863:v1	0.0222094479375578	0.00464239126789958	0.0268518392054573	0.104	0.130851839205457	0.169729734579317	0.0354782271008841	NOS1	0.00940528832272106	0
BAG3:O95817:OID20972:v1	0.00393034873105708	0.00986876235276508	0.0137991110838221	0.1169	0.130699111083822	0.0300717326878864	0.0755074940520129	BAG3	0	0.00472515530081852
EREG:O14944:OID20905:v1	0.00538746478915145	0.0218361643015715	0.0272236290907229	0.103	0.130223629090723	0.0413708696860089	0.167682043988798	EREG	0	0.0233499717110673
DAPK2:Q9UIK4:OID30505:v1	0.0870750196130096	0.00218869262008644	0.0892637122330961	0.0407	0.129963712233096	0.669994863311048	0.0168407979618258	DAPK2	0.0387535003364914	0
ACP1:P24666:OID30524:v1	0.0990964184906838	0	0.0990964184906838	0.0308	0.129896418490683	0.762887996775608	0	ACP1	0.0493857722196165	0
NUB1:Q9Y5A7:OID20510:v1	0.0211078607259802	0.00650262907431793	0.0276104898002982	0.1022	0.129810489800298	0.162605200538514	0.0500932481213316	NUB1	0.00611507848679271	0.000386912325960046
DDAH1:O94760:OID21299:v1	0.0342633695906195	0.00806824365273545	0.042331613243355	0.0873	0.129631613243355	0.264313377989808	0.0622397843463468	DDAH1	0.00689985898084517	0.000340203199541394
GIPC3:Q8TF64:OID31507:v1	0.0430979352634135	0.00185297232489026	0.0449509075883038	0.0845	0.129450907588303	0.332928799545222	0.0143140929593426	GIPC3	0.0247855920038932	0.00130229393047394
TINAGL1:Q9GZM7:OID20180:v1	0.0129166374268007	0.0276907880836906	0.0406074255104913	0.0886	0.129207425510491	0.0999682284185122	0.214312667977756	TINAGL1	0.00110854681663683	0.0151560977924347
CD99:P14209:OID21110:v1	0	0.0119847222345634	0.0119847222345634	0.1172	0.129184722234563	0	0.0927719781972559	CD99	0	0.00889988031902432
CALCB:P10092:OID31100:v1	0.027356387305018	0	0.027356387305018	0.1017	0.129056387305018	0.211972362440013	0	CALCB	0.00395822615820739	0
CLEC12A:Q5QGZ9:OID30552:v1	0.110738564286569	0.00539801702710843	0.116136581313677	0.0128	0.128936581313677	0.858860713990576	0.0418656751413014	CLEC12A	0.082335387879554	0.00358910828366124
C1QTNF1:Q9BXJ1:OID20367:v1	0.0482027222421767	0.020598561590057	0.0688012838322337	0.0601	0.128901283832233	0.373950676122924	0.159801058435277	C1QTNF1	0	0.0379843840901447
KRT18:P05783:OID21296:v1	0	0.0236141033794084	0.0236141033794084	0.1049	0.128514103379408	0	0.18374717450032	KRT18	0	0.0153146603827181
GYS1:P13807:OID20097:v1	0	0.047403356475982	0.047403356475982	0.0804	0.127803356475982	0	0.370908540926235	GYS1	0	0.047506532779727
PTPRN2:Q92932:OID20912:v1	0.0240200088312656	0.00127484886260101	0.0252948576938666	0.1025	0.127794857693866	0.187957553728849	0.00997574460824489	PTPRN2	0.00308032957525903	0
CLEC3B:P05452:OID30756:v1	0.0322659557689246	0.00545503861383672	0.0377209943827614	0.0898	0.127520994382761	0.253024656254456	0.0427775727458893	CLEC3B	0.0117860433673378	0
SNAP23:O00161:OID20218:v1	0	0.0133334036275463	0.0133334036275463	0.114	0.127333403627546	0	0.10471253612718	SNAP23	0	4.59290863065598e-05
ENO2:P09104:OID21046:v1	0.0133780696565621	0.0207969060455112	0.0341749757020734	0.093	0.127174975702073	0.105194198644097	0.163529860577533	ENO2	0.00287525693665303	0.010071535124253
PCBD1:P61457:OID30610:v1	0.0233784707814711	0.0164297566985667	0.0398082274800378	0.0873	0.127108227480037	0.183925708390062	0.129258011257744	PCBD1	0	0.0142218697758702
PTH1R:Q03431:OID20571:v1	0.0577079426411569	0	0.0577079426411569	0.0692	0.126907942641156	0.454722860052432	0	PTH1R	0.0193560520966852	0.0206988636906405
GPRC5C:Q9NQ84:OID31340:v1	0.00713965153315543	0.0231955233185369	0.0303351748516923	0.0964	0.126735174851692	0.0563352008746615	0.183023563471473	GPRC5C	0	0.0168987650343799
ZNRD2:O60232:OID31450:v1	0	0.0190059639494989	0.0190059639494989	0.1077	0.126705963949498	0	0.150000547386026	ZNRD2	0	0.0187730951417666
PAG1:Q9NWQ8:OID20108:v1	0.00403701786598854	0.0170617372530878	0.0210987551190763	0.1056	0.126698755119076	0.0318631217977982	0.134663811314109	PAG1	0	0.0116858728960932
PDGFC:Q9NRA1:OID21183:v1	0.0060972424246138	0.0577070899710233	0.0638043323956371	0.0628	0.126604332395637	0.0481598244644581	0.45580659744478	PDGFC	0.000487988261976088	0.0221563344651481
CALCOCO2:Q13137:OID30249:v1	0.00227979377375944	0.0296565406431097	0.0319363344168691	0.0942	0.126136334416869	0.018074044915757	0.235114971274633	CALCOCO2	0	0.0172685346816799
PBXIP1:Q96AQ6:OID31435:v1	0	0.00147684524129675	0.00147684524129675	0.1244	0.125876845241296	0	0.0117324615060517	PBXIP1	0	0
AHNAK:Q09666:OID30260:v1	0.0131610733061151	0	0.0131610733061151	0.1127	0.125861073306115	0.10456825895728	0	AHNAK	0.00286654007688514	8.2083616558259e-05
GRHPR:Q9UBQ7:OID30289:v1	0.0406098822427894	0.00421567126367664	0.044825553506466	0.081	0.125825553506466	0.322747495330529	0.0335040947263546	GRHPR	0.0161745764398001	6.92165326697132e-05
BAIAP2:Q9UQB8:OID21250:v1	0.00256202727599143	0.0143911590802551	0.0169531863562465	0.1088	0.125753186356246	0.0203734581224324	0.114439717173339	BAIAP2	0	0.00958007382615102
HEXIM1:O94992:OID20589:v1	0.00327642940358741	0.0172747607011681	0.0205511901047556	0.105	0.125551190104755	0.0260963627732534	0.137591373580407	HEXIM1	0	0.00243698500780149
CA3:P07451:OID20271:v1	0.0249746050175104	0.0216383588612277	0.0466129638787382	0.0789	0.125512963878738	0.198980282559809	0.17239939359677	CA3	0.00623785982054936	0.00790663817954515
SEL1L:Q9UBV2:OID30196:v1	0.0478251487515821	0.0142302338823228	0.0620553826339049	0.0634	0.125455382633904	0.381212409922195	0.113428643582782	SEL1L	0.0169646781396546	0.00237455936861701
APLP1:P51693:OID20164:v1	0	0.0158177283718764	0.0158177283718764	0.1094	0.125217728371876	0	0.126321796262749	APLP1	0	0.00871161291182906
DUT:P33316:OID31457:v1	0	0.0106136347044993	0.0106136347044993	0.1145	0.125113634704499	0	0.0848319587994323	DUT	0	0.00228451270151149
CALB1:P05937:OID21306:v1	0.00729961948784801	0.00605847467793825	0.0133580941657862	0.1117	0.125058094165786	0.0583698283309123	0.0484452823174059	CALB1	0	0.00213978190762362
FKBP14:Q9NWM8:OID31065:v1	0.00141073797633076	0.0156948963747467	0.0171056343510774	0.1079	0.125005634351077	0.0112853951236207	0.125553511697462	FKBP14	0	0.00328308043282541
HHEX:Q03014:OID31107:v1	0	0.00650096217926447	0.00650096217926447	0.1184	0.124900962179264	0	0.0520489359396122	HHEX	0	0.00192876791017473
MTDH:Q86UE4:OID30538:v1	0	0.0181512519579611	0.0181512519579611	0.1067	0.124851251957961	0	0.145383019179278	MTDH	0	0.00255194639659437
ATOX1:O00244:OID21476:v1	0.006161815831349	0.0166990720660098	0.0228608878973588	0.1017	0.124560887897358	0.0494683036975979	0.134063527868958	ATOX1	1.15530964044375e-07	0.0141607777561696
PPP1R14A:Q96A00:OID31011:v1	0.0258788399700376	0.00340877930716604	0.0292876192772037	0.0951	0.124387619277203	0.208049966069094	0.0274044903099995	PPP1R14A	0.0152224678870414	0.000529043220898147
WASF1:Q92558:OID20091:v1	0.0511319715696777	0.00120323717468626	0.0523352087443639	0.0718	0.124135208744363	0.411905470550064	0.00969295646945847	WASF1	0.0343262824043528	0
RBKS:Q9H477:OID20986:v1	0.0845924716746088	0	0.0845924716746088	0.0395	0.124092471674608	0.681688989936669	0	RBKS	0.0322002900899798	0
SNAP29:O95721:OID21506:v1	0.00360718438348764	0.0089177097048447	0.0125248940883323	0.1115	0.124024894088332	0.0290843577009511	0.0719025786749987	SNAP29	0	2.45313296155822e-05
FTCD:O95954:OID31137:v1	0.0133985918074569	0.00968414751057256	0.0230827393180295	0.1008	0.123882739318029	0.108155436998049	0.0781718870916439	FTCD	0	0.00750811873320913
ADH4:P08319:OID20117:v1	0.0082529086740376	0.00893836827490504	0.0171912769489426	0.1065	0.123691276948942	0.0667218325949068	0.0722635297765955	ADH4	0.00318545814948094	0.00544223441749298
ADAMTSL4:Q6UY14:OID30275:v1	0.0697639932144479	0.00591383611926621	0.0756778293337141	0.048	0.123677829333714	0.564078409123813	0.0478164611323277	ADAMTSL4	0.0541200709227527	0.00509327140314281
C1R:P00736:OID30753:v1	0.0660796683228022	0.0186479753714663	0.0847276436942686	0.0387	0.123427643694268	0.535371707220484	0.151084269401249	C1R	0.0301192853177919	0.00646926626587938
GSR:P00390:OID30700:v1	0.0109546732926284	0.0158277310704979	0.0267824043631263	0.0964	0.123182404363126	0.0889305039081346	0.128490194296254	GSR	0	0.00889030772481786
LAT:O43561:OID20640:v1	0	0.0119377333650682	0.0119377333650682	0.1109	0.122837733365068	0	0.0971829505319004	LAT	0	0.00925562139285523
PRTFDC1:Q9NRG1:OID20867:v1	0.027365144037484	0.001653780414937	0.029018924452421	0.0937	0.122718924452421	0.222990416185514	0.0134761645142855	PRTFDC1	0.00888975333763566	0.00154136484507771
KIF22:Q14807:OID30175:v1	0	0.0129741046388885	0.0129741046388885	0.1093	0.122274104638888	0	0.106106723718851	KIF22	0	0.00456485556328397
BRK1:Q8WUW1:OID20883:v1	0	0.0539396338518284	0.0539396338518284	0.0683	0.122239633851828	0	0.441261415403213	BRK1	0	0.0360498031070421
SDHB:P21912:OID31436:v1	0.00160734646494404	0.0134239163697752	0.0150312628347192	0.107	0.122031262834719	0.0131715957665787	0.110003912587192	SDHB	0	0.0160662819614975
NDUFB7:P17568:OID31521:v1	0	0.003834660724395	0.003834660724395	0.1178	0.121634660724395	0	0.0315260527020644	NDUFB7	0	0.000544119924447122
IDI2:Q9BXS1:OID20823:v1	0.0885977748247203	0.00128637336716425	0.0898841481918845	0.0317	0.121584148191884	0.728695114801437	0.0105801075740078	IDI2	0.0654760775638608	0.00402295459159693
SERPINC1:P01008:OID30789:v1	0.0112619746818956	0.0108846877537427	0.0221466624356383	0.0992	0.121346662435638	0.0928082771775362	0.0896991110861075	SERPINC1	0.00020081762067775	0.00103429289089338
NAA80:Q93015:OID30893:v1	0.0108497191800361	0.00783951118859097	0.0186892303686271	0.1026	0.121289230368627	0.0894532774844169	0.0646348498111894	NAA80	0.000829847122338602	2.70786348339968e-05
ASPSCR1:Q9BZE9:OID31055:v1	0.0304364286192809	0.00572424349365968	0.0361606721129406	0.0851	0.12126067211294	0.250999999331463	0.0472061006583255	ASPSCR1	0	0.013390863131073
VWF:P04275:OID20256:v1	0.0111821583559163	0.0627503736441217	0.0739325320000381	0.0473	0.121232532000038	0.0922372746938327	0.517603423840904	VWF	0.00689155855767998	0.0609534003872148
TOP2B:Q02880:OID30559:v1	0.00333677764350641	0.0266129068730383	0.0299496845165447	0.0912	0.121149684516544	0.0275426028290707	0.219669634132674	TOP2B	0	0.0133692329793599
CHMP6:Q96FZ7:OID30327:v1	0.0148063917335086	0.00466428579047348	0.0194706775239821	0.1016	0.121070677523982	0.122295439625137	0.0385253133612766	CHMP6	0	0.00879697857863698
CRYM:Q14894:OID30815:v1	0.0690103277965081	0	0.0690103277965081	0.052	0.121010327796508	0.570284611678405	0	CRYM	0.0495059369565304	0.0016565544507455
EGLN1:Q9GZT9:OID20572:v1	0.0127863953234455	0.0101933724746124	0.022979767798058	0.098	0.120979767798058	0.105690360927034	0.0842568361647662	EGLN1	0.00416465865210144	0
ADAMTS15:Q8TE58:OID21275:v1	0.0108148244161214	0.0183256276193815	0.0291404520355029	0.0918	0.120940452035502	0.0894227219602803	0.15152603873187	ADAMTS15	0.000873575703520262	0.0106435047112432
ITM2A:O43736:OID20504:v1	0.0464223516111168	0.0459053329822233	0.0923276845933401	0.0285	0.12082768459334	0.384202939643813	0.379923964749661	ITM2A	0	0.0267084505616987
RP2:O75695:OID21302:v1	0.0419068830655343	0.00595601609450904	0.0478628991600433	0.0726	0.120462899160043	0.347882072885014	0.0494427424214327	RP2	0	0.00443704791160166
SCRG1:O75711:OID30333:v1	0.00990307647352445	0	0.00990307647352445	0.1105	0.120403076473524	0.0822493640825037	0	SCRG1	0.00316020871020108	0.000127936310355086
GMPR2:Q9P2T1:OID30623:v1	0.0149322552053968	0.0118702288357535	0.0268024840411503	0.0936	0.12040248404115	0.124019494483962	0.0985879064728982	GMPR2	0.000864266268489584	0.00113921625077596
VASH1:Q7L8A9:OID20516:v1	0.00860268567819161	0.00894344540077243	0.017546131078964	0.1027	0.120246131078964	0.0715423074405806	0.0743761593036152	VASH1	5.90238419253996e-06	0.00341948907094507
BMP4:P12644:OID20994:v1	0	0.0292923287818454	0.0292923287818454	0.0907	0.119992328781845	0	0.244118345557747	BMP4	0	0.0161969661340787
TREML1:Q86YW5:OID30682:v1	0	0.0249804829750105	0.0249804829750105	0.095	0.11998048297501	0	0.208204554237487	TREML1	0	0.0160946669556091
TGFA:P01135:OID20600:v1	0.00731306729399918	0.00654081659641318	0.0138538838904123	0.106	0.119853883890412	0.0610165232583187	0.05457325523463	TGFA	0.000114261095699696	0.00195182057205965
MTIF3:Q9H2K0:OID31513:v1	0.00623252229382256	0.00519038857604495	0.0114229108698675	0.1084	0.119822910869867	0.0520144457230832	0.0433171631231854	MTIF3	0	0.00395977979523171
AHNAK2:Q8IVF2:OID30244:v1	0.0416542003349783	0	0.0416542003349783	0.0781	0.119754200334978	0.347830808593456	0	AHNAK2	0.0223569882236146	3.60820622936123e-05
HS1BP3:Q53T59:OID30243:v1	0.0222602517088484	0.00151425055282138	0.0237745022616698	0.0957	0.119474502261669	0.18631801168834	0.0126742570519767	HS1BP3	0.00446777025467769	0.000349589429393616
GFAP:P14136:OID21247:v1	0.00999405680762849	0.0237906293235088	0.0337846861311373	0.0854	0.119184686131137	0.0838535312886771	0.199611460966825	GFAP	0	0.010256592977274
ADH1B:P00325:OID30612:v1	0.0143271131123162	0.0103045173644737	0.0246316304767899	0.0945	0.11913163047679	0.120262881108703	0.0864969053410327	ADH1B	0.00538112704973456	0.0114904219928241
MANF:P55145:OID20707:v1	0.00218509711752855	0.0101943485528838	0.0123794456704123	0.1066	0.118979445670412	0.0183653328120349	0.0856815939546684	MANF	0	0.00123817934608199
OPLAH:O14841:OID30201:v1	0.0219047133855611	0.00312338429084659	0.0250280976764077	0.0938	0.118828097676407	0.184339510720873	0.0262848968545485	OPLAH	0.000621632282657369	0.0067425337225242
EXTL1:Q92935:OID30114:v1	0.0884742805972586	0	0.0884742805972586	0.0303	0.118774280597258	0.744894266270139	0	EXTL1	0.0340828094830396	0
TLR1:Q15399:OID30532:v1	0.106889770133079	0.00208043147815381	0.108970201611233	0.0098	0.118770201611233	0.899971278005895	0.0175164430970962	TLR1	0.0720727640009271	0.000833692236402725
WARS:P23381:OID21084:v1	0.0364075728058121	0.0037947361566015	0.0402023089624136	0.0782	0.118402308962413	0.307490395456473	0.0320495114483462	WARS	0.00480909769080768	0.00537904631313503
ENO3:P13929:OID30209:v1	0.0048159416167072	0.0136535151514247	0.0184694567681319	0.0999	0.118369456768131	0.0406856781149288	0.115346606499765	ENO3	0	0.0110676805795808
LATS1:O95835:OID30523:v1	0.00232069575834561	0.00565007185234534	0.00797076761069095	0.1102	0.11817076761069	0.0196384927107443	0.0478127710142264	LATS1	0	9.585623081946e-06
ACRBP:Q8NEB7:OID31385:v1	0.0159323953327066	0.00781143043615541	0.023743825768862	0.0943	0.118043825768862	0.134970170857588	0.0661739856809684	ACRBP	0.00335747085998051	0.00440276738767331
IL7:P13232:OID20535:v1	0.00727010551667339	0.00836922826307601	0.0156393337797494	0.1024	0.118039333779749	0.0615905332898501	0.070902028968515	IL7	0	0.0155951286998162
FYB1:O15117:OID21140:v1	0	0.00618090106546469	0.00618090106546469	0.1118	0.117980901065464	0	0.0523889969448111	FYB1	0	0.000954768113173002
DAAM1:Q9Y4D1:OID30664:v1	0	0.0130987904240416	0.0130987904240416	0.1048	0.117898790424041	0	0.111101991605934	DAAM1	0	0.00334513387608822
CCL2:P13500:OID21004:v1	0.00232482673233185	0.0604627952503728	0.0627876219827047	0.0551	0.117887621982704	0.01972070259143	0.51288501908405	CCL2	0	0.062686820146293
CNPY4:Q8N129:OID21317:v1	0.0219854881779577	0.00137961706914326	0.023365105247101	0.0945	0.117865105247101	0.186530934086605	0.01170505100938	CNPY4	0.00536339409652661	0.00589096708287166
TMSB10:P63313:OID21118:v1	0	0.0163160856851411	0.0163160856851411	0.1014	0.117716085685141	0	0.138605404606999	TMSB10	0	0.00847901655643806
FOXO1:Q12778:OID20515:v1	0.0105290358524263	0.0124858743895048	0.0230149102419312	0.0946	0.117614910241931	0.0895212675907193	0.106158941615665	FOXO1	0.00331949779200314	0.0104436938967498
EPO:P01588:OID20522:v1	0.00877130132670934	0.0350432380644109	0.0438145393911202	0.0736	0.11741453939112	0.0747037068168467	0.298457399280664	EPO	0	0.0296658610714524
SCGN:O76038:OID20457:v1	0.00631750341234166	0.02141993116315	0.0277374345754916	0.0895	0.117237434575491	0.053886401005079	0.182705560222381	SCGN	0.00144750905415055	0.00746581634084952
ACOT13:Q9NPJ3:OID31522:v1	0.00787611555308252	0.0095762243759474	0.0174523399290299	0.0997	0.117152339929029	0.067229690485515	0.0817416398319369	ACOT13	0	0.00129926137010165
PHACTR2:O75167:OID31009:v1	0.0233466009642644	0.00408208856069364	0.027428689524958	0.0897	0.117128689524958	0.19932435903579	0.0348513124943981	PHACTR2	0.000158800693227483	0
TNF:P01375:OID20074:v1	0.00958915170341621	0.0144907047616216	0.0240798564650378	0.0928	0.116879856465037	0.0820428086877794	0.123979487996344	TNF	0.000287695722274938	0.00307801155478194
TNF:P01375:OID20473:v1	0.0113952817546068	0.0149686723066432	0.02636395406125	0.0903	0.11666395406125	0.0976761146688389	0.128305888713359	TNF	0.000287695722274938	0.00307801155478194
DECR1:Q16698:OID20579:v1	0.0142728261530324	0.0032600729415989	0.0175328990946313	0.0988	0.116332899094631	0.122689507990531	0.0280236542454511	DECR1	0	0
EHD3:Q9NZN3:OID30229:v1	0.0179306465387318	0.00187405012117225	0.0198046966599041	0.0965	0.116304696659904	0.154169582602191	0.0161132798157955	EHD3	0.00111791221936274	0.00296137820600936
IL6:P05231:OID20563:v1	0	0.024286456189811	0.024286456189811	0.092	0.116286456189811	0	0.208850256389006	IL6	0	0.0109332475645288
HMOX2:P30519:OID20887:v1	0.00695215397910506	0.00972119609954618	0.0166733500786512	0.0996	0.116273350078651	0.0597914653220397	0.0836063989983124	HMOX2	1.55270434371735e-05	0.00349648416306905
LACTB2:Q53H82:OID20150:v1	0.0243648104429957	0.00222740077770221	0.026592211220698	0.0896	0.116192211220698	0.209694007774038	0.0191699663368265	LACTB2	0	0.00050752775419434
FKBP1B:P68106:OID20618:v1	0.0279626578603989	0.0116409380746773	0.0396035959350763	0.0765	0.116103595935076	0.240842306693371	0.100263372386733	FKBP1B	0.01502319976093	0.00286941376320896
ATP5IF1:Q9UII2:OID20760:v1	0.00605623662091193	0.00339722500743821	0.00945346162835014	0.1065	0.11595346162835	0.0522298906463281	0.0292981766971897	ATP5IF1	0.0024955297100719	0
FIS1:Q9Y3D6:OID20722:v1	0.0135227030227033	0.00726461149523789	0.0207873145179412	0.0949	0.115687314517941	0.116890110891166	0.0627952297579806	FIS1	0.00373125052058478	7.51518089026326e-06
DNAJB6:O75190:OID30613:v1	0.0181551061433071	0.00285264161912494	0.0210077477624321	0.0946	0.115607747762432	0.157040566006138	0.0246751768314609	DNAJB6	0.0128918632786906	0
NFU1:Q9UMS0:OID31510:v1	0.00985279691977717	0.00908016080238028	0.0189329577221574	0.0966	0.115532957722157	0.0852812661775	0.0785936842733391	NFU1	0	0.00308451644999858
HPCAL1:P37235:OID20615:v1	0.0203259773652498	0	0.0203259773652498	0.0952	0.115525977365249	0.175942916293074	0	HPCAL1	0.0133625359474807	0
TPD52L2:O43399:OID30609:v1	0	0.00880098742787532	0.00880098742787532	0.1067	0.115500987427875	0	0.0761983739175486	TPD52L2	0	0
IMPA1:P29218:OID20907:v1	0.0228308231058447	0.00139471001784687	0.0242255331236915	0.0912	0.115425533123691	0.19779699073496	0.0120832018713942	IMPA1	0.00983612298920353	0.000495862772192602
DCTPP1:Q9H773:OID20148:v1	0.00716319378941301	0.0162159813944723	0.0233791751838853	0.0919	0.115279175183885	0.0621377952955231	0.140667049088491	DCTPP1	0	0.00711247466700904
SLC9A3R1:O14745:OID30630:v1	0.00412254087602348	0.0046471735960051	0.00876971447202859	0.1064	0.115169714472028	0.0357953555318115	0.0403506565706887	SLC9A3R1	0	0.00187996891282482
WFDC1:Q9HC57:OID31366:v1	0.0437032535114586	0.0147351171485893	0.058438370660048	0.0567	0.115138370660048	0.379571582096595	0.127977468016249	WFDC1	0.0109791152970274	0.0077982006096105
RNF5:Q99942:OID30218:v1	0	0.0201378786738635	0.0201378786738635	0.0949	0.115037878673863	0	0.17505432911324	RNF5	0	0.0139494136834501
ADAMTS16:Q8TE57:OID20089:v1	0.0290145143317134	0.00138415078327683	0.0303986651149903	0.0846	0.11499866511499	0.252303053280671	0.0120362334805606	ADAMTS16	0.0137479476945036	0
CCL20:P78556:OID20671:v1	0.00500282776449553	0.0149437330166336	0.0199465607811292	0.0947	0.114646560781129	0.0436369632931806	0.130346108202605	CCL20	3.14110253288696e-05	0.00224131593971073
TPSD1:Q9BZJ3:OID30982:v1	0.101625510860412	0.00634518611197314	0.107970696972385	0.0066	0.114570696972385	0.887011369799964	0.0553822773156604	TPSD1	0.0660396650677207	0.00389769699811897
FST:P19883:OID20770:v1	0.0184913251018427	0.00769442803990823	0.0261857531417509	0.0882	0.11438575314175	0.16165758928848	0.0672673635358506	FST	0.0104822127886412	0
PCOLCE:Q15113:OID20384:v1	0.0229838078130525	0	0.0229838078130525	0.0914	0.114383807813052	0.200935851432897	0	PCOLCE	0.0108757196407055	0
ACAA1:P09110:OID21269:v1	0.00906886137864537	0.00420583980126005	0.0132747011799054	0.101	0.114274701179905	0.0793601845816078	0.0368046449287029	ACAA1	0.00255086467160483	0.000385411516167981
MSRA:Q9UJ68:OID21513:v1	0.00242872590283662	0.00674282125852185	0.00917154716135847	0.105	0.114171547161358	0.0212726021782301	0.0590586834125339	MSRA	0	0.00316658247199651
DOK2:O60496:OID20138:v1	0.00410061749873619	0.0048879908550625	0.0089886083537987	0.105	0.113988608353798	0.0359739236925207	0.0428813977611791	DOK2	0.000317521948228914	0
SLA2:Q9H6Q3:OID31017:v1	0.00927620588337006	0	0.00927620588337006	0.1047	0.11397620588337	0.0813872142126072	0	SLA2	0	0.00367167168478906
SERPINB6:P35237:OID21023:v1	0.0281478276526595	0.00165470251873918	0.0298025301713987	0.0841	0.113902530171398	0.24712205787091	0.014527355241795	SERPINB6	0.0108926450996369	0
P4HB:P07237:OID21509:v1	0.0045053811842358	0.00787932209506701	0.0123847032793028	0.1014	0.113784703279302	0.0395956666791723	0.0692476393397621	P4HB	0	0.00275760079592818
NEFL:P07196:OID20871:v1	0	0.00154989083513845	0.00154989083513845	0.1122	0.113749890835138	0	0.013625427011484	NEFL	0	0.00449434506673442
CACYBP:Q9HB71:OID30649:v1	0.00610728754821356	0.00755977191203993	0.0136670594602534	0.1	0.113667059460253	0.0537296168055541	0.0665080274614071	CACYBP	0	0
S100A13:Q99584:OID30529:v1	0.0482657268510359	0.00498794832068094	0.0532536751717169	0.0601	0.113353675171716	0.425797635391347	0.0440034106801108	S100A13	0.0162471048677485	0.000233060390509826
UPB1:Q9UBR1:OID30352:v1	0.00456891142393248	0.0060788858296469	0.0106477972535793	0.1026	0.113247797253579	0.040344373442443	0.0536777401156451	UPB1	2.67080437611566e-06	0.00489303289323608
ELAC1:Q9H777:OID31029:v1	0.00876336206390663	0.0143281918449131	0.0230915539088198	0.0899	0.112991553908819	0.0775576736556641	0.126807636051058	ELAC1	0	0.00173715938663803
EDIL3:O43854:OID20081:v1	0.00671151714201592	0.0204533243163211	0.027164841458337	0.0858	0.112964841458337	0.059412442449992	0.181059204370809	EDIL3	0.00160253221259195	0.0221637857622801
MAP4K5:Q9Y4K4:OID20899:v1	0.0180361499503667	0	0.0180361499503667	0.0949	0.112936149950366	0.159702185334751	0	MAP4K5	0.00649860464721889	0.000584437178510458
CCN1:O00622:OID21368:v1	0.0117497045161885	0.0295536334081425	0.041303337924331	0.0716	0.112903337924331	0.104068708084284	0.261760493103841	CCN1	0.00508055869201967	0.0331156488494522
CXCL13:O43927:OID21024:v1	0.00131932096433824	0.0199739219768117	0.02129324294115	0.0916	0.11289324294115	0.0116864475673356	0.17692752423831	CXCL13	4.99943266234438e-06	0
TRIM58:Q8NG06:OID31429:v1	0.0250391153189166	0.00277755953031771	0.0278166748492343	0.085	0.112816674849234	0.221945163269333	0.024620115191567	TRIM58	0.0148071809232405	0.000575499090645407
ODAM:A1E959:OID20793:v1	0.0619065505991526	0	0.0619065505991526	0.0508	0.112706550599152	0.549271983483257	0	ODAM	0.0448163252443337	0.00178391874191671
NUMB:P49757:OID30568:v1	0.00613250778516105	0.00604067097058019	0.0121731787557412	0.1002	0.112373178755741	0.0545727001145968	0.0537554515896576	NUMB	0	0
DNAJC6:O75061:OID30247:v1	0.00439530877685197	0.0158729815030543	0.0202682902799063	0.0921	0.112368290279906	0.0391152055967335	0.141258547794179	DNAJC6	0	0.0271214961529423
PRKG1:Q13976:OID30621:v1	0.021801509982043	0.00546017302287339	0.0272616830049164	0.0851	0.112361683004916	0.194029756399155	0.0485946176387771	PRKG1	0	0.0119359155536726
CEACAM19:Q7Z692:OID31443:v1	0.0265212066811018	0.0111643524293055	0.0376855591104074	0.0746	0.112285559110407	0.236194279043703	0.0994282124767971	CEACAM19	0.0184963170306368	0
GAST:P01350:OID31083:v1	0	0.023700173323776	0.023700173323776	0.0885	0.112200173323776	0	0.211231164994589	GAST	0	0.00860270268358274
LMNB2:Q03252:OID31109:v1	0	0.00678348068121668	0.00678348068121668	0.1054	0.112183480681216	0	0.0604677323258741	LMNB2	0	0.00614013575683399
WWP2:O00308:OID20926:v1	0.0144387045964126	0.00498940088879971	0.0194281054852123	0.0927	0.112128105485212	0.128769718652892	0.0444973262252944	WWP2	0.0104186108117323	0.00497313427329683
SPESP1:Q6UW49:OID30298:v1	0.0299902373401601	0.0188190493124995	0.0488092866526596	0.0633	0.112109286652659	0.267508948059555	0.167863429287578	SPESP1	0.00701677822021107	0.0188905125312156
FADD:Q13158:OID20151:v1	0.00765943016054404	0.00501574438312104	0.012675174543665	0.0994	0.112075174543665	0.0683418981208893	0.0447533934570575	FADD	0.000149580103450842	0.000418537159787942
SERPINA6:P08185:OID30743:v1	0.0388138008546277	0.00445575471999978	0.0432695555746275	0.0688	0.112069555574627	0.346336707195929	0.0397588327815995	SERPINA6	0.0314645206794251	0.00214610946063577
MGLL:Q99685:OID20711:v1	0.00406943238357171	0.0064888283559434	0.0105582607395151	0.1013	0.111858260739515	0.0363802579860259	0.0580093800229378	MGLL	0	0
COMMD1:Q8N668:OID30222:v1	0.0154493469379607	0.0093866910447243	0.024836037982685	0.087	0.111836037982685	0.138142831386361	0.0839326143347244	COMMD1	0.00334817946695504	0.000580853491834666
CKMT1A_CKMT1B:P12532:OID20721:v1	0.0141151523827787	0.0305849095937082	0.0447000619764869	0.0671	0.111800061976486	0.126253529141578	0.273567912691682	CKMT1A_CKMT1B	0.0058600197600191	0.0288844279554497
CXCL3:P19876:OID20788:v1	0	0.0100325913922162	0.0100325913922162	0.1016	0.111632591392216	0	0.0898715264699644	CXCL3	0	0.0102392357943596
ACADSB:P45954:OID30356:v1	0.0315950557605679	0.0137172840711309	0.0453123398316988	0.0663	0.111612339831698	0.283078518094059	0.122901142398908	ACADSB	0	0.0260176172884481
PDE5A:O76074:OID30584:v1	0.0204291438338789	0.00356595141663655	0.0239950952505155	0.0876	0.111595095250515	0.183064889975839	0.0319543740576724	PDE5A	0.00352633147334176	0.00109184023937741
GLRX5:Q86SX6:OID30663:v1	0.0116083656633861	0.00507661006062511	0.0166849757240112	0.0949	0.111584975724011	0.104031618845333	0.0454954623387771	GLRX5	0.0047054883953613	0.000917741919367285
CUZD1:Q86UP6:OID30914:v1	0	0.0967361466005796	0.0967361466005796	0.0148	0.111536146600579	0	0.867307590847655	CUZD1	0	0.0872622408609084
PRDX3:P30048:OID20483:v1	0.00190763732508462	0	0.00190763732508462	0.1095	0.111407637325084	0.0171230390562739	0	PRDX3	0	0.000569269296964724
AGR3:Q8TD06:OID21243:v1	0	0.00930601796558111	0.00930601796558111	0.1021	0.111406017965581	0	0.0835324530534446	AGR3	0	0.0121132689254929
FKBP5:Q13451:OID20937:v1	0.0201944695105524	0.00411508364643364	0.024309553156986	0.087	0.111309553156986	0.181426202314108	0.0369697256858978	FKBP5	0.00748592414604479	0.00437385961766779
SPRY2:O43597:OID20475:v1	0.00682343006779945	0.0177772059108902	0.0246006359786896	0.0866	0.111200635978689	0.061361430244941	0.159866045319174	SPRY2	0.00259405955077175	0.0099301539112449
AMOT:Q4VCS5:OID30572:v1	0	0.0327569577002698	0.0327569577002698	0.0782	0.110956957700269	0	0.295222204890988	AMOT	0	0.00631775189844086
METAP1D:Q6UB28:OID20519:v1	0.00680684636870324	0.00374916191935738	0.0105560082880606	0.1003	0.11085600828806	0.0614025930918924	0.0338201057142084	METAP1D	0	0
HARS1:P12081:OID21086:v1	0	0.00530975170976711	0.00530975170976711	0.1055	0.110809751709767	0	0.0479177295124206	HARS1	0	0
AIFM1:O95831:OID21287:v1	0	0.0027919146601094	0.0027919146601094	0.108	0.110791914660109	0	0.0251996246176855	AIFM1	0	0.00198297726735809
WNT9A:O14904:OID20460:v1	0.0169483485015601	0.00233101005324407	0.0192793585548042	0.0914	0.110679358554804	0.153130165577965	0.0210609284665292	WNT9A	0.00932716444202747	0.00451078977710322
MECR:Q9BV79:OID30274:v1	0.00491812007951772	0.0048578270638705	0.00977594714338822	0.1009	0.110675947143388	0.0444371176073692	0.0438923468852437	MECR	0	0.000275538026820798
C9:P02748:OID30698:v1	0.0224138751426462	0.00668483142223617	0.0290987065648824	0.0813	0.110398706564882	0.203026610003563	0.0605517186771335	C9	0.00223091324642055	0.00437926312038383
USP8:P40818:OID20110:v1	0.0034488135504184	0.0122828462895078	0.0157316598399262	0.0945	0.110231659839926	0.0312869601657692	0.111427572689593	USP8	0.00285796714422606	0.0106407693618808
FAM172A:Q8WUF8:OID30248:v1	0.010467583607538	0.00330477633928379	0.0137723599468218	0.0961	0.109872359946821	0.0952703993306812	0.0300783230730941	FAM172A	0.000930636557062666	5.34058310931032e-05
ENO1:P06733:OID21037:v1	0.0131813743757754	0.00192119510710173	0.0151025694828771	0.0947	0.109802569482877	0.120046137698362	0.0174968137462514	ENO1	0.000261303030051372	0
PMM2:O15305:OID30125:v1	0.0357804703778896	0	0.0357804703778896	0.0739	0.109680470377889	0.326224625538281	0	PMM2	0.00965758339525386	0.000138271716408276
OGFR:Q9NZT2:OID21360:v1	0.0131722066504981	0.00127353888225188	0.01444574553275	0.0952	0.10964574553275	0.120134224875727	0.0116150323577442	OGFR	0	0.00556794274564395
SERPINH1:P50454:OID31322:v1	0.017105168776707	0.0113161631011128	0.0284213318778199	0.081	0.109421331877819	0.156323894830733	0.103418254072692	SERPINH1	0.00073806109263583	0.00676153701287761
RTN4IP1:Q8WWV3:OID31030:v1	0.0056947846350556	0.00202692150425171	0.00772170613930731	0.1016	0.109321706139307	0.0520919846219634	0.0185408879520122	RTN4IP1	0.00033353170356676	0.00305875273884397
ITGB1BP2:Q9UKP3:OID20112:v1	0	0.0101645089897547	0.0101645089897547	0.0991	0.109264508989754	0	0.0930266294493471	ITGB1BP2	0	0.00361642555139729
SERPINB1:P30740:OID21088:v1	0.00754704636787964	0.00283106638465487	0.0103781127525345	0.0988	0.109178112752534	0.0691260013349557	0.0259307137051529	SERPINB1	0.000838139211100752	0.00012714511963171
EHBP1:Q8NDI1:OID30302:v1	0.0144758493388933	0.00558829649681849	0.0200641458357118	0.0891	0.109164145835711	0.132606262139209	0.0511916843578722	EHBP1	0.00486663145852995	0.00118253181369073
PPP1R2:P41236:OID20176:v1	0	0.00742988488070581	0.00742988488070581	0.1017	0.109129884880705	0	0.0680829535266871	PPP1R2	0	4.58595149633552e-05
PLCB2:Q00722:OID31155:v1	0.0154817097494711	0.0139562030511953	0.0294379128006665	0.0796	0.109037912800666	0.141984648750324	0.127994040721495	PLCB2	0.00209165312241692	0.00368003587870897
CIRBP:Q14011:OID31503:v1	0	0.0127656174168531	0.0127656174168531	0.096	0.108765617416853	0	0.117368132687813	CIRBP	0	0.00153642881945359
HSPA1A:P0DMV8:OID20718:v1	0.0104198120309581	0.00440744643583199	0.0148272584667901	0.0938	0.10862725846679	0.0959226273223464	0.0405740372908284	HSPA1A	0	0
APBB1IP:Q7Z5R6:OID21359:v1	0.0285717814119181	0.0171260615797585	0.0456978429916766	0.0628	0.108497842991676	0.263339626153766	0.157847023567762	APBB1IP	0.0140600448626293	0.00378919842501408
LZTFL1:Q9NQ48:OID30637:v1	0.0106518399979771	0.00844025844511523	0.0190920984430924	0.0892	0.108292098443092	0.0983621164527966	0.0779397441407103	LZTFL1	0	0
TIMM10:P62072:OID30358:v1	0.0193188828154291	0.00360661365162223	0.0229254964670514	0.0849	0.107825496467051	0.179168039549277	0.0334486162345129	TIMM10	0.00977845377850819	0.00183146896366307
PDZK1:Q5T2W1:OID30550:v1	0.0064394284861824	0.0173560243389446	0.023795452825127	0.084	0.107795452825127	0.0597374779493608	0.16100887267574	PDZK1	0.00154904767906066	0.000656422875173383
IL22:Q9GZX6:OID31407:v1	0.00941479690030376	0.00403460520532729	0.013449402105631	0.0943	0.107749402105631	0.0873767901846366	0.0374443396110171	IL22	0.000243127116287774	0.00360872660338694
IRAK4:Q9NWZ3:OID20577:v1	0.00398247059588396	0	0.00398247059588396	0.1034	0.107382470595883	0.0370867849639196	0	IRAK4	0	2.5783247699367e-05
PPIB:P23284:OID20331:v1	0	0.00533010910037148	0.00533010910037148	0.1015	0.106830109100371	0	0.0498933226340115	PPIB	0	0
GCHFR:P30047:OID30631:v1	0.00897057638872388	0.00770287201928775	0.0166734484080116	0.0901	0.106773448408011	0.0840150479587843	0.0721422051468534	GCHFR	0	7.1198972692701e-06
PSIP1:O75475:OID20534:v1	0	0.0140729175629928	0.0140729175629928	0.0927	0.106772917562992	0	0.131802313584718	PSIP1	0	0.00424190162084414
GPR15L:Q6UWK7:OID31511:v1	0.0566363552559024	0.00682753050579409	0.0634638857616965	0.0433	0.106763885761696	0.530482333532878	0.0639498127768931	GPR15L	0	0.0440071238697435
ACYP1:P07311:OID30642:v1	0.0483685631568878	0.004792615243981	0.0531611784008688	0.0535	0.106661178400868	0.453478612200423	0.0449330798312459	ACYP1	0.0293662530181408	0.00039947319552398
PTN:P21246:OID20083:v1	0.0168968233916652	0.00914609945646166	0.0260429228481268	0.0805	0.106542922848126	0.158591701259698	0.0858442701961452	PTN	0.00520581222776452	0.00334126181485541
CRYZL1:O95825:OID30272:v1	0.0150230033588688	0.00881704871025592	0.0238400520691247	0.0827	0.106540052069124	0.141008034697802	0.0827580664643874	CRYZL1	0	0.00728464707198232
NTF3:P20783:OID20591:v1	0.0295687997643648	0.0263647361444547	0.0559335359088195	0.0506	0.106533535908819	0.277553913067076	0.247478279206088	NTF3	0.00939418638021941	0.0187889711555651
GIPC2:Q8TF65:OID31153:v1	0.0442983003265913	0	0.0442983003265913	0.0622	0.106498300326591	0.415953120291541	0	GIPC2	0.0362195682893726	0
TIA1:P31483:OID20068:v1	0	0.00696297328584721	0.00696297328584721	0.0995	0.106462973285847	0	0.0654027693473486	TIA1	0	0.000184981148751037
MYDGF:Q969H8:OID30313:v1	0.00420663735670723	0.00414778239688	0.00835441975358723	0.098	0.106354419753587	0.0395530093291242	0.0389996241481078	MYDGF	0.000122558391590414	0
PLAT:P00750:OID20247:v1	0.00383135041818988	0.00809447604328519	0.011925826461475	0.0944	0.106325826461475	0.0360340525505164	0.0761289736714913	PLAT	0.000237778755628774	0.000370802112180548
SH3BP1:Q9Y3L3:OID31439:v1	0.0555665611394132	0	0.0555665611394132	0.0507	0.106266561139413	0.522897895100928	0	SH3BP1	0.0231299724600915	0.000619080830891772
PRKAR2A:P13861:OID31119:v1	0.00784768176177726	0.00305176505112952	0.0108994468129067	0.0953	0.106199446812906	0.0738956934079199	0.0287361671149367	PRKAR2A	0	0
IL6:P05231:OID20101:v1	0	0.0254195087500911	0.0254195087500911	0.0807	0.106119508750091	0	0.239536622902707	IL6	0	0.0109332475645288
CASP7:P55210:OID31135:v1	0.018426864893739	0.00510804781425534	0.0235349127079943	0.0825	0.106034912707994	0.173781110609145	0.048173263727978	CASP7	0	0.00403598994776144
MTSS2:Q765P7:OID31409:v1	0.00511188027297514	0.00927070229804227	0.0143825825710174	0.0916	0.105982582571017	0.0482332110519174	0.0874738289362793	MTSS2	0.000179842034901807	0.00385275990244112
TXNRD1:Q16881:OID21135:v1	0.00306445281203923	0.00818111251583694	0.0112455653278761	0.0947	0.105945565327876	0.0289247860687277	0.0772199618787096	TXNRD1	0	0.00105557440784941
CMC1:Q7Z7K0:OID30360:v1	0.00258477338153224	0.00512745489956863	0.00771222828110087	0.0982	0.1059122282811	0.0244048626252297	0.048412303119144	CMC1	9.26435145088e-06	0.000138404370833196
CD164L2:Q6UWJ8:OID30922:v1	0.105847217677807	0	0.105847217677807	0	0.105847217677807	0	0	CD164L2	0.0834919654254125	5.24404752624053e-05
RTBDN:Q9BSG5:OID21343:v1	0.025474744770868	0.00165787840015811	0.0271326231710261	0.0786	0.105732623171026	0.24093552213929	0.0156799136391087	RTBDN	0.000995869885307333	0
LUZP2:Q86TE4:OID31402:v1	0.0518133435092712	0	0.0518133435092712	0.0539	0.105713343509271	0.490130590796488	0	LUZP2	0.0265679872739492	0
PNMA1:Q8ND90:OID30194:v1	0.00533283259068149	0.0203267156672764	0.0256595482579579	0.08	0.105659548257957	0.0504718473493931	0.192379354278996	PNMA1	0.000531651918345373	0.0149195631955108
IST1:P53990:OID31497:v1	0.00329926834305456	0.0044328181402873	0.00773208648334186	0.0979	0.105632086483341	0.0312335811294881	0.0419646935686189	IST1	3.0074785550901e-06	0.00131736176737451
LBR:Q14739:OID21034:v1	0	0.026227564860873	0.026227564860873	0.0792	0.105427564860873	0	0.248773315550673	LBR	0	0.00500566111380096
NIT1:Q86X76:OID30252:v1	0.030025599019674	0	0.030025599019674	0.0754	0.105425599019674	0.284803684293705	0	NIT1	0.0142730635767859	0
L3HYPDH:Q96EM0:OID30314:v1	0	0.015936148942345	0.015936148942345	0.0894	0.105336148942345	0	0.151288509237864	L3HYPDH	0	0.000829686184781469
ARL2BP:Q9Y2Y0:OID30121:v1	0.0400822775930522	0.00893087687174835	0.0490131544648006	0.0563	0.1053131544648	0.380600864125185	0.0848030515953576	ARL2BP	0.0239854407445673	0.000802175504392282
ASS1:P00966:OID30170:v1	0	0.0177707714821568	0.0177707714821568	0.0875	0.105270771482156	0	0.168810119199791	ASS1	0	0.0208307130826625
SEC31A:O94979:OID30269:v1	0.00508081545132306	0.00689825064145688	0.0119790660927799	0.0932	0.105179066092779	0.0483063373736481	0.0655857757414564	SEC31A	4.28112669187708e-06	0.000438564917778986
RBFOX3:A6NFN3:OID30984:v1	0	0.00116197328075787	0.00116197328075787	0.1039	0.105061973280757	0	0.0110598844136757	RBFOX3	0	0
S100A4:P26447:OID21519:v1	0.0181673831609374	0.00647247522725209	0.0246398583881895	0.0804	0.105039858388189	0.172957041638397	0.0616192303242846	S100A4	0.00358777800151396	0.00290086750620768
LAMP1:P11279:OID30416:v1	0.00332887362247791	0.0168458949138483	0.0201747685363262	0.0846	0.104774768536326	0.0317717105843452	0.160781981665821	LAMP1	0	0.00677618743220892
EVI5:O60447:OID30519:v1	0.00922962702710733	0	0.00922962702710733	0.0954	0.104629627027107	0.0882123667010313	0	EVI5	0.00038652796723395	0.000107537306221005
MIF:P14174:OID21073:v1	0.00709703873813647	0.00343433630469864	0.0105313750428351	0.094	0.104531375042835	0.0678938618690152	0.0328545979931031	MIF	0	0.00104990035539548
CRADD:P78560:OID20923:v1	0.00273012616899581	0.00427619668102955	0.00700632285002537	0.0975	0.104506322850025	0.026124028618955	0.0409180666242197	CRADD	5.02674813171516e-05	0.00209254713698441
UBE2L6:O14933:OID30321:v1	0.0297009241471097	0.00977490944894626	0.039475833596056	0.065	0.104475833596056	0.284285112880218	0.0935614401196342	UBE2L6	0.00516585239761035	4.60465618042206e-05
SORD:Q00796:OID21453:v1	0.0205083000883036	0.00928417101857728	0.0297924711068809	0.0746	0.10439247110688	0.196453823449647	0.0889352548142269	SORD	0.000170691779497965	0.00295450253883524
CASP8:Q14790:OID21414:v1	0.0278786214862543	0.00535382579903889	0.0332324472852932	0.0711	0.104332447285293	0.267209503962092	0.051315060063712	CASP8	0.00131422794777613	0.000238393301858528
GPHA2:Q96T91:OID31437:v1	0.0306565877954164	0.0104883237790305	0.0411449115744469	0.0631	0.104244911574446	0.294082342556575	0.100612333212448	GPHA2	0.00478442121358617	0.00769922469419785
PPP3R1:P63098:OID20902:v1	0	0.0125084039129681	0.0125084039129681	0.0917	0.104208403912968	0	0.120032583201396	PPP3R1	0	0.00822227433916165
ICA1:Q05084:OID20484:v1	0	0.0234844750116793	0.0234844750116793	0.0807	0.104184475011679	0	0.225412423578913	ICA1	0	0.0120389622109655
SIRT2:Q8IXJ6:OID21375:v1	0.0132805601886805	0.00758065880051982	0.0208612189892004	0.0833	0.1041612189892	0.127500045770946	0.0727781306140993	SIRT2	0.0029762938714338	0.00184372966568862
MAP2:P11137:OID31138:v1	0.00746418106127587	0.0159961669052187	0.0234603479664946	0.0807	0.104160347966494	0.0716604850789945	0.153572517925576	MAP2	0.00188903732402361	0.0154956943731689
ANXA3:P12429:OID21036:v1	0.0120968420054964	0.00514265290650034	0.0172394949119967	0.0869	0.104139494911996	0.116159983450264	0.0493823492311552	ANXA3	0.00123076549352005	0
CSF3:P09919:OID20491:v1	0.00289550980328965	0.0340340785886626	0.0369295883919522	0.0671	0.104029588391952	0.0278335216744321	0.327157678067824	CSF3	0	0.0270716667450346
TBCC:Q15814:OID20942:v1	0.0102960767892004	0.00632753613398739	0.0166236129231878	0.0874	0.104023612923187	0.0989782656059367	0.0608278827871486	TBCC	0.00399079665813343	7.91465543170348e-05
SUOX:P51687:OID31031:v1	0.00474042417202915	0.0460178395981794	0.0507582637702086	0.0531	0.103858263770208	0.0456432064232998	0.44308308195866	SUOX	0	0.0307785771037282
NRGN:Q92686:OID30674:v1	0	0.00791133308513292	0.00791133308513292	0.0959	0.103811333085132	0	0.0762087611248095	NRGN	0	0.00422799533943032
EIF4E:P06730:OID30557:v1	0	0.00688770307665473	0.00688770307665473	0.0967	0.103587703076654	0	0.066491512719013	EIF4E	0	0.00389299009134273
YARS1:P54577:OID31494:v1	0	0.0055353327149918	0.0055353327149918	0.0979	0.103435332714991	0	0.0535149118748812	YARS1	0	0.00149118290050232
FHIT:P49789:OID20872:v1	0.0114009846175269	0.00193809759880026	0.0133390822163272	0.09	0.103339082216327	0.110325971288001	0.0187547398064084	FHIT	0.0049516457291935	0
ESYT2:A0FGR8:OID31134:v1	0.0142851345397161	0.00285293381655903	0.0171380683562751	0.0862	0.103338068356275	0.138236903078793	0.0276077718689599	ESYT2	0	0.000274499374256016
SARG:Q9BW04:OID30331:v1	0.00240190503645731	0.0120998300462331	0.0145017350826904	0.0888	0.10330173508269	0.0232513523082129	0.117130946895978	SARG	0	0.00656553664004676
C7orf50:Q9BRJ6:OID31095:v1	0.0990160856903411	0	0.0990160856903411	0.0042	0.103216085690341	0.959308668102369	0	C7orf50	0.0368914682043671	0
GADD45GIP1:Q8TAE8:OID30237:v1	0	0.0124479463910907	0.0124479463910907	0.0907	0.10314794639109	0	0.12068050626906	GADD45GIP1	0	0.00248880839680791
PLA2G4A:P47712:OID20685:v1	0.00325922745444835	0.00356962980958405	0.00682885726403241	0.0963	0.103128857264032	0.0316034477731487	0.0346132974250361	PLA2G4A	0	0.000595362277541867
MESD:Q14696:OID21099:v1	0	0.00546568046466325	0.00546568046466325	0.0976	0.103065680464663	0	0.0530310423413659	MESD	0	0.000100906156084027
SULT1A1:P50225:OID21031:v1	0.0176573097573279	0	0.0176573097573279	0.0854	0.103057309757327	0.171334860175431	0	SULT1A1	0.00456895240727018	0.00832527330178988
GCC1:Q96CN9:OID31147:v1	0	0.00733674545778837	0.00733674545778837	0.0957	0.103036745457788	0	0.071205135849269	GCC1	0	0
BANK1:Q8NDB2:OID20594:v1	0.0132582117110995	0.00418396790778939	0.0174421796188889	0.0855	0.102942179618888	0.128792801553104	0.0406438636065335	BANK1	0.0035698506759849	0.00101596620090028
S100G:P29377:OID31051:v1	0.0247569457449653	0.00507221162147574	0.029829157366441	0.073	0.102829157366441	0.240758033801071	0.0493265893777623	S100G	0	0.00648917975950182
NFATC1:O95644:OID20545:v1	0.0153872583010294	0	0.0153872583010294	0.0873	0.102687258301029	0.149845838282306	0	NFATC1	0	0.0108278633464811
GMFG:O60234:OID30340:v1	0.00218646527922136	0.00337163064284363	0.005558095922065	0.0969	0.102458095922065	0.0213400928403403	0.0329074107077714	GMFG	0	0.000500662897995154
ARG1:P05089:OID21445:v1	0.0301613447496245	0.0187479451412507	0.0489092898908752	0.0535	0.102409289890875	0.294517663209692	0.183068793477897	ARG1	0.012761413154729	0.00339705781444536
SKAP2:O75563:OID20761:v1	0	0.0056042058021673	0.0056042058021673	0.0968	0.102404205802167	0	0.0547263245514931	SKAP2	0	0.000308759445347922
ERP29:P30040:OID30578:v1	0	0.00753745864016986	0.00753745864016986	0.0948	0.102337458640169	0	0.0736529784921904	ERP29	0	0
OLR1:P78380:OID20183:v1	0.00708731395606395	0.0235800819678268	0.0306673959238908	0.0716	0.10226739592389	0.0693017935192019	0.230572820934793	OLR1	0.000125493526170772	0.0196879137425188
GSTM4:Q03013:OID30164:v1	0.0821702325104318	0	0.0821702325104318	0.02	0.102170232510431	0.804248267733383	0	GSTM4	0.0236624497293074	0.00131158356784517
MAP2K6:P52564:OID20552:v1	0	0.00534355049683456	0.00534355049683456	0.0968	0.102143550496834	0	0.0523141252760757	MAP2K6	0	0.0010904935383719
PSTPIP2:Q9H939:OID30596:v1	0.0135768313034324	0.00176072755748838	0.0153375588609208	0.0868	0.10213755886092	0.132926921838026	0.017238786369331	PSTPIP2	0	0.00350243482336668
KYAT1:Q16773:OID20232:v1	0.0195204915822606	0.0124156477797996	0.0319361393620603	0.07	0.10193613936206	0.191497261956597	0.121798293102913	KYAT1	0	0.0107076901548193
EBAG9:O00559:OID20918:v1	0.00232726902830091	0.00821114685417743	0.0105384158824783	0.0912	0.101738415882478	0.0228750271774353	0.0807084205405991	EBAG9	0	0.000796855845454293
SCAMP3:O14828:OID21332:v1	0.00464886315899446	0.00646894075178895	0.0111178039107834	0.0906	0.101717803910783	0.045703534487158	0.0635969368495494	SCAMP3	0.00151452562797451	0.000928469126273244
CASP3:P42574:OID20305:v1	0.00937908125501937	0.00259135048025455	0.0119704317352739	0.0896	0.101570431735273	0.0923406654356294	0.0255128430192014	CASP3	0.000656959134263012	0
PRDX5:P30044:OID20644:v1	0.013561773832519	0	0.013561773832519	0.088	0.101561773832519	0.133532266331653	0	PRDX5	0	0
EIF2AK2:P19525:OID31442:v1	0.0116603608839555	0.00339845251318227	0.0150588133971378	0.0862	0.101258813397137	0.115154034426845	0.0335620416551152	EIF2AK2	0.00141603352019898	0.00087876026962097
SMAD1:Q15797:OID21180:v1	0	0.00733042708852729	0.00733042708852729	0.0939	0.101230427088527	0	0.0724132782934595	SMAD1	0	0.00308336731416692
SKAP1:Q86WV1:OID20906:v1	0.00150601503128654	0.0164762787007473	0.0179822937320338	0.0832	0.101182293732033	0.0148841756372414	0.162837568640045	SKAP1	0	0.0170502862793541
OTUD7B:Q6GQQ9:OID31064:v1	0	0.00424073870628114	0.00424073870628114	0.0969	0.101140738706281	0	0.0419290857524435	OTUD7B	0	0
LMOD1:P29536:OID30212:v1	0.0232524505511791	0.00235420810759431	0.0256066586587734	0.0755	0.101106658658773	0.229979418365057	0.0232844022226031	LMOD1	0.00424284257887053	0.000732867636226814
AMPD3:Q01432:OID31139:v1	0.078797820205888	0	0.078797820205888	0.0223	0.101097820205888	0.779421554741877	0	AMPD3	0.0567903911679837	0.00053367531379552
MAX:P61244:OID20877:v1	0.00333032833794226	0.0067631887980086	0.0100935171359508	0.091	0.10109351713595	0.0329430455314323	0.0669003215004721	MAX	0	0.000908777387412021
SLAMF6:Q96DU3:OID21254:v1	0.0204688214091705	0.00529821596775648	0.025767037376927	0.0753	0.101067037376927	0.202527173452533	0.0524227889257	SLAMF6	0.00690509291594209	0.00431214507553772
TTF2:Q9UNY4:OID30942:v1	0.0758105409094013	0	0.0758105409094013	0.0252	0.101010540909401	0.750521086481435	0	TTF2	0.0694555039478756	0
SPINK8:P0C7L1:OID30153:v1	0.100947502164229	0	0.100947502164229	0	0.100947502164229	0	0	SPINK8	0.0454241975170694	0.000858317934665633
DTYMK:P23919:OID30308:v1	0.00472731605481353	0.00645652821945479	0.0111838442742683	0.0895	0.100683844274268	0.0469520814276425	0.0641267550518517	DTYMK	0	0
AREG:P15514:OID21357:v1	0.0226493070717099	0.00718934518054818	0.029838652252258	0.0708	0.100638652252258	0.225055747119285	0.0714372164139039	AREG	0.000255625714998228	0.000736709992171585
ENTR1:Q96C92:OID30231:v1	0.0431213582543744	0.00189541007045751	0.0450167683248319	0.0556	0.100616768324831	0.428570296704035	0.0188379144154019	ENTR1	0	0.0102247714043517
APRT:P07741:OID20927:v1	0.00911313058360512	0.0157960811990294	0.0249092117826346	0.0757	0.100609211782634	0.09057948494114	0.157004323154392	APRT	0.000598801045931915	0.00955032934497419
TMED8:Q6PL24:OID31462:v1	0.00325175940641388	0.00437082904144538	0.00762258844785927	0.0929	0.100522588447859	0.0323485443085318	0.0434810634001185	TMED8	0	0
TXLNA:P40222:OID20952:v1	0	0.00852859263149801	0.00852859263149801	0.0919	0.100428592631498	0	0.0849219570644779	TXLNA	0	0.000119918409889835
FLT3:P36888:OID21272:v1	0.0067462917312832	0.0144805187455787	0.0212268104768619	0.0792	0.100426810476862	0.0671762022436979	0.144189770409118	FLT3	0.00103108775754658	0.0122418189302845
RBPMS2:Q6ZRY4:OID30257:v1	0.00405356088650352	0.0114535068573234	0.0155070677438269	0.0849	0.100407067743826	0.0403712704452793	0.114070723452907	RBPMS2	0	0.00109314579570548
FABP2:P12104:OID20200:v1	0.02837645158269	0.00832965106841335	0.0367061026511034	0.0637	0.100406102651103	0.282616801503531	0.082959609510566	FABP2	0.00126632015789792	0.00817213498905328
C3:P01024:OID30776:v1	0.00696782729679231	0.013613233370114	0.0205810606669064	0.0798	0.100381060666906	0.0694137644143211	0.135615556158414	C3	0.000356684624124246	0.000209657960947456
AP1G2:O75843:OID31348:v1	0.0241482279579832	0	0.0241482279579832	0.0762	0.100348227957983	0.240644288886639	0	AP1G2	0.00387028136477718	0
LDLRAP1:Q5SW96:OID31068:v1	0.00336381650825085	0.00413259836403595	0.0074964148722868	0.0928	0.100296414872286	0.0335387512358661	0.0412038493030706	LDLRAP1	0	0.000720029645181364
PFKFB2:O60825:OID21356:v1	0.0188362377049025	0.00503798666539222	0.0238742243702947	0.0764	0.100274224370294	0.187847254099355	0.0502420905973586	PFKFB2	0	0.00174934571689075
DIABLO:Q9NR28:OID20184:v1	0	0.00291508163118171	0.00291508163118171	0.0973	0.100215081631181	0	0.0290882528231628	DIABLO	0	0.00199309437283759
GRAP2:O75791:OID20192:v1	0.00271635053977324	0.00302666083600289	0.00574301137577614	0.0944	0.100143011375776	0.027124713971107	0.0302233854806469	GRAP2	0.000357832851546985	0.000432173752620196
GPD1:P21695:OID31358:v1	0.0147526473553729	0	0.0147526473553729	0.0853	0.100052647355372	0.147448845635974	0	GPD1	0	0.00125983567706263
PMVK:Q15126:OID20850:v1	0.00735916937630053	0.00876450252613061	0.0161236719024311	0.0839	0.100023671902431	0.0735742773318609	0.0876242829265457	PMVK	0.000766300508811753	0.00478832293728584
MARS1:P56192:OID30658:v1	0	0.00611914767902444	0.00611914767902444	0.0939	0.100019147679024	0	0.061179762285734	MARS1	0	0.000608249174727222
CACNB3:P54284:OID31039:v1	0.0064041531286922	0.00733736526549184	0.013741518394184	0.0862	0.099941518394184	0.0640790057184571	0.073416587854431	CACNB3	4.61165519130654e-05	0.00266751311061458
TNFAIP2:Q03169:OID31446:v1	0.0082858547966606	0.0054519100810645	0.0137377648777251	0.0862	0.0999377648777251	0.082910147198093	0.0545530519692428	TNFAIP2	0.000576842276663247	0.000969666995958834
TBC1D17:Q9HA65:OID20844:v1	0.0895142582232971	0	0.0895142582232971	0.0104	0.0999142582232971	0.895910752029433	0	TBC1D17	0.0355144386688714	0
GOPC:Q9HD26:OID20551:v1	0	0.00730253382461373	0.00730253382461373	0.0926	0.0999025338246137	0	0.073096582689623	GOPC	0	0.000433635348443098
TBCB:Q99426:OID20993:v1	0	0.00699216221644267	0.00699216221644267	0.0929	0.0998921622164426	0	0.069997105491543	TBCB	0	0.00129681598411108
PHOSPHO1:Q8TCT1:OID20922:v1	0	0.0103831316282331	0.0103831316282331	0.0895	0.0998831316282331	0	0.103952804232043	PHOSPHO1	0	1.17662640100477e-05
TBCA:O75347:OID30616:v1	0.0122812296096164	0.00555754791931872	0.0178387775289351	0.082	0.0998387775289351	0.123010616852325	0.0556652240429129	TBCA	0.00347905037132702	0.000549054530830742
SERPINF2:P08697:OID30779:v1	0.0296474897051732	0.00687973856103299	0.0365272282662062	0.0633	0.0998272282662062	0.296988008382975	0.0689164537623643	SERPINF2	0.0103294707553636	0.000445984295478212
CHMP1A:Q9HD42:OID20930:v1	0.00601693490916784	0.00313081086574628	0.00914774577491412	0.0906	0.0997477457749141	0.0603215126559888	0.031387284408523	CHMP1A	0.00139472439718565	0.00140286335168816
BCR:P11274:OID20558:v1	0.00302150427809784	0	0.00302150427809784	0.0967	0.0997215042780978	0.030299425384435	0	BCR	0	0.00138619979203992
DBNL:Q9UJU6:OID20681:v1	0.00176435357730864	0.00458727709022972	0.00635163066753836	0.0933	0.0996516306675383	0.0177052153134848	0.0460331362316987	DBNL	0.000462927276538079	1.97902754131498e-05
ZBP1:Q9H171:OID30526:v1	0.0655867219568673	0	0.0655867219568673	0.034	0.0995867219568673	0.658589023396854	0	ZBP1	0	0.00693210295950029
FXN:Q16595:OID21442:v1	0.003021851812488	0.00609214765270825	0.00911399946519626	0.0904	0.0995139994651962	0.0303660975212322	0.0612190012003176	FXN	0	0
PPP1R12A:O14974:OID21475:v1	0	0.0109817299191658	0.0109817299191658	0.0884	0.0993817299191658	0	0.110500490664612	PPP1R12A	1.21071238784121e-06	0.00125354873969707
STAT2:P52630:OID30536:v1	0.0146940549105704	0.0027664822318628	0.0174605371424332	0.0819	0.0993605371424332	0.147886226596244	0.0278428671122928	STAT2	0	0
SSNA1:O43805:OID31453:v1	0.00494389450672033	0.00843668253543276	0.0133805770421531	0.0859	0.0992805770421531	0.0497971975386608	0.0849781778751212	SSNA1	0	0.000278175673484975
KAZN:Q674X7:OID31481:v1	0	0.00716430876791582	0.00716430876791582	0.0919	0.0990643087679158	0	0.0723197774962534	KAZN	0	0.00119084151030401
CNP:P09543:OID30285:v1	0.00287902467407857	0.00406955909131248	0.00694858376539105	0.0921	0.099048583765391	0.0290667929275788	0.041086494491953	CNP	0	0.0009091758642216
HTRA2:O43464:OID21471:v1	0	0.00154169045607178	0.00154169045607178	0.0975	0.0990416904560718	0	0.0155660757502476	HTRA2	0	0.00228145105191351
PROCR:Q9UNN8:OID30149:v1	0.0881641602115044	0	0.0881641602115044	0.0108	0.0989641602115044	0.890869583726892	0	PROCR	0.000349589361070096	0.0446681896892269
C19orf12:Q9NSK7:OID20804:v1	0.00639143837396474	0.0136096890791387	0.0200011274531034	0.0789	0.0989011274531034	0.0646245249023617	0.137609038740151	C19orf12	0	0.00782464204478157
EDN1:P05305:OID30224:v1	0.0266836040483666	0	0.0266836040483666	0.0722	0.0988836040483666	0.269848619547837	0	EDN1	0.0115552218711392	0
MINK1:Q8N4C8:OID31156:v1	0.00362551678261913	0.00465040399140877	0.0082759207740279	0.0905	0.0987759207740279	0.0367044594898114	0.0470803405826771	MINK1	0	0.00059516063142176
TOMM20:Q15388:OID30353:v1	0	0.0112433086299384	0.0112433086299384	0.0875	0.0987433086299384	0	0.11386400542922	TOMM20	0	0.00181404523033924
CDKN2D:P55273:OID21295:v1	0	0.0132955597003147	0.0132955597003147	0.0854	0.0986955597003147	0	0.134712845650667	CDKN2D	0	0.00248481015591444
RBP2:P50120:OID21365:v1	0.00230886229300696	0.0105379768123415	0.0128468391053485	0.0858	0.0986468391053485	0.0234053347674043	0.106825286120801	RBP2	9.48899419519418e-05	0.000710746609428578
SCG2:P13521:OID21400:v1	0	0.0077831600825725	0.0077831600825725	0.0908	0.0985831600825725	0	0.0789501987565969	SCG2	0	0.00256223705157587
CRKL:P46109:OID20742:v1	0	0.0020387001074856	0.0020387001074856	0.0965	0.0985387001074856	0	0.0206893342946659	CRKL	0	0
RILPL2:Q969X0:OID30342:v1	0.00497844816937795	0.00339461053362775	0.00837305870300571	0.09	0.0983730587030057	0.0506078415677629	0.03450752246991	RILPL2	0.000208284272810352	0.00022523485242637
NIT2:Q9NQR4:OID30336:v1	0.00908537190422286	0.00146755419975941	0.0105529261039822	0.0878	0.0983529261039822	0.0923752069625003	0.0149213069493007	NIT2	2.7073780218196e-05	0.000764538129816909
CLU:P10909:OID30732:v1	0.0172145236382975	0.00321200050130443	0.0204265241396019	0.0778	0.0982265241396019	0.175253311558004	0.0326999303847854	CLU	0.000495577552588899	0.000846931898854843
LMOD1:P29536:OID31014:v1	0.0238149993600829	0.00189656357932194	0.0257115629394048	0.0725	0.0982115629394048	0.242486715894914	0.0193110008899063	LMOD1	0.00424284257887053	0.000732867636226814
PGD:P52209:OID30344:v1	0.0269841963623266	0.00800169376683605	0.0349858901291627	0.0632	0.0981858901291627	0.274827638949233	0.0814953529097704	PGD	0.0081617851307566	0.00201043044905645
PACS2:Q86VP3:OID30186:v1	0.0138088768913391	0.00562458052772058	0.0194334574190597	0.0787	0.0981334574190597	0.140715279523588	0.0573156258390235	PACS2	0.000315184969210371	0
SPART:Q8N0X7:OID30656:v1	0	0.00400732470343493	0.00400732470343493	0.0941	0.0981073247034349	0	0.0408463355366027	SPART	0	0.000267545789638787
MINDY1:Q8N5J2:OID31399:v1	0.0150145618957617	0.00357700160791098	0.0185915635036727	0.0795	0.0980915635036727	0.153066801664341	0.0364659454916024	MINDY1	0	0.000693450586544705
MITD1:Q8WV92:OID20959:v1	0.00255883205713355	0.00149282448651118	0.00405165654364474	0.094	0.0980516565436447	0.026096775386906	0.0152248777749787	MITD1	0.000155558417420572	0
LYN:P07948:OID21350:v1	0	0.00943409859337449	0.00943409859337449	0.0885	0.0979340985933744	0	0.0963310913040122	LYN	0	0.00274811418912075
ASPN:Q9BXN1:OID30315:v1	0.0390708243370475	0.0160438821721749	0.0551147065092225	0.0428	0.0979147065092225	0.399029172735839	0.163855693839656	ASPN	0	0.0385117694767948
HCLS1:P14317:OID20648:v1	0.00640038900213085	0.0066123701265754	0.0130127591287062	0.0847	0.0977127591287062	0.0655020803751977	0.0676715117405052	HCLS1	0	0.00047436035076248
NOS3:P29474:OID20834:v1	0	0.0074844186883058	0.0074844186883058	0.0902	0.0976844186883058	0	0.0766183470076972	NOS3	0	0.00205642349672723
TBC1D23:Q9NUY8:OID21286:v1	0.0131390670923514	0.00444036250724825	0.0175794295995997	0.0801	0.0976794295995997	0.134512119350104	0.0454585220803382	TBC1D23	0.00523039065009472	0.00212186912549637
SH2B3:Q9UQQ2:OID21222:v1	0.0036539647931995	0.00911218530154864	0.0127661500947481	0.0849	0.0976661500947481	0.0374128066853737	0.0932993190855655	SH2B3	1.24435903171399e-05	0.00514388866355938
TNF:P01375:OID21237:v1	0.00920063962760747	0.0138159134462435	0.023016553073851	0.0745	0.097516553073851	0.0943495164419897	0.141677623036783	TNF	0.000287695722274938	0.00307801155478194
OGA:O60502:OID31465:v1	0.00963447550336346	0.0034418093440463	0.0130762848474097	0.0842	0.0972762848474097	0.0990423875508441	0.0353817926891967	OGA	0	0.0127988963265489
MED18:Q9BUE0:OID21236:v1	0	0.00298447379238931	0.00298447379238931	0.0942	0.0971844737923893	0	0.0307093682347337	MED18	0	0.0011355506883763
BCL2L1:Q07817:OID31152:v1	0	0.00345130294441938	0.00345130294441938	0.0935	0.0969513029444193	0	0.0355983142010784	BCL2L1	0	0.000590716848991688
JPT2:Q9H910:OID31520:v1	0	0.0040534826042935	0.0040534826042935	0.0928	0.0968534826042935	0	0.0418516969684455	JPT2	0	0.00105288886553078
PDAP1:Q13442:OID30323:v1	0	0.00703599708874604	0.00703599708874604	0.0898	0.096835997088746	0	0.0726589006183088	PDAP1	0	0.000884127017859336
PIK3AP1:Q6ZUJ8:OID20587:v1	0.03894875797132	0.0135704961996168	0.0525192541709369	0.0443	0.0968192541709369	0.402283185352316	0.140163197039896	PIK3AP1	0	0.0403944191635633
RHOC:P08134:OID20950:v1	0.00361817976915881	0.00345166180574438	0.00706984157490319	0.0897	0.0967698415749032	0.0373895390368932	0.035668776031556	RHOC	0.000120815146478701	7.18386655942302e-05
FAM3C:Q92520:OID20233:v1	0.00892443123565005	0.00360508799725749	0.0125295192329075	0.0842	0.0967295192329075	0.0922617139671872	0.0372697809918508	FAM3C	0	0.00077281280163957
STK24:Q9Y6E0:OID20837:v1	0	0.00145205429349097	0.00145205429349097	0.0952	0.0966520542934909	0	0.0150235223048824	STK24	0	0.000142289224364577
HNRNPUL1:Q9BUJ2:OID31037:v1	0	0.0122662725041329	0.0122662725041329	0.0842	0.0964662725041329	0	0.127156074197926	HNRNPUL1	0	0
IDS:P22304:OID20619:v1	0.00195461547517906	0.0280632184673738	0.0300178339425528	0.0663	0.0963178339425528	0.0202933911111919	0.291360564483952	IDS	0	0.012063669361653
ANXA11:P50995:OID20583:v1	0.00313872442219044	0.00534641457102007	0.00848513899321051	0.0877	0.0961851389932105	0.0326321140151598	0.0555846217719502	ANXA11	0	0.00241875516004304
STK4:Q13043:OID20140:v1	0.00141479779163082	0.00501298413379723	0.00642778192542806	0.0897	0.096127781925428	0.0147178865806803	0.0521491709616903	STK4	0	0
CHCHD10:Q8WYQ3:OID31116:v1	0.00589862581071384	0.00719991117822071	0.0130985369889345	0.083	0.0960985369889345	0.0613810157317281	0.074922172634634	CHCHD10	0.00100057189752398	0.00126234045165145
YES1:P07947:OID21348:v1	0.00418421170722901	0.00174979709309434	0.00593400880032336	0.09	0.0959340088003233	0.0436155202889313	0.0182395910999233	YES1	0	0.000611126994798166
CETN2:P41208:OID20836:v1	0	0.00932487328519605	0.00932487328519605	0.0866	0.095924873285196	0	0.0972101704786421	CETN2	0	0.00218474580531319
CD2AP:Q9Y5K6:OID20177:v1	0.0454700523783809	0.00209257711179175	0.0475626294901726	0.0482	0.0957626294901727	0.474820424422944	0.0218517089905775	CD2AP	0.0197890408483031	0
MYH9:P35579:OID30382:v1	0	0.0131579112151621	0.0131579112151621	0.0825	0.0956579112151621	0	0.137551730411154	MYH9	0	0.00114705088266548
LRRC38:Q5VT99:OID30924:v1	0.0662895550511629	0	0.0662895550511629	0.0293	0.0955895550511629	0.693481155087315	0	LRRC38	0.0348703332389942	-2.0035672226299e-05
ATXN3:P54252:OID31149:v1	0.0584945409263182	0.00117892776234163	0.0596734686886598	0.0359	0.0955734686886598	0.612037438097701	0.012335303704233	ATXN3	0.0377266061791429	0
APPL2:Q8NEU8:OID30590:v1	0.0134298005750597	0	0.0134298005750597	0.0821	0.0955298005750597	0.140582315614777	0	APPL2	0.00101030061379541	4.34093864876346e-05
MAP2K1:Q02750:OID31468:v1	0.00547333125922533	0.00603593276765621	0.0115092640268815	0.084	0.0955092640268815	0.0573068101297988	0.0631973539860737	MAP2K1	0	0
PAXX:Q9BUH6:OID30591:v1	0.0152662856789105	0.00288035666390236	0.0181466423428128	0.0773	0.0954466423428128	0.159945759265989	0.0301776635950908	PAXX	0	0.00273068038856528
CEACAM20:Q6UY09:OID31308:v1	0.0181342734504244	0.036688703182899	0.0548229766333235	0.0404	0.0952229766333235	0.190440102710235	0.385292546820677	CEACAM20	0.0121515942002356	0.033714362260055
AP3B1:O00203:OID31478:v1	0	0.00427748440965278	0.00427748440965278	0.0909	0.0951774844096527	0	0.0449421881255244	AP3B1	0	0
PRKAR1A:P10644:OID20146:v1	0	0.0276155463169843	0.0276155463169843	0.0675	0.0951155463169843	0	0.290336831215289	PRKAR1A	0	0.0046086419711244
CES2:O00748:OID21366:v1	0.00964911448792815	0.00135329200551843	0.0110024064934465	0.0841	0.0951024064934465	0.101460255777997	0.0142298397634311	CES2	4.41337050757142e-05	0.000729246283836506
NUDT5:Q9UKK9:OID21115:v1	0.00238077458744479	0.00357455778611023	0.00595533237355503	0.0889	0.094855332373555	0.0250990063275403	0.0376843103773341	NUDT5	0	0.000135385757990216
AIF1L:Q9BQI0:OID30204:v1	0.0603044956377302	0.00140998146660009	0.0617144771043303	0.0331	0.0948144771043303	0.636026242821266	0.0148709512477572	AIF1L	0	0.0258330415845987
MAPKAPK2:P49137:OID31293:v1	0.0196969146684668	0	0.0196969146684668	0.0751	0.0947969146684668	0.207780123829481	0	MAPKAPK2	0.0144199864695405	0.00022461208658449
NUDC:Q9Y266:OID20623:v1	0	0.00518095545713771	0.00518095545713771	0.0896	0.0947809554571377	0	0.0546624101028467	NUDC	0	0.00069861059474869
LRCH4:O75427:OID30191:v1	0.0021433459210673	0.00848628696436962	0.0106296328854369	0.0841	0.0947296328854369	0.0226259287171459	0.0895842906372568	LRCH4	0	0.00486487239403434
RWDD1:Q9H446:OID21015:v1	0.00799824821451163	0.0041444147960041	0.0121426630105157	0.0825	0.0946426630105157	0.0845099658028742	0.0437901329503335	RWDD1	0	7.21744657516312e-05
RLN2:P04090:OID30601:v1	0.0233826035189038	0.00742190932554966	0.0308045128444535	0.0638	0.0946045128444535	0.247161608002241	0.0784519586053213	RLN2	0	1.25315701374749e-05
TBL1X:O60907:OID21220:v1	0	0.0200774214299458	0.0200774214299458	0.0743	0.0943774214299458	0	0.21273543105698	TBL1X	0	0.0078615112153305
PRKRA:O75569:OID21225:v1	0	0.0168548184197188	0.0168548184197188	0.0775	0.0943548184197188	0	0.178632302006491	PRKRA	0	0.00477938000331913
GFER:P55789:OID21259:v1	0.00244852464791378	0	0.00244852464791378	0.0919	0.0943485246479137	0.0259519124125268	0	GFER	3.60556763871812e-06	0
UFD1:Q92890:OID31486:v1	0	0.00322335159541605	0.00322335159541605	0.0911	0.094323351595416	0	0.0341734209068616	UFD1	0	0.00183796380657988
DCTD:P32321:OID30657:v1	0	0.00355407664819272	0.00355407664819272	0.0906	0.0941540766481927	0	0.0377474536920217	DCTD	0	0
INPP1:P49441:OID21345:v1	0.0110997546529768	0.00134721610305189	0.0124469707560287	0.0817	0.0941469707560287	0.11789816033211	0.014309712699552	INPP1	0	0.00168286769042268
IL10:P22301:OID20431:v1	0.00670127392114815	0.0420337869072775	0.0487350608284257	0.0453	0.0940350608284256	0.0712635676747755	0.447001219938289	IL10	0.00226027384119592	0.0303141581843974
METAP2:P50579:OID21437:v1	0	0.0144064963645547	0.0144064963645547	0.0795	0.0939064963645547	0	0.153413202731227	METAP2	0	0.00179878465988387
USP25:Q9UHP3:OID31428:v1	0	0.00439887732815048	0.00439887732815048	0.0895	0.0938988773281504	0	0.0468469640246883	USP25	0	0
NT5C1A:Q9BXI3:OID31102:v1	0	0.0116559621879276	0.0116559621879276	0.0822	0.0938559621879276	0	0.12418989605145	NT5C1A	0	0.000870567622787618
ANXA4:P09525:OID20123:v1	0	0.00380135789764777	0.00380135789764777	0.09	0.0938013578976477	0	0.0405256169297214	ANXA4	0.00133112718451012	4.747726910258e-05
CDC26:Q8NHZ8:OID31508:v1	0	0.00488245629460862	0.00488245629460862	0.0889	0.0937824562946086	0	0.0520615100895935	CDC26	0	0.000240358413460146
RAB27B:O00194:OID30354:v1	0	0.0126525995751395	0.0126525995751395	0.0811	0.0937525995751395	0	0.134957319930088	RAB27B	0	0.00449397500647064
CASP2:P42575:OID20555:v1	0	0.00847746837446472	0.00847746837446472	0.0852	0.0936774683744647	0	0.0904963436946976	CASP2	0	4.49427395079266e-05
WASHC3:Q9Y3C0:OID31123:v1	0.00405537303536106	0.0155059665780686	0.0195613396134297	0.0741	0.0936613396134297	0.0432982600088668	0.165553542604309	WASHC3	0.000353119803804999	0.00584110456503741
CPOX:P36551:OID30495:v1	0.0138646123984775	0.0164104888372762	0.0302751012357537	0.0633	0.0935751012357537	0.148165614734917	0.175372386677215	CPOX	0.00238083859651543	0.00948969373786212
SYTL4:Q96C24:OID30339:v1	0.015328214434543	0.0033458923245027	0.0186741067590457	0.0749	0.0935741067590457	0.163808290193069	0.0357566044751932	SYTL4	0	0.000844200881399378
GTPBP2:Q9BX10:OID30946:v1	0	0.00603318800595083	0.00603318800595083	0.0873	0.0933331880059508	0	0.0646414007155329	GTPBP2	0	9.11646909748674e-05
PADI4:Q9UM07:OID20832:v1	0.066559284470671	0	0.066559284470671	0.0267	0.093259284470671	0.713701427675044	0	PADI4	0.0298135866441552	0.00153146574328194
PTH:P01270:OID30963:v1	0	0.0233363216684905	0.0233363216684905	0.0699	0.0932363216684905	0	0.250292174239399	PTH	0	0.0239310859166463
SLAMF1:Q13291:OID20496:v1	0.012090605860346	0.0166303278793558	0.0287209337397018	0.0645	0.0932209337397018	0.129698399010959	0.178396924512601	SLAMF1	0.00916328057277215	0.017791960384364
PTS:Q03393:OID20847:v1	0.0220069275723251	0.00720147997761136	0.0292084075499364	0.064	0.0932084075499364	0.236104533387021	0.0772621286738877	PTS	0.0112051043610356	0.00418981895920798
PECR:Q9BY49:OID30228:v1	0.0439922879256155	0.00139738253416847	0.045389670459784	0.0478	0.093189670459784	0.472072577449454	0.0149950367596966	PECR	0.0179510407120069	0.00106690464905326
AZU1:P20160:OID20309:v1	0.038915254079008	0.00653812383153004	0.045453377910538	0.0477	0.093153377910538	0.417754620947628	0.0701866532184059	AZU1	0.00609813407291981	0.00107384660872684
LMOD1:P29536:OID31416:v1	0.0224967951089939	0	0.0224967951089939	0.0706	0.0930967951089939	0.241649512023003	0	LMOD1	0.00424284257887053	0.000732867636226814
MUC16:Q8WXI7:OID21378:v1	0.00646456032438228	0.0401800075211286	0.0466445678455109	0.0464	0.0930445678455109	0.0694781057515995	0.431836145317398	MUC16	0.00161959822403694	0.0163694654226442
NUDT2:P50583:OID21308:v1	0.0523767419489638	0.00190145563208742	0.0542781975810512	0.0387	0.0929781975810512	0.563322836015462	0.020450553802464	NUDT2	0.0274897564207329	3.13419743877672e-05
FKBP4:Q02790:OID20960:v1	0.00143917018948393	0.0128041962425674	0.0142433664320513	0.0784	0.0926433664320513	0.0155345195766334	0.138209531191405	FKBP4	0	0.00131480104387743
BACH1:O14867:OID20505:v1	0	0.00289075866655717	0.00289075866655717	0.0897	0.0925907586665571	0	0.0312208119707446	BACH1	0	0.000387872198610801
POLR2F:P61218:OID21283:v1	0	0.00162920305081538	0.00162920305081538	0.0909	0.0925292030508153	0	0.0176074471312657	POLR2F	0	0
DAPP1:Q9UN19:OID20524:v1	0.00556198210438482	0.00166341666973035	0.00722539877411517	0.0853	0.0925253987741151	0.0601130303470882	0.0179779465073293	DAPP1	0.000175533728756983	0.00118667863897915
PPL:O60437:OID30564:v1	0.00691145557098975	0.0037561962101523	0.010667651781142	0.0818	0.092467651781142	0.0747445775669549	0.0406217324415536	PPL	0	0
PTRHD1:Q6GMV3:OID30659:v1	0.00294232576854576	0.00429407481023935	0.00723640057878512	0.0849	0.0921364005787851	0.0319344553299518	0.0466056279957184	PTRHD1	0	0
KIFBP:Q96EK5:OID21320:v1	0	0.0142119638685914	0.0142119638685914	0.0779	0.0921119638685915	0	0.154290097308819	KIFBP	0	0.00960873462797215
AHSP:Q9NZD4:OID21078:v1	0	0.0476641277815735	0.0476641277815735	0.0444	0.0920641277815735	0	0.517727468125901	AHSP	0	0.0519330472574581
BIN2:Q9UBW5:OID21067:v1	0.00689331716304988	0.00512636619278947	0.0120196833558393	0.08	0.0920196833558393	0.0749113332241481	0.0557094526501016	BIN2	0.00190349722145244	0
COX5B:P10606:OID21297:v1	0	0.0100107256355884	0.0100107256355884	0.0819	0.0919107256355884	0	0.108917926241594	COX5B	0	0.000770684872750442
YWHAQ:P27348:OID30605:v1	0	0.00391041954365985	0.00391041954365985	0.088	0.0919104195436598	0	0.042545987311072	YWHAQ	0	0.00144099210061541
DFFA:O00273:OID20620:v1	0.00196549661033093	0.00343423260224678	0.00539972921257771	0.0865	0.0918997292125777	0.0213874037189429	0.0373693440848219	DFFA	0	8.02153620269794e-05
TNFAIP8L2:Q6P589:OID30629:v1	0.00152208832199916	0.00399700367767772	0.00551909199967689	0.0863	0.0918190919996768	0.0165770352205674	0.0435312917022941	TNFAIP8L2	4.71655035080242e-06	0.000567597674545424
ERBIN:Q96RT1:OID21323:v1	0	0.00305104128601902	0.00305104128601902	0.0887	0.091751041286019	0	0.0332534785791465	ERBIN	0	0.000536597250778706
FOLH1:Q04609:OID30430:v1	0.00515398734820978	0.0104758620844297	0.0156298494326395	0.0761	0.0917298494326395	0.0561865889902559	0.114203415237507	FOLH1	0	0.00580336227853893
DDHD2:O94830:OID31043:v1	0.005691849869284	0.00183118568174042	0.00752303555102443	0.0842	0.0917230355510244	0.062054748134864	0.0199642943644376	DDHD2	0	0.000283845274386572
GATD3:P0DPI2:OID30253:v1	0.00640994467064786	0.00629916408417558	0.0127091087548234	0.0788	0.0915091087548234	0.0700470669845748	0.0688364707064591	GATD3	0	0.000234574698132384
ELOA:Q14241:OID21337:v1	0.00513975950063044	0.00701543036321614	0.0121551898638465	0.0792	0.0913551898638466	0.0562612754490534	0.0767929044170534	ELOA	0	0.00196832699108483
SRPK2:P78362:OID20502:v1	0	0.0120345926943762	0.0120345926943762	0.0793	0.0913345926943762	0	0.131763796600554	SRPK2	0	0.000138490310956001
DRG2:P55039:OID21335:v1	0	0.00832580934121941	0.00832580934121941	0.083	0.0913258093412194	0	0.0911660066445379	DRG2	0	0.00511830585629132
SLC39A14:Q15043:OID20852:v1	0.00535945003873565	0.0104599611004281	0.0158194111391638	0.0755	0.0913194111391638	0.0586890560493021	0.114542581582003	SLC39A14	0.00265091941439249	0.00357401698533611
TARBP2:Q15633:OID20870:v1	0	0.00411208236746329	0.00411208236746329	0.0872	0.0913120823674633	0	0.0450332777530494	TARBP2	0	0
TXNDC5:Q8NBS9:OID21012:v1	0.010171664691557	0.00594805738024783	0.0161197220718048	0.075	0.0911197220718048	0.111629672043352	0.0652773872110869	TXNDC5	0	0.00154319381890688
AXIN1:O15169:OID20582:v1	0	0.00311668770480255	0.00311668770480255	0.088	0.0911166877048025	0	0.0342054543828449	AXIN1	0	0.00123423514486694
CAMKK1:Q8N5S9:OID21182:v1	0.0433226092266996	0.00504066239892911	0.0483632716256287	0.0427	0.0910632716256287	0.475741849082731	0.0553534076795729	CAMKK1	0.0137125223536347	0.000448117036085442
CLIP2:Q9UDT6:OID20559:v1	0.0103685026114329	0.00200749553612131	0.0123759981475542	0.0786	0.0909759981475542	0.113969649386162	0.0220662106159621	CLIP2	0.00302507942662508	0.00143650794728925
CSF2:P04141:OID30072:v1	0.0246654790317042	0.00649642198150535	0.0311619010132095	0.0598	0.0909619010132095	0.271162747886307	0.0714191536142361	CSF2	0.00602147742452072	0.0120916697039642
GOT1:P17174:OID30417:v1	0	0.014253549395618	0.014253549395618	0.0764	0.090653549395618	0	0.157231012912849	GOT1	0	0.0129082539887756
IL22RA1:Q8N6P7:OID20449:v1	0.0410583840841104	0.0179556970174701	0.0590140811015805	0.0316	0.0906140811015805	0.453112624273958	0.19815570382865	IL22RA1	0.0255009788529777	0.00779275762132485
FABP5:Q01469:OID21043:v1	0.00675158781810466	0.00151613553535539	0.00826772335346005	0.0823	0.09056772335346	0.0745473946800576	0.0167403516309927	FABP5	1.33136092265757e-05	0
PDLIM5:Q96HC4:OID31063:v1	0	0.00821234392372917	0.00821234392372917	0.0823	0.0905123439237291	0	0.0907317562193435	PDLIM5	0	0.000767984655929261
AKR7L:Q8NHP1:OID30488:v1	0.0386228918272326	0.00446553184512166	0.0430884236723543	0.0472	0.0902884236723543	0.427772357255792	0.049458520411504	AKR7L	0.0223441257095852	0.00231910195547674
MVK:Q03426:OID20459:v1	0.00672857473140774	0	0.00672857473140774	0.0833	0.0900285747314077	0.0747382123007262	0	MVK	0.00087406561361534	0
FLI1:Q01543:OID21239:v1	0	0.00568159050939076	0.00568159050939076	0.0843	0.0899815905093907	0	0.0631416990656307	FLI1	0	0.00146259102725311
GMPR:P36959:OID20641:v1	0.0577829744807925	0.00110012008692936	0.0588830945677219	0.0309	0.0897830945677219	0.643584126377018	0.0122530872011719	GMPR	0.0181493041765212	0.000322971235700516
EIF4B:P23588:OID21000:v1	0	0.00963611072864097	0.00963611072864097	0.0799	0.0895361107286409	0	0.107622618965942	EIF4B	0	0.00122175312483072
TALDO1:P37837:OID30414:v1	0.0074665832392802	0.00754642700829484	0.015013010247575	0.0745	0.089513010247575	0.0834133855919841	0.0843053650795894	TALDO1	2.40133537792282e-05	0.00212764949944267
GLO1:Q04760:OID20107:v1	0.0617044869470893	0	0.0617044869470893	0.0278	0.0895044869470893	0.689401046268954	0	GLO1	0.0133772922065432	0
ARHGEF1:Q92888:OID31133:v1	0	0.00320345588599195	0.00320345588599195	0.0863	0.0895034558859919	0	0.0357914211723004	ARHGEF1	0	0
ATG16L1:Q676U5:OID31466:v1	0	0.00486405620177501	0.00486405620177501	0.0846	0.089464056201775	0	0.0543688315540349	ATG16L1	0	0.000360383014533559
IL1B:P01584:OID20427:v1	0	0.0324389711658519	0.0324389711658519	0.0569	0.0893389711658519	0	0.363099896299803	IL1B	0	0.017406853905727
GCG:P01275:OID21263:v1	0	0.00683613815973475	0.00683613815973475	0.0824	0.0892361381597347	0	0.0766072837833693	GCG	0	0.00487782886192318
SCRN1:Q12765:OID20542:v1	0.0102841672305453	0.00391371422301604	0.0141978814535613	0.075	0.0891978814535613	0.115296092944758	0.0438767620849114	SCRN1	0.000229540866512588	6.91369119570088e-05
BRAP:Q7Z569:OID31506:v1	0	0.00643054940857727	0.00643054940857727	0.0827	0.0891305494085772	0	0.0721475347257137	BRAP	0	0.000199412410425214
CASP10:Q92851:OID20893:v1	0.0195730171067279	0.00383721363606288	0.0234102307427908	0.0656	0.0890102307427908	0.219896262973267	0.043109804390364	CASP10	0.00738060826604265	0.000190811362588897
FGF19:O95750:OID20715:v1	0	0.0422876742579746	0.0422876742579746	0.0466	0.0888876742579746	0	0.475742836236721	FGF19	0	0.030486515386109
DARS1:P14868:OID20903:v1	0.00537526302915627	0.00605122517415351	0.0114264882033097	0.0774	0.0888264882033098	0.0605141905064753	0.0681241068576663	DARS1	0.000302392049749601	0.00789577095427024
IPCEF1:Q8WWN9:OID20977:v1	0.00849752158989563	0.00200311813227565	0.0105006397221712	0.0783	0.0888006397221712	0.0956921213234685	0.0225574741189113	IPCEF1	0.00271743609773407	0
TST:Q16762:OID20868:v1	0.0112537685179159	0	0.0112537685179159	0.0775	0.0887537685179159	0.126797641450506	0	TST	0	8.9348214114023e-05
UBXN1:Q04323:OID30654:v1	0.00131708068274625	0.00391072495030195	0.00522780563304821	0.0835	0.0887278056330482	0.0148440578841012	0.0440755287747738	UBXN1	0	0
SDCCAG8:Q86SQ7:OID31423:v1	0.0236328536777237	0.00368813146893605	0.0273209851466598	0.0614	0.0887209851466598	0.266372759935629	0.0415700013118588	SDCCAG8	0.00224763822518107	0.000764809725262816
NARS1:O43776:OID31035:v1	0	0.00595444994689401	0.00595444994689401	0.0827	0.088654449946894	0	0.067164704653414	NARS1	0	0.00207847170025908
CNST:Q6PJW8:OID20127:v1	0	0.00163555316152066	0.00163555316152066	0.087	0.0886355531615206	0	0.0184525633696919	CNST	0	0.000297857930399537
PKD2:Q13563:OID30184:v1	0.00566272537826215	0.0119422029691957	0.0176049283474578	0.071	0.0886049283474578	0.0639098240230632	0.134780346781222	PKD2	0	0.00536559685609522
DHRS4L2:Q6PKH6:OID31072:v1	0.0572896648445699	0	0.0572896648445699	0.0311	0.0883896648445699	0.648148909098272	0	DHRS4L2	0.0394567189788526	0.000138687650520512
FAM171B:Q6P995:OID31338:v1	0.0690986975650643	0.00292767593498613	0.0720263735000505	0.0163	0.0883263735000505	0.782311045126571	0.0331461127517531	FAM171B	0.0369374067116401	0.00311878540330568
PPM1F:P49593:OID30350:v1	0.00127682404184855	0.00537153708164888	0.00664836112349744	0.0816	0.0882483611234974	0.0144685297901649	0.0608684060900778	PPM1F	0	0.000222716582939846
PDLIM7:Q9NR12:OID20729:v1	0	0.0063015802537008	0.0063015802537008	0.0819	0.0882015802537008	0	0.0714452080742215	PDLIM7	0	0.000144150546685836
PTP4A3:O75365:OID30469:v1	0	0.0308377921032263	0.0308377921032263	0.0573	0.0881377921032263	0	0.349881604330516	PTP4A3	0	0.00142038875893716
NFE2:Q16621:OID30268:v1	0.00348290696786605	0.0038371229118966	0.00732002987976265	0.0808	0.0881200298797626	0.0395245776995126	0.0435442761098952	NFE2	0.000317447839337338	0.000614811918165254
DPY30:Q9C005:OID21410:v1	0.0016941476602731	0.00280777541766572	0.00450192307793882	0.0836	0.0881019230779388	0.0192294061365083	0.0318696268999921	DPY30	0	0
STK11:Q15831:OID20077:v1	0	0.008768117852918	0.008768117852918	0.0793	0.088068117852918	0	0.0995606363197358	STK11	0	0
VGF:O15240:OID31067:v1	0.00441424762924863	0	0.00441424762924863	0.0836	0.0880142476292486	0.0501537847354353	0	VGF	0	0
PARK7:Q99497:OID21160:v1	0.0138061510578196	0.00297391085682642	0.0167800619146461	0.0711	0.0878800619146461	0.157102199941881	0.0338405639690473	PARK7	0.00479069425771914	0
GIT1:Q9Y2X7:OID30533:v1	0.0035949210838527	0.00317661747177901	0.00677153855563171	0.0811	0.0878715385556317	0.040911097528772	0.0361506982123442	GIT1	0	0.0017494922112884
ARHGAP45:Q92619:OID30653:v1	0.00258234638503301	0.00286273800621728	0.00544508439125029	0.0823	0.0877450843912503	0.0294300974572943	0.0326256225756476	ARHGAP45	0	0
CEP43:O95684:OID20084:v1	0.00419338672319939	0.0063911810379966	0.010584567761196	0.0771	0.087684567761196	0.0478235433014832	0.0728883223260292	CEP43	0	0.000671310755933916
DNAJA2:O60884:OID20627:v1	0	0.00192236530466047	0.00192236530466047	0.0856	0.0875223653046604	0	0.0219642750509407	DNAJA2	0	0
MAD1L1:Q9Y6D9:OID20904:v1	0.018599546572252	0	0.018599546572252	0.0689	0.087499546572252	0.212567348070697	0	MAD1L1	0.00232961336976001	4.6715122230727e-05
FGD3:Q5JSP0:OID31040:v1	0	0.00135363409217875	0.00135363409217875	0.0861	0.0874536340921787	0	0.0154783058043303	FGD3	0	0
GPI:P06744:OID30680:v1	0	0.00849218518130678	0.00849218518130678	0.0789	0.0873921851813067	0	0.0971732788657088	GPI	0	0.000142860446803324
HIP1R:O75146:OID31141:v1	0.00846808716584604	0	0.00846808716584604	0.0789	0.087368087165846	0.096924259652973	0	HIP1R	0.00122965469999224	0
HNRNPK:P61978:OID20051:v1	0	0.00187091064584567	0.00187091064584567	0.0854	0.0872709106458456	0	0.0214379640592731	HNRNPK	0	0.000113346974034252
AKT2:P31751:OID31052:v1	0	0.00653223080576865	0.00653223080576865	0.0807	0.0872322308057686	0	0.0748832254480952	AKT2	0	0
MAPK9:P45984:OID20557:v1	0.00702054981791507	0	0.00702054981791507	0.0802	0.087220549817915	0.0804919234351473	0	MAPK9	0.000783591656366946	0
CIAPIN1:Q6FI81:OID21501:v1	0.00249653147572844	0.00512527252824774	0.00762180400397619	0.0795	0.0871218040039761	0.028655644867208	0.0588288154365333	CIAPIN1	0	0.000248682674007806
RAB10:P61026:OID30357:v1	0	0.00321883238373386	0.00321883238373386	0.0839	0.0871188323837338	0	0.0369476070289351	RAB10	0	0
NT5C3A:Q9H0P0:OID20553:v1	0.00684397285988391	0.00704805673796998	0.0138920295978538	0.0731	0.0869920295978539	0.078673562296709	0.0810195689254714	NT5C3A	0	0.00053921067446332
SYAP1:Q96A49:OID30636:v1	0.00175695459986716	0.00799044134668679	0.00974739594655395	0.0772	0.0869473959465539	0.0202070985650582	0.0918997200514028	SYAP1	0	0
STAMBP:O95630:OID20955:v1	0.00311355917517753	0.00281531355361342	0.00592887272879096	0.081	0.0869288727287909	0.0358173191189481	0.032386403564635	STAMBP	0	0.000697342619188214
VPS4B:O75351:OID31386:v1	0	0.00324324631445454	0.00324324631445454	0.0835	0.0867432463144545	0	0.0373890354840697	VPS4B	0	0.0023498223532074
ADD1:P35611:OID30655:v1	0.010732858659379	0.00813022921015141	0.0188630878695304	0.0678	0.0866630878695304	0.123845790903933	0.0938142109867041	ADD1	0.00698516299489191	0.000608082153641319
RGCC:Q9H4X1:OID31060:v1	0	0.00563320926653416	0.00563320926653416	0.0808	0.0864332092665341	0	0.0651741305724635	RGCC	0	0.000540175228543428
BOLA1:Q9Y3E2:OID30837:v1	0.00553680969195149	0.0447021362400115	0.050238945931963	0.0361	0.086338945931963	0.0641287617330262	0.517751702403661	BOLA1	0.00132812373701418	0.0205932664001911
CEP20:Q96NB1:OID21209:v1	0.00810482907183362	0.0096289870444219	0.0177338161162555	0.0686	0.0863338161162555	0.0938778040451705	0.11153204477207	CEP20	0.00145551377002387	0.00212064139081949
TP53BP1:Q12888:OID30470:v1	0	0.0159095600943293	0.0159095600943293	0.0704	0.0863095600943293	0	0.184331377392509	TP53BP1	0	0.0175523803050794
OXCT1:P55809:OID30227:v1	0	0.00664864610296029	0.00664864610296029	0.0795	0.0861486461029602	0	0.0771764433188443	OXCT1	0	0.00153597463204553
HCG22:E2RYF7:OID30088:v1	0.0838151335001403	0.00214351516995923	0.0859586486700995	0	0.0859586486700995	0	0	HCG22	0.0254387908635006	0.00245752392796676
TWF2:Q6IBS0:OID30386:v1	0.00165075995991335	0.00309344483503172	0.00474420479494507	0.0811	0.085844204794945	0.0192297192787387	0.0360355698141883	TWF2	0	0
PIBF1:Q8WXW3-4:OID31061:v1	0.00307591291445082	0.00884680298883788	0.0119227159032887	0.0739	0.0858227159032887	0.0358403119975484	0.103082300480995	PIBF1	0	0.00267361007400164
PDIA4:P13667:OID30375:v1	0.00411430062268945	0.00498259414946351	0.00909689477215297	0.0767	0.0857968947721529	0.047953957233716	0.0580742946780949	PDIA4	0.000575490041415126	2.76229582682282e-05
DUSP13:Q6B8I1:OID31394:v1	0.0390964042715753	0	0.0390964042715753	0.0467	0.0857964042715753	0.455688144549993	0	DUSP13	0	0.0231408507002702
PLEKHO1:Q53GL0:OID31088:v1	0.00264229601143695	0.00293199620874051	0.00557429222017747	0.0802	0.0857742922201774	0.0308052208073526	0.0341826919563994	PLEKHO1	0	0.000572485418989792
SERPINB9:P50453:OID20932:v1	0.019302841543261	0.00204403427592998	0.0213468758191909	0.0644	0.0857468758191909	0.225114225548738	0.023838002917332	SERPINB9	0.00368655003457216	0
YTHDF3:Q7Z739:OID20478:v1	0	0.00539075036526342	0.00539075036526342	0.0803	0.0856907503652634	0	0.0629093611887506	YTHDF3	0	0
PIKFYVE:Q9Y2I7:OID30465:v1	0	0.00297471140493607	0.00297471140493607	0.0827	0.085674711404936	0	0.0347209970848491	PIKFYVE	0	0.000259865137866119
PHLDB1:Q86UU1:OID31467:v1	0	0.00485612505134738	0.00485612505134738	0.0808	0.0856561250513473	0	0.0566932609715456	PHLDB1	0	0.000724389636783612
ECI2:O75521:OID30142:v1	0.0369534747541047	0	0.0369534747541047	0.0486	0.0855534747541047	0.43193423598884	0	ECI2	0.0248370377558274	0.00100693506949662
CMIP:Q8IY22:OID31406:v1	0	0.00164846139672226	0.00164846139672226	0.0839	0.0855484613967222	0	0.0192693283994634	CMIP	0	0.000404995125655542
CDC37:Q16543:OID21470:v1	0	0.00489726346293353	0.00489726346293353	0.0806	0.0854972634629335	0	0.0572797685513839	CDC37	0	0.00148765481626059
MPHOSPH8:Q99549:OID20092:v1	0.00173431350995198	0.00407889711862136	0.00581321062857334	0.0796	0.0854132106285733	0.0203049797237314	0.0477548740833405	MPHOSPH8	0	0
VWC2L:B2RUY7:OID31002:v1	0.00858033049800069	0	0.00858033049800069	0.0768	0.0853803304980006	0.10049540038032	0	VWC2L	7.55339294135574e-05	0.000228173360109212
AK2:P54819:OID31142:v1	0.00347185720067791	0	0.00347185720067791	0.0817	0.0851718572006779	0.0407629622599127	0	AK2	0	0.00102000690045079
DNMBP:Q6XZF7:OID20956:v1	0.013594539979677	0.00323384866652094	0.016828388646198	0.0683	0.085128388646198	0.159694553084721	0.0379878994298968	DNMBP	0	0.0123102428154111
PCYT2:Q99447:OID31519:v1	0	0.00839166662468458	0.00839166662468458	0.0767	0.0850916666246845	0	0.0986191357809204	PCYT2	0	0.00038514348700201
PTPRK:Q15262:OID31461:v1	0.00547644220083838	0.0145237482518115	0.0200001904526499	0.065	0.0850001904526499	0.0644285874146256	0.170867243643438	PTPRK	0.000958240960271345	0.0126663968626763
AKT3:Q9Y243:OID21197:v1	0.00161417322335968	0.00154338975013117	0.00315756297349085	0.0818	0.0849575629734908	0.018999759019257	0.018166596311299	AKT3	0	0
ACTA2:P62736:OID20079:v1	0.00198509811423838	0	0.00198509811423838	0.0829	0.0848850981142383	0.0233857079550858	0	ACTA2	0	0
DEFB4A_DEFB4B:O15263:OID21373:v1	0.0127218891835247	0.00666559532672844	0.0193874845102532	0.0654	0.0847874845102532	0.150044422912279	0.0786153211789457	DEFB4A_DEFB4B	0.00156546062217042	0.0172441910043826
SUGT1:Q9Y2Z0:OID21229:v1	0	0.00198585476485876	0.00198585476485876	0.0828	0.0847858547648587	0	0.0234220055971157	SUGT1	0	0.000691248376052906
PCDH1:Q08174:OID20614:v1	0.00429879413446197	0.0224670852954298	0.0267658794298918	0.0578	0.0845658794298918	0.0508336714930734	0.265675535415626	PCDH1	0	0.00465217838827857
DAB2:P98082:OID21428:v1	0	0.00425938644949795	0.00425938644949795	0.0802	0.0844593864494979	0	0.0504311791566805	DAB2	0	0
PCBP2:Q15366:OID31003:v1	0	0.00147903591776422	0.00147903591776422	0.0824	0.0838790359177642	0	0.0176329627728946	PCBP2	0	0.00109771501988392
CFC1:P0CG37:OID21261:v1	0	0.017488335519636	0.017488335519636	0.0662	0.083688335519636	0	0.208969809365281	CFC1	0	0.00967142117217145
EZR:P15311:OID21017:v1	0.00911679178408954	0.00345886216382596	0.0125756539479155	0.0709	0.0834756539479155	0.109214978894061	0.041435580318833	EZR	0	0.00455907776810589
SRC:P12931:OID21521:v1	0	0.00144265609721828	0.00144265609721828	0.082	0.0834426560972182	0	0.0172891919396413	SRC	0	0
ANKMY2:Q8IV38:OID30518:v1	0.00392073418544374	0.00684855630347028	0.010769290488914	0.0724	0.083169290488914	0.0471416091491889	0.0823447724900714	ANKMY2	0	0.00201356023185694
RAB11FIP3:O75154:OID30325:v1	0.002617869458294	0.00172855704822415	0.00434642650651816	0.0786	0.0829464265065181	0.0315609673442446	0.020839439636237	RAB11FIP3	0	0.00198402500895498
LMOD1:P29536:OID30547:v1	0.0201997248105249	0	0.0201997248105249	0.0626	0.0827997248105249	0.243958839920652	0	LMOD1	0.00424284257887053	0.000732867636226814
SNX9:Q9Y5X1:OID20135:v1	0.00590012227480794	0.0028257276744653	0.00872584994927324	0.0739	0.0826258499492732	0.0714077044705769	0.034199075424944	SNX9	0	0
STAT5B:P51692:OID21277:v1	0	0.00396258158488335	0.00396258158488335	0.0786	0.0825625815848833	0	0.0479948847143228	STAT5B	0	0.00172931675816859
SH3GLB2:Q9NR46:OID31145:v1	0.0400035811672784	0.0040483093495635	0.0440518905168419	0.0383	0.0823518905168419	0.485763968698414	0.0491586692686256	SH3GLB2	0	0.0377952654336372
EIF4G1:Q04637:OID20625:v1	0	0.00843559802618825	0.00843559802618825	0.0739	0.0823355980261882	0	0.102453838053197	EIF4G1	0	5.71848192271276e-05
DDX58:O95786:OID21226:v1	0.0764374354086375	0	0.0764374354086375	0.0057	0.0821374354086375	0.930604115265564	0	DDX58	0.0378061121773479	0
THOP1:P52888:OID20194:v1	0.0334341784488168	0	0.0334341784488168	0.0482	0.0816341784488168	0.409561032941361	0	THOP1	0.0224584093795807	0.000456869823530729
NFKB1:P19838:OID30160:v1	0.00660108131237782	0.00200010954704923	0.00860119085942705	0.073	0.081601190859427	0.0808944237560134	0.0245107887027628	NFKB1	0.00127488122464389	0.000369437917885369
AOC1:P19801:OID20452:v1	0.0602994672324956	0	0.0602994672324956	0.0211	0.0813994672324956	0.740784544206738	0	AOC1	0.0302048203710073	0
VTI1A:Q96AJ9:OID30640:v1	0.00236649783650311	0.00832867512289821	0.0106951729594013	0.0707	0.0813951729594013	0.0290741791000737	0.102323944038455	VTI1A	0	0
SNCA:P37840:OID30645:v1	0	0.012342924666697	0.012342924666697	0.0689	0.081242924666697	0	0.15192614885954	SNCA	0	0.00185706291418179
CC2D1A:Q6P1N0:OID20958:v1	0.00694287785968993	0	0.00694287785968993	0.0743	0.0812428778596899	0.0854582954542869	0	CC2D1A	0	0
NMNAT1:Q9HAN9:OID20913:v1	0.0129721382681531	0.035951889724932	0.0489240279930851	0.0323	0.0812240279930851	0.159708137957126	0.442626284527439	NMNAT1	0	0.0136223417948528
EEF1D:P29692:OID30335:v1	0	0.0141059593391998	0.0141059593391998	0.0669	0.0810059593391998	0	0.174134834699423	EEF1D	0	0.00189652665477341
PTPN1:P18031:OID20908:v1	0	0.00765634980075342	0.00765634980075342	0.0733	0.0809563498007534	0	0.0945738020500791	PTPN1	0	0
PTPN6:P29350:OID20717:v1	0	0.00445197213398972	0.00445197213398972	0.0765	0.0809519721339897	0	0.0549952276223849	PTPN6	0	0.000162042823538891
PLPBP:O94903:OID20144:v1	0	0.00378516416786926	0.00378516416786926	0.0771	0.0808851641678692	0	0.0467967668336992	PLPBP	0	0
PPP2R5A:Q15172:OID31502:v1	0.00415728247599943	0.00161263125824124	0.00576991373424068	0.0749	0.0806699137342406	0.0515344852071517	0.0199904919144193	PPP2R5A	0.000155182478354361	0
TNIP1:Q15025:OID31120:v1	0	0.00775879997422293	0.00775879997422293	0.0727	0.0804587999742229	0	0.0964319624044687	TNIP1	0	0.00112923083322139
CALCOCO1:Q9P1Z2:OID21387:v1	0.00495016735792606	0.00540165203003989	0.0103518193879659	0.0699	0.0802518193879659	0.0616829300030593	0.0673087796792042	CALCOCO1	6.33014077994306e-05	0.000523249710607307
RRAS:P10301:OID30961:v1	0	0.00162000932470562	0.00162000932470562	0.0785	0.0801200093247056	0	0.0202197845252381	RRAS	0	0
DYNLT3:P51808:OID31415:v1	0	0.0468843746208483	0.0468843746208483	0.0332	0.0800843746208483	0	0.585437232204382	DYNLT3	0	0.0326112869363408
VPS53:Q5VIR6:OID21281:v1	0	0.00292563463084662	0.00292563463084662	0.0769	0.0798256346308466	0	0.0366503147062495	VPS53	0	0.000117295441870637
ADAM12:O43184:OID30491:v1	0.0286765520352525	0	0.0286765520352525	0.0511	0.0797765520352525	0.359460910551519	0	ADAM12	0	0.0044481888638832
RRM2B:Q7LG56:OID21174:v1	0.00676786179441644	0.00689192400025666	0.0136597857946731	0.066	0.0796597857946731	0.0849595781221522	0.086516978818157	RRM2B	0	0.00791133080117178
ATXN10:Q9UBB4:OID20865:v1	0.00496634537321669	0.00817564867871014	0.0131419940519268	0.0665	0.0796419940519268	0.0623583755321171	0.102654997228969	ATXN10	0.000611613452375362	0.000975202124648643
GNE:Q9Y223:OID21231:v1	0	0.0126087405441254	0.0126087405441254	0.0668	0.0794087405441254	0	0.158782779549551	GNE	0	0.00412000592375277
SMPD3:Q9NY59:OID30477:v1	0	0.00526890006437515	0.00526890006437515	0.0741	0.0793689000643751	0	0.0663849449860287	SMPD3	0	0.00419473087793011
TJAP1:Q5JTD0:OID21477:v1	0.00221906800303454	0.00198654183185091	0.00420560983488546	0.0751	0.0793056098348854	0.0279812236190435	0.0250491968473214	TJAP1	0	1.72775508184358e-05
GPIHBP1:Q8IV16:OID31469:v1	0.057101888793086	0.00568876318800603	0.062790651981092	0.0165	0.079290651981092	0.720159153271974	0.0717456982112165	GPIHBP1	0	0.0457004567982135
KRT19:P08727:OID20596:v1	0.0128957145796769	0.0031587331272232	0.0160544477069001	0.0631	0.0791544477069002	0.162918382393726	0.0399059461436661	KRT19	0	0.00391082664603867
SLC9A3R2:Q15599:OID31445:v1	0.00713864380570032	0.0143721292332863	0.0215107730389866	0.0576	0.0791107730389866	0.0902360516965537	0.181670949242318	SLC9A3R2	7.8383515530482e-05	0.00482221244058768
LAT2:Q9GZY6:OID21292:v1	0	0.00184362344374332	0.00184362344374332	0.0771	0.0789436234437433	0	0.0233536714343639	LAT2	0	0
CRIP2:P52943:OID20901:v1	0.0173503269904954	0.00666143166699559	0.024011758657491	0.0549	0.078911758657491	0.21986998244207	0.0844162109719148	CRIP2	0.00884261859405666	0.00487274421238296
VAV3:Q9UKW4:OID30795:v1	0.00348952244507303	0.00133789612661008	0.00482741857168312	0.074	0.0788274185716831	0.0442678766893752	0.0169724716456806	VAV3	0.00033323827577475	0
VASP:P50552:OID30692:v1	0	0.00362537396187823	0.00362537396187823	0.075	0.0786253739618782	0	0.0461094654206161	VASP	0	7.28404911760182e-05
CDC42BPB:Q9Y5S2:OID31485:v1	0	0.00356140062296615	0.00356140062296615	0.075	0.0785614006229661	0	0.0453327027614759	CDC42BPB	0	0
CTF1:Q16619:OID20061:v1	0.00142849817656779	0.0028949509435071	0.0043234491200749	0.0742	0.0785234491200749	0.0181919947808634	0.0368673431433234	CTF1	0	0.001947731668443
CSNK2A1:P68400:OID31053:v1	0	0.0265879251893599	0.0265879251893599	0.0519	0.0784879251893599	0	0.338751790485147	CSNK2A1	0	0.0133272540899993
NPPB:P16860:OID20049:v1	0.0198142925971767	0.00151075259178729	0.021325045188964	0.0571	0.078425045188964	0.252652613070665	0.0192636496178886	NPPB	0.00467863355212754	1.88134228299069e-05
GLOD4:Q9HC38:OID20710:v1	0	0.00322016129215124	0.00322016129215124	0.0751	0.0783201612921512	0	0.0411153557273629	GLOD4	0	0.00100992652973318
DNAJB1:P25685:OID21363:v1	0.00142624522614786	0.0148301230465436	0.0162563682726914	0.062	0.0782563682726914	0.0182252928116722	0.189506916483354	DNAJB1	0	0.00670455999741433
STXBP1:P61764:OID31054:v1	0.00135729487665393	0.00498491949443283	0.00634221437108677	0.0718	0.0781422143710867	0.0173695471465439	0.0637929131462813	STXBP1	0	0.00278744014018715
DNAJB14:Q8TBM8:OID31434:v1	0	0.00659864838289442	0.00659864838289442	0.0715	0.0780986483828944	0	0.0844911982412706	DNAJB14	0	0.00292451076987526
GGCT:O75223:OID30304:v1	0.00674646804672279	0.00353140574466336	0.0102778737913861	0.0676	0.0778778737913861	0.0866288166109255	0.04534543090022	GGCT	0.00139371771893331	0
TRIM21:P19474:OID20533:v1	0.00851089908513487	0.00204827177853746	0.0105591708636723	0.0673	0.0778591708636723	0.109311452854244	0.0263073926400254	TRIM21	0	0.000167022657814031
CBS:P35520:OID30200:v1	0.00987409276899949	0.00566929636993591	0.0155433891389354	0.0622	0.0777433891389354	0.127008776930903	0.0729231955633463	CBS	0	0.00654216805485539
REG3G:Q6UW15:OID31408:v1	0.0604351312240806	0	0.0604351312240806	0.0172	0.0776351312240806	0.778450815644851	0	REG3G	0.0535218644620778	0.00380429909407329
USO1:O60763:OID21367:v1	0	0.00544333030993039	0.00544333030993039	0.0721	0.0775433303099303	0	0.0701972727786403	USO1	0	0
SLMAP:Q14BN4:OID31441:v1	0.0025017726267212	0	0.0025017726267212	0.0747	0.0772017726267212	0.0324056370935618	0	SLMAP	0	0.00073521002091349
STX4:Q12846:OID21326:v1	0	0.0020109164567088	0.0020109164567088	0.075	0.0770109164567088	0	0.0261120961706672	STX4	0	0
INPP5D:Q92835:OID30259:v1	0.01527746837285	0	0.01527746837285	0.0617	0.07697746837285	0.198466755217925	0	INPP5D	0.00203755492876685	0
BID:P55957:OID20517:v1	0.00202425395644412	0.00643431365683575	0.00845856761327988	0.0684	0.0768585676132798	0.0263373885215936	0.0837162837747709	BID	0	0.000583858109135577
GORASP2:Q9H8Y8:OID31438:v1	0.00138764159008688	0.00413415291013257	0.00552179450021946	0.0713	0.0768217945002194	0.0180631238714805	0.053814844303341	GORASP2	0	0.00271709600106011
TRIM25:Q14258:OID31482:v1	0.00413350628531696	0	0.00413350628531696	0.0724	0.0765335062853169	0.0540091064155253	0	TRIM25	0	0.000138057246465101
MAVS:Q7Z434:OID21204:v1	0.00433937234678807	0.00160702414447765	0.00594639649126572	0.0705	0.0764463964912657	0.0567635957475623	0.0210215813725275	MAVS	0	0
MYOM2:P54296:OID30131:v1	0.0128171649574902	0.00348722889402224	0.0163043938515125	0.0601	0.0764043938515125	0.167754291492707	0.0456417323432926	MYOM2	0.000622447043974358	0.000810297637606787
TIMM8A:O60220:OID31143:v1	0	0.00143223802389268	0.00143223802389268	0.0748	0.0762322380238927	0	0.0187878260040561	TIMM8A	0	0
VPS37A:Q8NEZ2:OID21355:v1	0	0.00281976554281284	0.00281976554281284	0.0734	0.0762197655428128	0	0.0369952009525531	VPS37A	0	0
OPHN1:O60890:OID31087:v1	0.00397096977679849	0.0019435439301486	0.00591451370694709	0.0703	0.0762145137069471	0.0521025403647826	0.0255009687212823	OPHN1	0	0.000103525521729193
PCDH7:O60245:OID31456:v1	0.00723297066653728	0.00976826426357633	0.0170012349301136	0.0592	0.0762012349301136	0.0949193365851728	0.128190366895432	PCDH7	0.000890237822217905	0.00364819417671108
PAK4:O96013:OID20819:v1	0	0.00159767067732554	0.00159767067732554	0.0746	0.0761976706773255	0	0.0209674477332936	PAK4	0	0
BLNK:Q8WV28:OID30541:v1	0.001666313074889	0.0106754295640014	0.0123417426388904	0.0638	0.0761417426388904	0.0218843569524229	0.140204691855172	BLNK	0	0.00158786642737508
S100A12:P80511:OID21374:v1	0.02920140182586	0.0161339651262657	0.0453353669521257	0.0308	0.0761353669521257	0.383545821014063	0.211911569775592	S100A12	0.00207028718962115	0.00210819235123873
SUGP1:Q8IWZ8:OID31524:v1	0.0296165358969306	0	0.0296165358969306	0.0465	0.0761165358969306	0.389094636900375	0	SUGP1	0.0134391570159246	0
POF1B:Q8WVV4:OID30504:v1	0.00817249548688977	0.00533649507544824	0.013508990562338	0.0623	0.075808990562338	0.107803776653238	0.0703939603451126	POF1B	0	0
VSTM2L:Q96N03:OID20067:v1	0.0183995584832944	0.0159844389932243	0.0343839974765187	0.0414	0.0757839974765187	0.242789495090905	0.210921032480202	VSTM2L	0	0.0086768377059656
SEPTIN8:Q92599:OID31079:v1	0.0076017318019706	0.00435495091270991	0.0119566827146805	0.0637	0.0756566827146805	0.100476673430667	0.0575620124547818	SEPTIN8	0.000126750199720239	0
TSPYL1:Q9H0U9:OID30512:v1	0.00812975865345652	0.00142469764128126	0.00955445629473779	0.0661	0.0756544562947378	0.107459085050909	0.0188316420612537	TSPYL1	0	0.000245432021411603
UXS1:Q8NBZ7:OID21189:v1	0.00750783061946291	0.0418779323502125	0.0493857629696755	0.0262	0.0755857629696755	0.0993286344476672	0.554045242184215	UXS1	0	0.0172203764995104
IRAK1:P51617:OID20485:v1	0	0.00168514469086634	0.00168514469086634	0.0739	0.0755851446908663	0	0.0222946545615328	IRAK1	0	0
RABEP1:Q15276:OID30647:v1	0.0024853710643736	0.00456973021584872	0.00705510128022232	0.0685	0.0755551012802223	0.0328948148074839	0.0604820870916483	RABEP1	2.59739132782566e-06	0
RAB33A:Q14088:OID30122:v1	0.00210641120303147	0	0.00210641120303147	0.0732	0.0753064112030314	0.0279712068253052	0	RAB33A	0	6.83434040468122e-06
DNPEP:Q9ULA0:OID31118:v1	0.00616904167087613	0.0276282009675485	0.0337972426384247	0.0414	0.0751972426384247	0.0820381366978986	0.367409761291313	DNPEP	0	0.0105269782958963
RILP:Q96NA2:OID21436:v1	0.00384646306065507	0.00643444712988895	0.010280910190544	0.0648	0.075080910190544	0.0512309061103991	0.0857001748321817	RILP	0	0.00398471629776521
PLSCR3:Q9NRY6:OID31146:v1	0.00220550825356485	0.00146817054426381	0.00367367879782867	0.0713	0.0749736787978286	0.0294171006269033	0.0195824797156189	PLSCR3	0	0
NINJ1:Q92982:OID21167:v1	0.0385673138289372	0.00351116680863512	0.0420784806375723	0.0328	0.0748784806375723	0.515065389956443	0.0468915338390733	NINJ1	0	0.0172106597133586
BECN1:Q14457:OID30220:v1	0	0.0102193050251316	0.0102193050251316	0.0646	0.0748193050251316	0	0.136586473527106	BECN1	0	0.00121755813379864
OTUD6B:Q8N6M0:OID31487:v1	0	0.00355808513607073	0.00355808513607073	0.0711	0.0746580851360707	0	0.0476584033676435	OTUD6B	0	0.00381284427711016
IFIT3:O14879:OID31283:v1	0.00481790700905486	0.0243148627524708	0.0291327697615257	0.0455	0.0746327697615257	0.0645548466772644	0.325793385803102	IFIT3	0	0.0183123676439113
CERT:Q9Y5P4:OID20857:v1	0.00149710031499283	0.00660211168254755	0.00809921199754038	0.0664	0.0744992119975404	0.0200955187961217	0.0886198861105474	CERT	0	0.0021579177357147
PRL:P01236:OID21033:v1	0	0.00827653240439458	0.00827653240439458	0.0662	0.0744765324043945	0	0.111129400593658	PRL	0	0.000289550961084884
RAD23B:P54727:OID21166:v1	0.00216569787271886	0.00167289204941749	0.00383858992213635	0.0706	0.0744385899221363	0.0290937519770888	0.0224734516218987	RAD23B	0	0.000719265997990235
PLIN3:O60664:OID20143:v1	0.00194544219187284	0.0017542104375225	0.00369965262939534	0.0705	0.0741996526293953	0.0262190202101044	0.0236417607813374	PLIN3	0	1.33734817255223e-05
DNPH1:O43598:OID20744:v1	0.045269079657652	0	0.045269079657652	0.0289	0.074169079657652	0.610349755809348	0	DNPH1	0.0240699432525754	0
ARF6:P62330:OID31523:v1	0	0.00182759434770114	0.00182759434770114	0.072	0.0738275943477011	0	0.0247548950206048	ARF6	0	0.00270728105906703
MAPRE3:Q9UPY8:OID31177:v1	0	0.0120208189614595	0.0120208189614595	0.0617	0.0737208189614595	0	0.163058673666442	MAPRE3	0	0.00333731616868945
ABL1:P00519:OID21280:v1	0	0.0032398549045865	0.0032398549045865	0.0703	0.0735398549045865	0	0.0440557696066985	ABL1	0	0.000541072198255696
TRIM40:Q6P9F5:OID30885:v1	0.0412679806825987	0	0.0412679806825987	0.0321	0.0733679806825987	0.562479439922579	0	TRIM40	0.0233819452940502	0.00253720916768614
NFATC3:Q12968:OID20470:v1	0	0.0120632964900211	0.0120632964900211	0.0613	0.0733632964900212	0	0.164432312439259	NFATC3	0	0.00898047683981114
ILKAP:Q9H0C8:OID20855:v1	0	0.0015362420514761	0.0015362420514761	0.0716	0.0731362420514761	0	0.0210052090233846	ILKAP	0	0
PAGR1:Q9BTK6:OID30206:v1	0	0.00312888915098689	0.00312888915098689	0.0699	0.0730288891509869	0	0.042844539843923	PAGR1	0	0
DCTN1:Q14203:OID21399:v1	0	0.00503686612736587	0.00503686612736587	0.0679	0.0729368661273658	0	0.069057890677264	DCTN1	0	0.000861766910648244
CCDC50:Q8IVM0:OID31001:v1	0.0216218117676022	0.0243761519946206	0.0459979637622228	0.0269	0.0728979637622228	0.296603782214382	0.334387282395572	CCDC50	0.00811081353235646	0.0194948052619502
GOLGA3:Q08378:OID31026:v1	0.010540386626739	0.0223747638396261	0.0329151504663652	0.0399	0.0728151504663652	0.144755405423599	0.307281708495013	GOLGA3	0.00425291808262475	0.0110239042081095
PKLR:P30613:OID20682:v1	0.0284059314455425	0.00336263756960618	0.0317685690151487	0.041	0.0727685690151486	0.390359901671682	0.0462100274214017	PKLR	0.00844747036990829	0.00113273589029522
ENAH:Q8N8S7:OID20497:v1	0.00749442232135677	0.00174055114673352	0.00923497346809029	0.0635	0.0727349734680903	0.103037396784707	0.0239300444303746	ENAH	0.00237595065986159	0
LYZL2:Q7Z4W2:OID31180:v1	0.0266811271791978	0.00182730652937229	0.0285084337085701	0.044	0.0725084337085701	0.367972742128675	0.0252012963997637	LYZL2	0.0176260808750046	0
AGR2:O95994:OID20896:v1	0.00721795315903086	0.00708896069952597	0.0143069138585568	0.0582	0.0725069138585568	0.0995484813091247	0.0977694446264089	AGR2	0.000388840494818502	0.00186088017000301
TAB2:Q9NYJ8:OID31319:v1	0	0.00140422148158399	0.00140422148158399	0.0711	0.0725042214815839	0	0.0193674444451577	TAB2	0	0
LTB:Q06643:OID31383:v1	0.0321067499512615	0.00411943811894112	0.0362261880702026	0.0362	0.0724261880702026	0.443303048341305	0.0568777431023727	LTB	0.0110339104548626	0.00781579526094758
TYRP1:P17643:OID30517:v1	0.00314752396490595	0.00818163084290559	0.0113291548078115	0.0607	0.0720291548078115	0.0436979161188852	0.113587766852684	TYRP1	0.000386807489352903	0.00378172098915809
BNIP3L:O60238:OID30525:v1	0.0014331244615184	0.00282701444605617	0.00426013890757458	0.0676	0.0718601389075745	0.019943246468834	0.0393405090643122	BNIP3L	0	0.000985606035163637
PARP1:P09874:OID20500:v1	0.0067503980625887	0.00869439925943299	0.0154447973220216	0.0564	0.0718447973220217	0.0939580639685316	0.121016407360202	PARP1	0.000612162175323959	0
BAX:Q07812:OID20856:v1	0	0.00312690156722719	0.00312690156722719	0.0687	0.0718269015672272	0	0.0435338501174318	BAX	0	0.000121160662813726
XIAP:P98170:OID30490:v1	0	0.00528432603014199	0.00528432603014199	0.0665	0.071784326030142	0	0.0736139255235624	XIAP	0	0
MCEE:Q96PE7:OID31033:v1	0.0190642616447623	0	0.0190642616447623	0.0527	0.0717642616447623	0.265651191941912	0	MCEE	0.0113324488956877	0
TXNDC9:O14530:OID31121:v1	0.00290138663016869	0.00253244353302419	0.00543383016319288	0.0663	0.0717338301631928	0.0404465595043245	0.0353033363374427	TXNDC9	0	0.000729378649481853
ALDH5A1:P51649:OID31047:v1	0.0157878591155611	0	0.0157878591155611	0.0559	0.0716878591155611	0.220230584513774	0	ALDH5A1	0.0083992951376426	0.000472282790614897
MMP13:P45452:OID20807:v1	0.0113136182354788	0	0.0113136182354788	0.0602	0.0715136182354788	0.158202290901091	0	MMP13	0.00275385284539659	0
RNASEH2A:O75792:OID31027:v1	0.00589276242290002	0.0110423613931382	0.0169351238160383	0.0544	0.0713351238160383	0.0826067455647305	0.154795573378617	RNASEH2A	0.000170652149239099	0.00110260070240152
PSRC1:Q6PGN9:OID21169:v1	0.0221159923466789	0.00638586651090999	0.0285018588575889	0.0428	0.0713018588575889	0.310174134321675	0.089561010234873	PSRC1	0.0153418932987031	0.001426850037885
CHAC2:Q8WUX2:OID21230:v1	0.0197826674378474	0	0.0197826674378474	0.0514	0.0711826674378474	0.277914106760898	0	CHAC2	0.00203879762767439	9.1412110921605e-05
RAB2B:Q8WUD1:OID31362:v1	0.0136430594711043	0.00371134854421957	0.0173544080153238	0.0537	0.0710544080153238	0.192008629051725	0.0522324884251962	RAB2B	0.00321046018738846	0.00212117649701065
VAMP5:O95183:OID20071:v1	0.00574253726263818	0.00180038528836556	0.00754292255100374	0.0635	0.0710429225510037	0.0808319401347185	0.0253422188124794	VAMP5	0.00395172245507959	0.00127554928328641
FKBPL:Q9UIM3:OID31499:v1	0.00577822623805288	0.0015890214446956	0.00736724768274849	0.0636	0.0709672476827485	0.0814210276814429	0.0223909126615584	FKBPL	0.000760925180123758	0.000454933492679446
GRSF1:Q12849:OID31224:v1	0	0.00141563800678385	0.00141563800678385	0.0694	0.0708156380067838	0	0.0199904716899993	GRSF1	0	0.00122776920196711
RPE:Q96AT9:OID31324:v1	0.00171911316785376	0.0015992840624126	0.00331839723026637	0.0674	0.0707183972302663	0.0243092778567387	0.0226148233705745	RPE	0	0.00159871744802293
RGS10:O43665:OID30999:v1	0	0.00290544903566937	0.00290544903566937	0.0678	0.0707054490356693	0	0.0410922931018179	RGS10	0	0.00100065638159437
BAG4:O95429:OID30474:v1	0	0.00422288867099833	0.00422288867099833	0.0664	0.0706228886709983	0	0.0597949014896708	BAG4	0	0.00018678698433229
LPP:Q93052:OID30190:v1	0	0.00179970742154452	0.00179970742154452	0.0688	0.0705997074215445	0	0.025491712179466	LPP	0	0.00140791519789658
ALDH1A1:P00352:OID21128:v1	0.00589833960277426	0.00556023861635326	0.0114585782191275	0.0591	0.0705585782191275	0.0835949327728275	0.0788031555721733	ALDH1A1	0	0.00787573727571074
STX8:Q9UNK0:OID20531:v1	0.00507829391383152	0.00293256278033938	0.0080108566941709	0.0624	0.0704108566941709	0.0721237342117432	0.0416492983898342	STX8	0	0
IGBP1:P78318:OID31059:v1	0.0021046842287974	0.00290511870676461	0.00500980293556201	0.0654	0.070409802935562	0.0298919204577745	0.0412601454008234	IGBP1	0	0
REEP4:Q9H6H4:OID31028:v1	0.0150550159001676	0.0180800747158177	0.0331350906159853	0.0371	0.0702350906159853	0.214351768726004	0.257422245166189	REEP4	0.00381185459746049	0.00049069253265705
ATP6V1G1:O75348:OID30242:v1	0	0.00121356678155154	0.00121356678155154	0.0689	0.0701135667815515	0	0.0173085871573554	ATP6V1G1	0	0.000717005806304776
SF3B4:Q15427:OID21278:v1	0.00165581933452711	0.00651145512058181	0.00816727445510892	0.0616	0.0697672744551089	0.023733467409459	0.0933310806740995	SF3B4	0	0.00562847319418771
S100A16:Q96FQ6:OID20878:v1	0.00517022859631403	0.00641763417554672	0.0115878627718607	0.058	0.0695878627718607	0.0742978500900981	0.0922234700120984	S100A16	0.00279485229328554	0.00311992156336159
ARFIP1:P53367:OID31024:v1	0.0128213654632601	0.00168467840224004	0.0145060438655001	0.0549	0.0694060438655002	0.18472981240807	0.0242727910771679	ARFIP1	0.00377608369345259	0.000766672662619364
NAPRT:Q6XQN6:OID31114:v1	0.0693290718825637	0	0.0693290718825637	0	0.0693290718825637	0	0	NAPRT	0	0.0237962701837424
AKT1S1:Q96B36:OID20895:v1	0	0.00562935199063314	0.00562935199063314	0.0635	0.0691293519906331	0	0.0814321533260706	AKT1S1	0	0.00131344125440302
WASL:O00401:OID30467:v1	0	0.00771994737600612	0.00771994737600612	0.0613	0.0690199473760061	0	0.111850960041297	WASL	0	0.000223998627895106
ZNRF4:Q8WWF5:OID31347:v1	0	0.0192189413141513	0.0192189413141513	0.0497	0.0689189413141513	0	0.278862979431824	ZNRF4	0	0.0167663279871088
ACTN2:P35609:OID30192:v1	0	0.00431762373072344	0.00431762373072344	0.0646	0.0689176237307234	0	0.0626490510989375	ACTN2	0	0.00389096844678634
PRKAB1:Q9Y478:OID20444:v1	0.0187280283759514	0.00134630326169078	0.0200743316376422	0.0487	0.0687743316376422	0.272311310484638	0.0195756647812178	PRKAB1	0.00562455348011295	0
NFKBIE:O00221:OID21212:v1	0.0234267148793003	0.00164668695365827	0.0250734018329586	0.0436	0.0686734018329586	0.341132290727107	0.023978526033466	NFKBIE	0.00907435978899787	0
PPP1R9B:Q96SB3:OID20643:v1	0	0.00352981745397169	0.00352981745397169	0.0651	0.0686298174539717	0	0.0514327093517195	PPP1R9B	0	0
C5:P01031:OID30744:v1	0.0160887772159626	0.00199976077038557	0.0180885379863482	0.0502	0.0682885379863482	0.235599965827047	0.0292839886363557	C5	0	0.0169155577201904
STIP1:P31948:OID21077:v1	0	0.00480400176679149	0.00480400176679149	0.063	0.0678040017667915	0	0.0708513014219222	STIP1	0	0
TRIM24:O15164:OID31271:v1	0	0.00578999266019423	0.00578999266019423	0.062	0.0677899926601942	0	0.0854107285306445	TRIM24	0	0.000670168052738584
BRDT:Q58F21:OID30179:v1	0	0.0279150400514654	0.0279150400514654	0.0397	0.0676150400514654	0	0.412852525565581	BRDT	0	0.0235666524640835
ARHGAP1:Q07960:OID21202:v1	0	0.0157078832484582	0.0157078832484582	0.0519	0.0676078832484582	0	0.232338042454782	ARHGAP1	0	0.00973113426496365
AKR1B1:P15121:OID21244:v1	0.0124138046338815	0.00401241376807617	0.0164262184019577	0.0507	0.0671262184019577	0.184932280253694	0.0597741666907182	AKR1B1	0.0068861257402403	0.000937808072898405
AARSD1:Q9BTE6:OID21311:v1	0.01126726757134	0.00349750551879443	0.0147647730901344	0.0523	0.0670647730901344	0.168005751040071	0.0521511571222916	AARSD1	0	0.00181799989173248
PTGES2:Q9H7Z7:OID30561:v1	0.00346343393829287	0	0.00346343393829287	0.0636	0.0670634339382928	0.0516441484562166	0	PTGES2	0	0
LSP1:P33241:OID20530:v1	0.0203380930775392	0.00134048183359657	0.0216785749111357	0.0453	0.0669785749111357	0.303650728677385	0.0200135914413685	LSP1	0.00786306252388298	0.000442983261774107
PEBP1:P30086:OID21087:v1	0.00793818782273224	0.00169626418135183	0.00963445200408408	0.0571	0.066734452004084	0.118951869451875	0.0254181180846143	PEBP1	0.000174722391743853	0
CORO1A:P31146:OID20286:v1	0	0.00553299390562388	0.00553299390562388	0.0612	0.0667329939056238	0	0.0829124183076341	CORO1A	0	0.00234482911625606
HGS:O14964:OID21175:v1	0	0.00617320054562145	0.00617320054562145	0.0605	0.0666732005456214	0	0.0925889337110405	HGS	0	0.00117132953009707
CAMSAP1:Q5T5Y3:OID31070:v1	0	0.00282615112082325	0.00282615112082325	0.0635	0.0663261511208232	0	0.0426099068476774	CAMSAP1	0	0.000146935135819834
PAFAH1B3:Q15102:OID30998:v1	0	0.0157068748403252	0.0157068748403252	0.0506	0.0663068748403252	0	0.236881543250971	PAFAH1B3	0	0.0110751409687228
BIRC2:Q13490:OID21217:v1	0.00199990053214547	0.00274216733233339	0.00474206786447886	0.0615	0.0662420678644788	0.0301907925977939	0.0413961613931414	BIRC2	0	0.00085786077696982
AIF1:P55008:OID21234:v1	0.0145093911988729	0	0.0145093911988729	0.0517	0.0662093911988729	0.21914400564855	0	AIF1	0.00398157388568353	0.000249843214801918
HDGFL2:Q7Z4V5:OID31136:v1	0	0.00833682074484953	0.00833682074484953	0.0578	0.0661368207448495	0	0.126054150334989	HDGFL2	1.37318899339098e-05	0
MRPL58:Q14197:OID31036:v1	0	0.0100680120696204	0.0100680120696204	0.056	0.0660680120696204	0	0.152388603111156	MRPL58	0	0.000674813518790215
CSDE1:O75534:OID30183:v1	0	0.00848411699487388	0.00848411699487388	0.0574	0.0658841169948738	0	0.128773327804241	CSDE1	0	0.00647217937486456
NEXN:Q0ZGT2:OID30678:v1	0.00307392061702423	0.00420222900173356	0.00727614961875779	0.0586	0.0658761496187577	0.0466621172429445	0.0637898393584468	NEXN	0	0.00138727418052841
DBN1:Q16643:OID30549:v1	0	0.00337219618987408	0.00337219618987408	0.0625	0.065872196189874	0	0.0511930129087218	DBN1	0	0.0004845251659369
FOXJ3:Q9UPW0:OID30445:v1	0.00365630587109936	0.00185382006452571	0.00551012593562508	0.0602	0.065710125935625	0.0556429594227437	0.0282120911827481	FOXJ3	0.000370813925119168	0
LRRC59:Q96AG4:OID30361:v1	0	0.0112058265346643	0.0112058265346643	0.0545	0.0657058265346643	0	0.170545401004164	LRRC59	0	0.00337859206103861
CSNK1D:P48730:OID30492:v1	0	0.00377151790138433	0.00377151790138433	0.0617	0.0654715179013843	0	0.0576054752093137	CSNK1D	0	0.00033329271245869
UNC79:Q9P2D8:OID31181:v1	0	0.00955368747279936	0.00955368747279936	0.0558	0.0653536874727993	0	0.146184367588679	UNC79	0	0.00244002393912002
CEP85:Q6P2H3:OID21241:v1	0.00598006349097941	0.0104384320766652	0.0164184955676446	0.0485	0.0649184955676446	0.0921164829635989	0.160792883220598	CEP85	0	0
PLIN1:O60240:OID20835:v1	0.00330055404245289	0	0.00330055404245289	0.0616	0.0649005540424529	0.0508555603438136	0	PLIN1	0	4.5675615486429e-07
NAP1L4:Q99733:OID31475:v1	0.0291972027461226	0.00849404156006034	0.0376912443061829	0.0272	0.064891244306183	0.449940559135505	0.13089657396585	NAP1L4	0.00746573372844264	3.17224775103498e-05
VTA1:Q9NP79:OID21016:v1	0	0.00735619885424712	0.00735619885424712	0.0574	0.0647561988542471	0	0.113598373351166	VTA1	0	0.000951005760740912
SLC27A4:Q6P1M0:OID20814:v1	0.00157162992652382	0.00702683713783015	0.00859846706435398	0.0559	0.0644984670643539	0.0243669345653706	0.108945800693512	SLC27A4	0	0
RAPGEF2:Q9Y4G8:OID31337:v1	0	0.00167167141014417	0.00167167141014417	0.0628	0.0644716714101441	0	0.0259287741977346	RAPGEF2	0	0
INSL4:Q14641:OID31370:v1	0.0179727773782912	0.0115577285593555	0.0295305059376468	0.0348	0.0643305059376468	0.279381875151294	0.179661707783832	INSL4	0.00897928150468643	0.00751135626840244
MDH1:P40925:OID30669:v1	0.00452386204119604	0	0.00452386204119604	0.0598	0.064323862041196	0.0703294531397811	0	MDH1	0	0.00022934001867788
SMTN:P53814:OID31154:v1	0	0.00852316529792933	0.00852316529792933	0.0554	0.0639231652979293	0	0.133334531514593	SMTN	0	0.00328471492731034
ATXN2L:Q8WWM7:OID30980:v1	0	0.00268534390701336	0.00268534390701336	0.0611	0.0637853439070133	0	0.0420997010054233	ATXN2L	0	0
PPIF:P30405:OID30385:v1	0	0.0017563321542602	0.0017563321542602	0.062	0.0637563321542602	0	0.0275475720593636	PPIF	0	0.000339571428000516
NCF2:P19878:OID20567:v1	0.0202030309046223	0.0139634969361641	0.0341665278407864	0.0294	0.0635665278407864	0.317824987314461	0.219667447797969	NCF2	0.000131138680648229	0.000992418360394124
TSC22D1:Q15714:OID31016:v1	0.00177514051827375	0.00395507927148163	0.00573021978975539	0.0578	0.0635302197897554	0.0279416712888503	0.062255085604464	TSC22D1	0	0.00245019611915594
PDIA5:Q14554:OID31209:v1	0.032505389485196	0.0280868413432709	0.060592230828467	0.0028	0.063392230828467	0.512766139641817	0.443064409884409	PDIA5	0.0179442306813645	0.0213244343350162
DDT:P30046:OID30372:v1	0.0241031044361022	0	0.0241031044361022	0.0392	0.0633031044361022	0.380757067932296	0	DDT	0.00311409701700851	0
ARHGAP25:P42331:OID21255:v1	0.00719718371723022	0.00192387501467249	0.00912105873190271	0.0541	0.0632210587319027	0.11384155630406	0.0304309205391661	ARHGAP25	0.000279106514677582	0
CNTNAP4:Q9C0A0:OID30911:v1	0	0.00617074391772295	0.00617074391772295	0.057	0.0631707439177229	0	0.0976835720940704	CNTNAP4	1.70248784863894e-05	0.00521936909775105
PRDX1:Q06830:OID20962:v1	0.00342257172199664	0.00165903970790184	0.00508161142989849	0.058	0.0630816114298985	0.0542562506634773	0.0262998942210839	PRDX1	0	0
CALB2:P22676:OID20801:v1	0.00191885589655784	0	0.00191885589655784	0.0611	0.0630188558965578	0.0304489167449746	0	CALB2	0.000134119408917152	0
GRK5:P34947:OID20066:v1	0.0366969590193084	0	0.0366969590193084	0.0262	0.0628969590193084	0.583445679910264	0	GRK5	0	0.0160510056032507
CXCL14:O95715:OID20458:v1	0.00361404717396765	0.00433203034433288	0.00794607751830053	0.0547	0.0626460775183005	0.0576899195789536	0.0691508633252797	CXCL14	0	3.86291950326446e-05
DLG4:P78352:OID31071:v1	0	0.00334508207376192	0.00334508207376192	0.0589	0.0622450820737619	0	0.0537405038649948	DLG4	0	0.00122230607079839
PAFAH2:Q99487:OID31286:v1	0.00391656240726576	0	0.00391656240726576	0.0582	0.0621165624072657	0.063051821534922	0	PAFAH2	0.000139291061908929	0.000843157532429574
INSR:P06213:OID30566:v1	0	0.0207932190872593	0.0207932190872593	0.0411	0.0618932190872593	0	0.335953104296357	INSR	0.000260398980460664	0.0196517794465353
PGR:P06401:OID30460:v1	0	0.0177793274455667	0.0177793274455667	0.0437	0.0614793274455667	0	0.289191963937933	PGR	0	0.000244755328998332
TEX101:Q9BY14:OID30971:v1	0.0279997778507326	0	0.0279997778507326	0.0334	0.0613997778507326	0.456024090491045	0	TEX101	0.00832021368349051	0
DNAJC9:Q8WXX5:OID31472:v1	0	0.00131372871568845	0.00131372871568845	0.06	0.0613137287156884	0	0.0214263386554128	DNAJC9	0	0
IL17C:Q9P0M4:OID20477:v1	0.0107872051170394	0.00482433854134613	0.0156115436583855	0.0457	0.0613115436583855	0.175940850178937	0.0786856479788911	IL17C	0.00506980610706462	0.00127991352444038
CRACR2A:Q9BSW2:OID21249:v1	0.0228766844893861	0.00418358934730139	0.0270602738366875	0.0341	0.0611602738366875	0.374044834241133	0.0684037052952473	CRACR2A	0.00108259392719126	0.000146364559843631
NMT1:P30419:OID31021:v1	0	0.00139591451349602	0.00139591451349602	0.0594	0.060795914513496	0	0.0229606631410429	NMT1	0	0.000333349551528255
BAG6:P46379:OID20114:v1	0	0.00138255402437745	0.00138255402437745	0.0594	0.0607825540243774	0	0.0227459021189364	BAG6	0	0
SPTLC1:O15269:OID31086:v1	0.0162884990249944	0.00304109000090708	0.0193295890259015	0.0413	0.0606295890259015	0.268655936592871	0.0501585125310333	SPTLC1	0	0.00333888810360873
SRP14:P37108:OID21324:v1	0	0.011342856373721	0.011342856373721	0.0489	0.060242856373721	0	0.188285500663428	SRP14	0	0.00344526859346801
IMPACT:Q9P2X3:OID31112:v1	0	0.0021406788391864	0.0021406788391864	0.0581	0.0602406788391864	0	0.0355354368582231	IMPACT	0	0
AMBN:Q9NP70:OID20437:v1	0.00417621359524682	0	0.00417621359524682	0.056	0.0601762135952468	0.0693997402916804	0	AMBN	0.00353542124511766	1.58954065135558e-05
DNAJC21:Q5F1R6:OID31104:v1	0.00645876575175554	0.00590774263622363	0.0123665083879791	0.0478	0.0601665083879791	0.107348189629131	0.0981898866081441	DNAJC21	0	6.47260132177134e-05
SEZ6:Q53EL9:OID30968:v1	0.00337609611755233	0.00288112557845467	0.006257221696007	0.0539	0.060157221696007	0.056121210760244	0.047893261976324	SEZ6	0	0.0032702994503228
TAX1BP1:Q86VP1:OID31075:v1	0	0.00759149388573561	0.00759149388573561	0.0525	0.0600914938857356	0	0.126332254281627	TAX1BP1	0	0
BCL2:P10415:OID31454:v1	0	0.00322565098751904	0.00322565098751904	0.0567	0.059925650987519	0	0.0538275502120263	BCL2	0	0.00295985748264972
MAP3K5:Q99683:OID21253:v1	0	0.00147040932923479	0.00147040932923479	0.0583	0.0597704093292347	0	0.0246009579947044	MAP3K5	0	0
CHCHD6:Q9BRQ6:OID31426:v1	0.0343129167219859	0.00151612913218976	0.0358290458541757	0.0237	0.0595290458541757	0.576406294265827	0.0254687289277863	CHCHD6	0.0083510485999266	0
NECAP2:Q9NVZ3:OID30089:v1	0	0.00159192819250507	0.00159192819250507	0.0579	0.059491928192505	0	0.0267587257779556	NECAP2	0	0
BOLA2_BOLA2B:Q9H3K6:OID30267:v1	0.00838451417290495	0.0015827559544133	0.00996727012731825	0.0495	0.0594672701273182	0.14099376270264	0.0266155811595967	BOLA2_BOLA2B	0	0
GSTP1:P09211:OID20876:v1	0.0298388017235154	0	0.0298388017235154	0.0295	0.0593388017235154	0.502854807593638	0	GSTP1	0.0198786141358472	-1.06874061569833e-05
SCT:P09683:OID30951:v1	0	0.00329559876221461	0.00329559876221461	0.0559	0.0591955987622146	0	0.0556730370352844	SCT	0	0.00581421492579052
GIMAP8:Q8ND71:OID31194:v1	0.036016571044081	0	0.036016571044081	0.0229	0.058916571044081	0.611314786414396	0	GIMAP8	0.0039581774158174	0.000200161351695311
PDZD2:O15018:OID30151:v1	0.0272081677691434	0.00511527183237024	0.0323234396015136	0.0263	0.0586234396015136	0.46411756038349	0.0872564262203093	PDZD2	0.00911091134032674	1.30379938075321e-05
SWAP70:Q9UH65:OID31477:v1	0.0234695633251896	0	0.0234695633251896	0.0351	0.0585695633251896	0.400712622610519	0	SWAP70	0.00915816526559831	7.62796746013972e-06
CEP170:Q5SW79:OID30240:v1	0.00239082760379842	0.00187791300385889	0.00426874060765732	0.0541	0.0583687406076573	0.0409607536312814	0.032173265763636	CEP170	0	0
CWC15:Q9P013:OID31479:v1	0.00169672334878304	0.00251537571291143	0.00421209906169448	0.0539	0.0581120990616944	0.0291974197487123	0.0432848882337049	CWC15	0	0.000256106451747
FKBP7:Q9Y680:OID20846:v1	0.00601338181855205	0	0.00601338181855205	0.052	0.058013381818552	0.103655081466549	0	FKBP7	0.00196751026061358	0
ANXA1:P04083:OID30617:v1	0	0.0103735366872979	0.0103735366872979	0.0474	0.0577735366872979	0	0.179555161101616	ANXA1	0	0.000101102305308697
LMNB1:P20700:OID31501:v1	0	0.026658369540606	0.026658369540606	0.0311	0.057758369540606	0	0.46154989748913	LMNB1	0	0.0064871089592386
CEP112:Q8N8E3:OID30115:v1	0.0347004909750041	0	0.0347004909750041	0.023	0.0577004909750041	0.601389873615398	0	CEP112	0	0.0132299687143785
IFNG:P01579:OID20495:v1	0	0.00310831426593633	0.00310831426593633	0.0545	0.0576083142659363	0	0.0539560010658786	IFNG	0	0.000846505071690397
SFTPA1:Q8IWL2:OID21165:v1	0.0337623531304592	0	0.0337623531304592	0.0238	0.0575623531304592	0.586535318560384	0	SFTPA1	0	0.010548092482236
UBAC1:Q9BSL1:OID21336:v1	0.00832990343410169	0.00383349179765807	0.0121633952317597	0.0453	0.0574633952317597	0.144960168129741	0.0667118916694173	UBAC1	0	0.00202200558626529
TRAF3:Q13114-2:OID30479:v1	0	0.00636254030482234	0.00636254030482234	0.0508	0.0571625403048223	0	0.111306115349208	TRAF3	0	0
SLC16A1:P53985:OID20799:v1	0.00374778216050081	0.0157429699501803	0.0194907521106812	0.0376	0.0570907521106812	0.0656460463725373	0.275753416589427	SLC16A1	0.000421293520245355	0.0118840313524295
PCSK7:Q16549:OID31410:v1	0.0542823576894064	0.00275160271435588	0.0570339604037623	0	0.0570339604037623	0	0	PCSK7	0.0348916762454899	0.000671196200900629
VPS28:Q9UK41:OID31273:v1	0	0.00507547397167872	0.00507547397167872	0.0519	0.0569754739716787	0	0.0890817332068466	VPS28	0	9.09635347973662e-05
IMMT:Q16891:OID31397:v1	0.00667277449296518	0.00168337472061119	0.00835614921357638	0.0485	0.0568561492135763	0.117362406446123	0.0296076105029151	IMMT	0	-1.4166648904204e-05
SNX5:Q9Y5X3:OID30215:v1	0	0.0123317221324596	0.0123317221324596	0.0444	0.0567317221324596	0	0.217369077985452	SNX5	0	0
SERPINA1:P01009:OID30750:v1	0.0286280757343319	0	0.0286280757343319	0.0281	0.0567280757343319	0.504654447797638	0	SERPINA1	0.0168009711801702	8.870998717628e-05
CASP9:P55211:OID30530:v1	0.0049036948360683	0	0.0049036948360683	0.0517	0.0566036948360683	0.0866320626289511	0	CASP9	4.39891889144882e-05	0
EIF4G3:O43432:OID31022:v1	0.00270478052536501	0.00159688959360317	0.00430167011896818	0.0523	0.0566016701189681	0.0477862317433385	0.0282127645747333	EIF4G3	0	0
BAP18:Q8IXM2:OID31150:v1	0.0028091261102384	0.00704385050172884	0.00985297661196724	0.0466	0.0564529766119672	0.0497604604544963	0.124773766140714	BAP18	0	0.00502263012242573
RABGAP1L:Q5R372:OID20447:v1	0.00275808500361395	0.00157685247011965	0.0043349374737336	0.0521	0.0564349374737336	0.0488719422236914	0.0279410687901189	RABGAP1L	0	0
PPP1R14D:Q9NXH3:OID30997:v1	0.00174196689189568	0.00179139983614937	0.00353336672804506	0.0529	0.056433366728045	0.0308676762152133	0.0317436286369766	PPP1R14D	0	2.06655456472248e-05
HMBS:P08397:OID21385:v1	0.0219296959363661	0.00156523560905202	0.0234949315454182	0.0328	0.0562949315454182	0.389550095085798	0.0278042013034372	HMBS	0.00453707089127805	0.000422729932092972
IGFBP1:P08833:OID20246:v1	0	0.00522544032613176	0.00522544032613176	0.0509	0.0561254403261317	0	0.0931028833941962	IGFBP1	0	0
TCOF1:Q13428:OID30316:v1	0.00339671946582355	0.00219581259525838	0.00559253206108194	0.0504	0.0559925320610819	0.0606637946310071	0.0392161689145079	TCOF1	0	0.000848844456506593
AMOTL2:Q9Y2J4:OID31351:v1	0.0018424991202942	0.00165967042955653	0.00350216954985073	0.0522	0.0557021695498507	0.0330776904236244	0.0297954360300312	AMOTL2	0	0.000339462460617991
ST13:P50502:OID30624:v1	0.00150468646247751	0.00210909657310114	0.00361378303557866	0.0519	0.0555137830355786	0.0271047365212558	0.037992304933523	ST13	5.06215036361224e-06	0
BAMBI:Q13145:OID21267:v1	0	0.00179956064859709	0.00179956064859709	0.0537	0.055499560648597	0	0.032424772873271	BAMBI	0	0.000150555974902628
BTN1A1:Q13410:OID31363:v1	0.0270354467675126	0	0.0270354467675126	0.0284	0.0554354467675126	0.487692412417906	0	BTN1A1	0.0160667424688181	0.00020557318782443
CSRP3:P50461:OID30176:v1	0	0.00173062985209691	0.00173062985209691	0.0537	0.0554306298520969	0	0.031221544058126	CSRP3	0	0.000333640265328798
SNX2:O60749:OID31374:v1	0.00499262926147937	0.00448876880284675	0.00948139806432612	0.0457	0.0551813980643261	0.0904766721506287	0.0813456882265668	SNX2	0.00079380865049027	0.00388147018326446
CASP1:P29466:OID20854:v1	0	0.0385891345465591	0.0385891345465591	0.0163	0.0548891345465591	0	0.703037766314685	CASP1	0	0.0177526237589216
PSME1:Q06323:OID20969:v1	0.0046763189834411	0.00137977991626467	0.00605609889970577	0.0487	0.0547560988997057	0.0854027054046801	0.0251986526430955	PSME1	0	0
UNC5D:Q6UXZ4:OID30447:v1	0.00342568221930342	0	0.00342568221930342	0.0511	0.0545256822193034	0.0628269483273085	0	UNC5D	0	0
TSPAN1:O60635:OID20078:v1	0.0025438338457642	0.00345775695931532	0.00600159080507953	0.0483	0.0543015908050795	0.0468463963587277	0.0636768998486114	TSPAN1	0	0
COL3A1:P02461:OID30379:v1	0.00867763301930319	0.028611295633668	0.0372889286529712	0.0169	0.0541889286529712	0.160136641100163	0.527991535261682	COL3A1	0	0.0225083520360096
FUS:P35637:OID21256:v1	0	0.00381059383314816	0.00381059383314816	0.05	0.0538105938331481	0	0.0708149373887932	FUS	0	0
TP53:P04637:OID21232:v1	0.0018186707760873	0	0.0018186707760873	0.0517	0.0535186707760873	0.0339819870283457	0	TP53	0.000132638372388627	0
ITGAL:P20701:OID30537:v1	0.0171007832247206	0.00798007138615802	0.0250808546108787	0.0283	0.0533808546108787	0.32035424215999	0.149493136524864	ITGAL	0.00604642066786542	0.00786572356662752
BCL2L15:Q5TBC7:OID30498:v1	0.022476164914895	0.00524148896649846	0.0277176538813935	0.0255	0.0532176538813935	0.422344152280515	0.0984915452714282	BCL2L15	0.00147812145944192	0
FARSA:Q9Y285:OID30887:v1	0	0.00165780259463581	0.00165780259463581	0.0515	0.0531578025946358	0	0.0311864395012276	FARSA	0	0.00166613845993635
TDP1:Q9NUW8:OID31403:v1	0.00681412549418526	0.00520186655801752	0.0120159920522027	0.0411	0.0531159920522027	0.128287644284009	0.0979340939900942	TDP1	0	0
TLR4:O00206:OID30428:v1	0.0178867613643075	0.00208025763610839	0.0199670190004159	0.0328	0.0527670190004159	0.338976157894509	0.0394234443316192	TLR4	0	0.00499981709177339
DUSP3:P51452:OID20827:v1	0	0.00417288477173763	0.00417288477173763	0.0484	0.0525728847717376	0	0.0793733269508717	DUSP3	0	0.0014663276148451
CASC3:O15234:OID30921:v1	0	0.00752632354208684	0.00752632354208684	0.045	0.0525263235420868	0	0.143286699592754	CASC3	0	0
GIGYF2:Q6Y7W6:OID31062:v1	0	0.00430615401068505	0.00430615401068505	0.048	0.052306154010685	0	0.08232595364984	GIGYF2	0	0.000206702621575114
AZI2:Q9H6S1:OID31056:v1	0	0.00349121584091079	0.00349121584091079	0.0488	0.0522912158409107	0	0.0667648626020163	AZI2	0	0
NSFL1C:Q9UNZ2:OID21022:v1	0.00440776480266896	0.00191132897684509	0.00631909377951406	0.0458	0.052119093779514	0.0845710177025657	0.0366723371079863	NSFL1C	0.00133256638281881	0
NEDD4L:Q96PU5:OID30521:v1	0	0.00885597660889975	0.00885597660889975	0.0432	0.0520559766088997	0	0.170124108427267	NEDD4L	0	0.00516952228838352
MCTS1:Q9ULC4:OID31444:v1	0	0.0107498876156724	0.0107498876156724	0.0412	0.0519498876156724	0	0.206928024468514	MCTS1	0	0.00158939165292382
DEFB104A_DEFB104B:Q8WTQ1:OID30849:v1	0.0370758377253558	0	0.0370758377253558	0.0147	0.0517758377253558	0.716083782594191	0	DEFB104A_DEFB104B	0.0190595865778872	0.00797826496199051
SOD1:P00441:OID20386:v1	0.00180580386254465	0.0051922385079095	0.00699804237045416	0.0445	0.0514980423704541	0.0350654855878695	0.100823997746532	SOD1	0	0
LPCAT2:Q7L5N7:OID21290:v1	0.00761352710213739	0	0.00761352710213739	0.0438	0.0514135271021373	0.148084123600632	0	LPCAT2	0.000450291202745973	0
CA1:P00915:OID20409:v1	0.00514073696582721	0.0117326592574906	0.0168733962233178	0.0345	0.0513733962233178	0.10006613040494	0.228380058941194	CA1	0	0.000847054816327661
SESTD1:Q86VW0:OID20790:v1	0.00490077747292666	0.00340869008355575	0.00830946755648242	0.0429	0.0512094675564824	0.095700613710175	0.0665636696924466	SESTD1	0.000862513568391882	0
TXNL1:O43396:OID30872:v1	0	0.00784190646115889	0.00784190646115889	0.0433	0.0511419064611588	0	0.153336216887312	TXNL1	0	0.00558516870726912
SMNDC1:O75940:OID31471:v1	0	0.00868730615733827	0.00868730615733827	0.0424	0.0510873061573382	0	0.170048233324011	SMNDC1	0	0.00166047342060495
PXDNL:A1KZ92:OID31405:v1	0.0379620641735201	0	0.0379620641735201	0.0131	0.0510620641735201	0.743449462687538	0	PXDNL	0.0110015075701386	0
VSIG10L:Q86VR7:OID30189:v1	0.0267322568393629	0	0.0267322568393629	0.0239	0.0506322568393629	0.52796889785447	0	VSIG10L	0.0125080164313163	0.000161434657360863
RASSF2:P50749:OID21194:v1	0.00742050476861635	0	0.00742050476861635	0.0431	0.0505205047686163	0.146881049637216	0	RASSF2	0.000924223762722732	0
CHM:P24386:OID30972:v1	0	0.00171550797971126	0.00171550797971126	0.0487	0.0504155079797112	0	0.0340273865811613	CHM	0	0.00106355782453175
TTN:Q8WZ42:OID30108:v1	0	0.00208186267034614	0.00208186267034614	0.0482	0.0502818626703461	0	0.0414038494157442	TTN	0	0.00438350487549208
EIF2AK3:Q9NZJ5:OID30060:v1	0.0109041652311624	0.00405911198607392	0.0149632772172363	0.0352	0.0501632772172363	0.217373461943904	0.0809179984093861	EIF2AK3	0.00467780949378957	0
ADAMTS4:O75173:OID30471:v1	0.00824701763331289	0.00129541199559169	0.00954242962890459	0.0406	0.0501424296289045	0.164471839405223	0.0258346475266319	ADAMTS4	0.00650876079687485	0.0017993994335947
PSMD9:O00233:OID21304:v1	0.0179790402801457	0	0.0179790402801457	0.0321	0.0500790402801457	0.359013275405633	0	PSMD9	0.00460228508685326	0
KLF4:O43474:OID30808:v1	0	0.00504322132909895	0.00504322132909895	0.0449	0.0499432213290989	0	0.100979095758898	KLF4	0	4.18843986688056e-06
ATP6AP2:O75787:OID21178:v1	0	0.0015499263047077	0.0015499263047077	0.0482	0.0497499263047077	0	0.0311543437313803	ATP6AP2	0	0.000140345198577189
FOXO3:O43524:OID21271:v1	0	0.00261308514427301	0.00261308514427301	0.047	0.049613085144273	0	0.0526692733716168	FOXO3	0	0
LRIG3:Q6UXM1:OID30450:v1	0.00512274034994901	0	0.00512274034994901	0.0443	0.049422740349949	0.103651483379437	0	LRIG3	0.000194384380611329	0
GIP:P09681:OID30288:v1	0	0.0261985724291743	0.0261985724291743	0.0228	0.0489985724291743	0	0.534680320881663	GIP	0	0.00745731659153588
TADA3:O75528:OID31422:v1	0	0.00168877811071942	0.00168877811071942	0.0473	0.0489887781107194	0	0.0344727542888009	TADA3	0	0.000641556055283396
FBN2:P35556:OID30974:v1	0.0488483144581338	0	0.0488483144581338	0	0.0488483144581338	0	0	FBN2	0.0363121786690682	4.00647563596924e-05
ZBTB17:Q13105:OID20082:v1	0	0.00487461561552504	0.00487461561552504	0.0436	0.048474615615525	0	0.100560170588827	ZBTB17	0	0
EDF1:O60869:OID31010:v1	0	0.00141568124753572	0.00141568124753572	0.0468	0.0482156812475357	0	0.0293614278779495	EDF1	0	0.00114255584724611
PSMG3:Q9BT73:OID20549:v1	0.00123727907211194	0.0183110762368722	0.0195483553089842	0.0284	0.0479483553089842	0.0258044111031294	0.381891644017271	PSMG3	0	0.0133934195825599
F2:P00734:OID30723:v1	0.0221870498591571	0.0029172986439587	0.0251043485031158	0.0228	0.0479043485031158	0.463153148982164	0.0608984097501911	F2	0.0104655809278798	0.00114064720356959
IL18RAP:O95256:OID20900:v1	0	0.0187656648032661	0.0187656648032661	0.0291	0.0478656648032661	0	0.392048556734673	IL18RAP	0	0.0042084369768448
CAT:P04040:OID30712:v1	0.0325570758388101	0	0.0325570758388101	0.0153	0.0478570758388101	0.680298059757501	0	CAT	0.0129364371732135	0
CDC27:P30260:OID21238:v1	0.00425018058959654	0	0.00425018058959654	0.0434	0.0476501805895965	0.0891954770581601	0	CDC27	0	0.00200219848847922
SV2A:Q7L0J3:OID30965:v1	0.0137443987761486	0	0.0137443987761486	0.0335	0.0472443987761486	0.290921233674107	0	SV2A	0.00592820955346521	0
FNTA:P49354:OID31381:v1	0	0.00323866129504905	0.00323866129504905	0.0439	0.047138661295049	0	0.0687049908943682	FNTA	0	0.000808791981265262
PSME2:Q9UL46:OID20989:v1	0.0042460316219363	0	0.0042460316219363	0.0428	0.0470460316219363	0.0902527051815459	0	PSME2	0	0
NECTIN1:Q15223:OID30545:v1	0	0.0210025952750365	0.0210025952750365	0.026	0.0470025952750366	0	0.446839055421078	NECTIN1	7.23204930651284e-05	0.0072333322177877
GPR158:Q5T848:OID31013:v1	0.00395913446851783	0	0.00395913446851783	0.043	0.0469591344685178	0.0843102095753511	0	GPR158	1.94662134629069e-05	0
GRIK2:Q13002:OID30977:v1	0.044791811610444	0.00187313608300689	0.0466649476934509	0	0.0466649476934509	0	0	GRIK2	0.0256799159067336	4.90558099476424e-06
IQGAP2:Q13576:OID21361:v1	0.0127015898739006	0	0.0127015898739006	0.0339	0.0466015898739006	0.272557007352536	0	IQGAP2	0.000814381552993957	0
DYNC1H1:Q14204:OID31341:v1	0	0.0364821744632249	0.0364821744632249	0.0098	0.0462821744632249	0	0.788255411210488	DYNC1H1	0	0.02362233829592
ARL13B:Q3SXY8:OID30166:v1	0	0.00363340214723344	0.00363340214723344	0.0425	0.0461334021472334	0	0.0787585995855571	ARL13B	0	0
MEGF11:A6BM72:OID30099:v1	0.0154826699650034	0.00821178448575177	0.0236944544507551	0.0222	0.0458944544507551	0.337353829570331	0.178927597768114	MEGF11	0.00530199924370617	0.00157562109906984
ENSA:O43768:OID31355:v1	0.00148899725273654	0.00195170191146889	0.00344069916420544	0.0424	0.0458406991642054	0.0324819926372158	0.0425757448523576	ENSA	0	0.0019832895831196
COL24A1:Q17RW2:OID31464:v1	0.0218431442113584	0.00519781087582445	0.0270409550871829	0.0187	0.0457409550871829	0.47754018624502	0.113635818620694	COL24A1	0.018307502334297	0.00180906517273961
GNAS:O95467:OID31008:v1	0.00285453298773829	0.00545475721326831	0.00830929020100661	0.0373	0.0456092902010066	0.0625866566911688	0.119597502816387	GNAS	0	0.0012709592794945
ACRV1:P26436:OID30513:v1	0.00141288322718591	0.000545959537565421	0.00195884276475133	0.0434	0.0453588427647513	0.0311490139753713	0.0120364520849215	ACRV1	7.36491638816131e-05	0.000386856377739845
CASP4:P49662:OID31276:v1	0	0.0137544615319468	0.0137544615319468	0.0315	0.0452544615319468	0	0.303936033406055	CASP4	0	0.00503218733128245
TXN:P10599:OID30670:v1	0.00620264214795484	0	0.00620264214795484	0.039	0.0452026421479548	0.137218575136663	0	TXN	0	0
CABP2:Q9NPB3:OID30916:v1	0	0.0217033255329981	0.0217033255329981	0.0234	0.0451033255329981	0	0.48119124868342	CABP2	0	0.0128557693739719
EFNB2:P52799:OID30954:v1	0	0.013286488441878	0.013286488441878	0.0316	0.044886488441878	0	0.296001957450565	EFNB2	0	0.00459649407323967
RUVBL1:Q9Y265:OID21211:v1	0	0.0284194424976383	0.0284194424976383	0.0163	0.0447194424976383	0	0.635505295021045	RUVBL1	0	0.0211890545745413
IL36G:Q9NZH8:OID30551:v1	0.00679826731629877	0.00400631415702095	0.0108045814733197	0.0338	0.0446045814733197	0.152411862004919	0.0898184452065161	IL36G	0.00297409074827636	0.00104555967699245
FES:P07332:OID21207:v1	0.0126190098212328	0	0.0126190098212328	0.0319	0.0445190098212328	0.283452167330422	0	FES	0.00420199740418576	0
TGM2:P21980:OID20141:v1	0.0178055751489832	0.00674725248122355	0.0245528276302067	0.0199	0.0444528276302067	0.400549888459376	0.15178455097058	TGM2	0	0.012126387073746
ZNF830:Q96NB3:OID31350:v1	0	0.0034065635130569	0.0034065635130569	0.041	0.0444065635130569	0	0.0767130631951573	ZNF830	0	0.00241317034214254
UBE2Z:Q9H832:OID30427:v1	0	0.00170473854757433	0.00170473854757433	0.0427	0.0444047385475743	0	0.0383909150990251	UBE2Z	0	6.34128226832409e-05
ACOX1:Q15067:OID20124:v1	0.00275150319371679	0	0.00275150319371679	0.0413	0.0440515031937168	0.062461051138642	0	ACOX1	0	0.00170257146563564
ING1:Q9UK53:OID20853:v1	0	0.00142395104589589	0.00142395104589589	0.0426	0.0440239510458959	0	0.0323449170750575	ING1	0	0
ARHGAP5:Q13017:OID31190:v1	0	0.0344632771444117	0.0344632771444117	0.0092	0.0436632771444117	0	0.789296621745272	ARHGAP5	0	0.0225746111562701
IL12RB2:Q99665:OID30422:v1	0	0.00462460679819567	0.00462460679819567	0.039	0.0436246067981956	0	0.106009134239049	IL12RB2	0	0.0014292313648803
RRM2:P31350:OID21187:v1	0	0.00497963824394753	0.00497963824394753	0.0386	0.0435796382439475	0	0.114265249657943	RRM2	0	0.00158309180325921
FUT1:P19526:OID31295:v1	0	0.0397035228996388	0.0397035228996388	0.0037	0.0434035228996388	0	0.914753463479094	FUT1	1.71156375942403e-05	0.0134960491924402
RAP1A:P62834:OID30452:v1	0	0.00630964344547218	0.00630964344547218	0.037	0.0433096434454721	0	0.145686801910899	RAP1A	0	0.000152635984441658
NBN:O60934:OID20442:v1	0.00671015350674389	0.00405641839848795	0.0107665719052318	0.0324	0.0431665719052318	0.155447912831146	0.0939712888805125	NBN	0	0
EXOSC10:Q01780:OID30083:v1	0	0.00315101119396523	0.00315101119396523	0.04	0.0431510111939652	0	0.0730228818926475	EXOSC10	0	0.000617143723906881
TBC1D5:Q92609:OID20521:v1	0	0.00330943134449869	0.00330943134449869	0.0398	0.0431094313444987	0	0.0767681512208353	TBC1D5	0	0
GET3:O43681:OID30303:v1	0	0.00795007594930413	0.00795007594930413	0.0349	0.0428500759493041	0	0.185532365420071	GET3	0	0.00433243410639481
S100A11:P31949:OID20130:v1	0.00956939581485039	0.0184758071721326	0.028045202986983	0.0148	0.042845202986983	0.223348126457883	0.431222304577384	S100A11	0.000535046560719976	0.00807338995258857
FSHB:P01225:OID30233:v1	0.00607348087402004	0.00392274190071895	0.00999622277473899	0.0328	0.042796222774739	0.141916283266124	0.0916609374936331	FSHB	0.00145917296601849	-0.000833153271561495
LXN:Q9BS40:OID21003:v1	0.0323235848955169	0.00279022047602446	0.0351138053715413	0.0071	0.0422138053715413	0.765711231456712	0.0660973454410604	LXN	0.0131865460447302	0
MZT1:Q08AG7:OID21186:v1	0	0.00160779201029718	0.00160779201029718	0.0405	0.0421077920102971	0	0.0381827669782354	MZT1	0	0.000522598089938764
CRTAP:O75718:OID30902:v1	0	0.00849960689424897	0.00849960689424897	0.0336	0.0420996068942489	0	0.201892785260426	CRTAP	0	0.00588549518001681
NTF4:P34130:OID21208:v1	0	0.00148059920628395	0.00148059920628395	0.0406	0.0420805992062839	0	0.0351848413333158	NTF4	0	0.000210146376714967
IFNL1:Q8IU54:OID20795:v1	0	0.0236576085064564	0.0236576085064564	0.0184	0.0420576085064564	0	0.56250484386968	IFNL1	0	0.0109899491677374
PPME1:Q9Y570:OID21347:v1	0	0.00142582461702091	0.00142582461702091	0.0406	0.0420258246170209	0	0.03392734419882	PPME1	0	0
GAS2:O43903:OID31285:v1	0.00565637298222454	0	0.00565637298222454	0.0363	0.0419563729822245	0.134815585337201	0	GAS2	0.00364401408418118	0.000154954703705064
UGDH:O60701:OID30081:v1	0	0.00392540328720493	0.00392540328720493	0.0379	0.0418254032872049	0	0.0938521324050395	UGDH	0	0.000893698545832206
TRDMT1:O14717:OID31335:v1	0.0112018592210084	0.00302919487880062	0.014231054099809	0.0275	0.041731054099809	0.268429817138496	0.0725885061890751	TRDMT1	0.00206518730647754	0.00298799408296003
CEMIP2:Q9UHN6:OID30499:v1	0.0275130438184892	0.00140261416016027	0.0289156579786494	0.0125	0.0414156579786494	0.664315023865434	0.0338667602693491	CEMIP2	0	0.0111478696860305
XRCC4:Q13426:OID20869:v1	0.0021139512347293	0	0.0021139512347293	0.0393	0.0414139512347293	0.0510444227537642	0	XRCC4	0	0
AP3S2:P59780:OID31117:v1	0	0.00193615375628931	0.00193615375628931	0.0394	0.0413361537562893	0	0.0468392334638712	AP3S2	0	0
LRRFIP1:Q32MZ4:OID31344:v1	0.00290248864677712	0	0.00290248864677712	0.0382	0.0411024886467771	0.0706158858584032	0	LRRFIP1	5.91481341945968e-05	4.2164598804627e-05
SEPTIN9:Q9UHD8:OID21279:v1	0.00564309664694973	0.00125762227998903	0.00690071892693876	0.0341	0.0410007189269387	0.137634090197429	0.0306731762979583	SEPTIN9	0	0.000276502656340472
FGR:P09769:OID20828:v1	0.00710453699114681	0	0.00710453699114681	0.0336	0.0407045369911468	0.174539191852054	0	FGR	0.000489682336962777	5.90702251265152e-06
RCC1:P18754:OID31356:v1	0	0.00135451262943388	0.00135451262943388	0.0391	0.0404545126294338	0	0.0334823618279946	RCC1	0	0.00383317625478336
RGS8:P57771:OID20454:v1	0	0.0173461862788299	0.0173461862788299	0.0231	0.0404461862788299	0	0.428870750860117	RGS8	0	0.0168632873331948
M6PR:P20645:OID30208:v1	0.0151713750741867	0	0.0151713750741867	0.0251	0.0402713750741867	0.376728508679887	0	M6PR	0.000283654662051995	0.00298381130044346
PPM1B:O75688:OID30548:v1	0	0.00415041917985565	0.00415041917985565	0.0361	0.0402504191798556	0	0.103114930587675	PPM1B	0	4.6320719680585e-05
NGRN:Q9NPE2:OID31115:v1	0	0.00356665991689097	0.00356665991689097	0.0364	0.0399666599168909	0	0.0892408803814904	NGRN	0	0.0067460093404013
IKZF2:Q9UKS7:OID21213:v1	0	0.0131189266456317	0.0131189266456317	0.0267	0.0398189266456317	0	0.329464597636786	IKZF2	0	0.00398209745747084
KDM3A:Q9Y4C1:OID30426:v1	0	0.0111072425082651	0.0111072425082651	0.0285	0.0396072425082651	0	0.280434632780792	KDM3A	0	0
LARP1:Q6PKG0:OID31372:v1	0	0.00237650331049828	0.00237650331049828	0.0372	0.0395765033104982	0	0.060048339588098	LARP1	0	0
ATG4A:Q8WYN0:OID21246:v1	0.00388142193278004	0.0050569140837892	0.00893833601656925	0.0305	0.0394383360165692	0.0984174872679552	0.128223312506507	ATG4A	0	0
DUSP29:Q68J44:OID30935:v1	0.00966588333254489	0.00215595660764136	0.0118218399401862	0.0276	0.0394218399401862	0.245191075485332	0.0546893957997025	DUSP29	-2.48614510947982e-05	0.00129309719596186
EIF2S2:P20042:OID30270:v1	0	0.00248838352981189	0.00248838352981189	0.0369	0.0393883835298118	0	0.063175568703613	EIF2S2	0	0
SNED1:Q8TER0:OID30205:v1	0.0259815189251556	0	0.0259815189251556	0.0134	0.0393815189251556	0.659738873316018	0	SNED1	0.00948168542014016	0.000429249849142064
IL17F:Q96PD4:OID20456:v1	0.0187525145160071	0.00204308353874387	0.020795598054751	0.0182	0.038995598054751	0.480887983553375	0.0523926709849487	IL17F	0.00582376431440489	0.0011367639165764
TRAF2:Q12933:OID20507:v1	0.00269747805566009	0.00729290414685049	0.00999038220251058	0.0288	0.0387903822025105	0.0695398679388496	0.188008050778589	TRAF2	0	0.000425479732490833
ARG2:P78540:OID31339:v1	0.00417137204819532	0.00566123668751894	0.00983260873571427	0.0289	0.0387326087357142	0.107696645910375	0.146162029161203	ARG2	0.000683793381748796	0.00465862844266757
PPP1R12B:O60237:OID31304:v1	0	0.00218888371300706	0.00218888371300706	0.0365	0.038688883713007	0	0.0565765538557311	PPP1R12B	0	0.000413335801801566
MTUS1:Q9ULD2:OID31315:v1	0.0316636901130927	0	0.0316636901130927	0.0069	0.0385636901130927	0.821075214022182	0	MTUS1	0.0174099989027442	4.0304841331198e-05
EPHX2:P34913:OID20119:v1	0.0149488617046284	0	0.0149488617046284	0.0236	0.0385488617046284	0.387789964309985	0	EPHX2	0.00726227911230758	0
TP53INP1:Q96A56:OID20120:v1	0	0.00677791254852619	0.00677791254852619	0.0316	0.0383779125485262	0	0.176609724146825	TP53INP1	0	0.000219647046959556
LYSMD3:Q7Z3D4:OID30950:v1	0.00143574228591452	0.00654199698158805	0.00797773926750257	0.0304	0.0383777392675025	0.0374108093211806	0.170463323438326	LYSMD3	0	0
ANK2:Q01484:OID30161:v1	0	0.00378716644220625	0.00378716644220625	0.0344	0.0381871664422062	0	0.0991738009139244	ANK2	0	0.000222622421282672
SLIRP:Q9GZT3:OID31174:v1	0	0.0016846765214097	0.0016846765214097	0.0365	0.0381846765214097	0	0.0441191775047545	SLIRP	0	0.000688682957079059
GAPDH:P04406:OID30600:v1	0	0.0018021632906247	0.0018021632906247	0.0361	0.0379021632906247	0	0.0475477686275094	GAPDH	0	0
CCNE1:P24864:OID30456:v1	0	0.0099769832633793	0.0099769832633793	0.0276	0.0375769832633793	0	0.265507829445755	CCNE1	0	0.00187071182764226
HSPA2:P54652:OID31424:v1	0.00854635367559764	0	0.00854635367559764	0.029	0.0375463536755976	0.227621402318812	0	HSPA2	0.000431834724486541	0
PRDX6:P30041:OID21404:v1	0.0112786246822726	0	0.0112786246822726	0.0262	0.0374786246822726	0.300934860280703	0	PRDX6	0.00118087416347689	0
GART:P22102:OID31004:v1	0.00649131813414366	0.00161735878527654	0.00810867691942021	0.0293	0.0374086769194202	0.173524397778788	0.0432348566820581	GART	0	0.0046715834632903
GCLM:P48507:OID30059:v1	0.00180403452741866	0	0.00180403452741866	0.0355	0.0373040345274186	0.0483603060707196	0	GCLM	0	0
NEO1:Q92859:OID31066:v1	0.0043702041105817	0	0.0043702041105817	0.0329	0.0372702041105817	0.117257316263017	0	NEO1	0	0
WAS:P42768:OID20479:v1	0	0.0115545432982669	0.0115545432982669	0.0257	0.0372545432982669	0	0.310151253385637	WAS	0	0.0029366288348533
IRAG2:Q12912:OID20085:v1	0	0.00360515392150399	0.00360515392150399	0.0332	0.036805153921504	0	0.0979524207178394	IRAG2	0	0
S100A3:P33764:OID31352:v1	0.0096911554679277	0	0.0096911554679277	0.0271	0.0367911554679277	0.26340992406112	0	S100A3	0.000250692054523716	0.000125106265970996
MYCBP2:O75592:OID30996:v1	0	0.00195335606268472	0.00195335606268472	0.0347	0.0366533560626847	0	0.0532926932896426	MYCBP2	0	0
GBP2:P32456:OID20489:v1	0.00741192548137263	0	0.00741192548137263	0.0292	0.0366119254813726	0.202445661732368	0	GBP2	0.00432003567192494	0
C2orf69:Q8N8R5:OID30883:v1	0.00407848108461553	0.00180005268287313	0.00587853376748867	0.0307	0.0365785337674886	0.111499304770945	0.0492106297730566	C2orf69	0	0
IL2RG:P31785:OID31361:v1	0	0.00270116879800939	0.00270116879800939	0.0335	0.0362011687980093	0	0.0746155134681155	IL2RG	0	0.00125851852374617
EDDM3B:P56851:OID31365:v1	0.0131645139949366	0	0.0131645139949366	0.0228	0.0359645139949366	0.366041759852227	0	EDDM3B	0.00508446696402291	0.000434893948790973
COMMD9:Q9P000:OID31390:v1	0	0.004016448349543	0.004016448349543	0.0317	0.035716448349543	0	0.112453744287102	COMMD9	0	0
GABARAP:O95166:OID31414:v1	0	0.0184607820870164	0.0184607820870164	0.0172	0.0356607820870164	0	0.517677431806458	GABARAP	0	0.0191663372455025
HAGH:Q16775:OID21459:v1	0.0135057078061832	0	0.0135057078061832	0.0221	0.0356057078061832	0.379312998907379	0	HAGH	4.46488345288242e-05	0
MYL4:P12829:OID30245:v1	0	0.00561440396005046	0.00561440396005046	0.0298	0.0354144039600504	0	0.158534475587499	MYL4	0	0
ATP2B4:P23634:OID30062:v1	0	0.00216975785618429	0.00216975785618429	0.0331	0.0352697578561842	0	0.0615189325946519	ATP2B4	0	0.000722317609367375
DNAJA4:Q8WW22:OID31130:v1	0.016600687570484	0.00290752232509108	0.0195082098955751	0.0157	0.0352082098955751	0.471500471615012	0.0825808052643	DNAJA4	0.00459836356382671	0.000302644961288526
CA11:O75493:OID21195:v1	0.00206287214631326	0.014035643538482	0.0160985156847952	0.0191	0.0351985156847952	0.0586067936723923	0.39875668804253	CA11	0.000315861304790614	0.00506036247052326
PSMG4:Q5JS54:OID30514:v1	0.0165670209948059	0	0.0165670209948059	0.0183	0.0348670209948059	0.475148737176999	0	PSMG4	0.00311777031216213	0
AP2B1:P63010:OID30949:v1	0	0.00476097290702086	0.00476097290702086	0.0301	0.0348609729070208	0	0.136570282181138	AP2B1	0	0.00040313840267153
CDK5RAP3:Q96JB5:OID30985:v1	0	0.0067779076924929	0.0067779076924929	0.028	0.0347779076924929	0	0.194891186451563	CDK5RAP3	0	0.00172643097081302
SPRING1:Q9H741:OID31197:v1	0	0.00434066882109406	0.00434066882109406	0.0303	0.034640668821094	0	0.125305572000124	SPRING1	0	0.00407857443131023
SIRT1:Q96EB6:OID30439:v1	0	0.00509165468759708	0.00509165468759708	0.0293	0.034391654687597	0	0.148049133833427	SIRT1	0	0
TK1:P04183:OID31294:v1	0.00300496171115282	0.00233921334636486	0.00534417505751768	0.029	0.0343441750575176	0.0874955274401053	0.0681109196085589	TK1	0	0.00528460273896953
SPRED2:Q7Z698:OID30423:v1	0.00261818103752734	0	0.00261818103752734	0.0312	0.0338181810375273	0.0774193335419786	0	SPRED2	0	0
BLVRB:P30043:OID21141:v1	0.0302868348719198	0.00241957122171571	0.0327064060936356	8e-04	0.0335064060936356	0.903911770999299	0.0722121977198652	BLVRB	0.0140131570523209	0
CLIC5:Q9NZA1:OID30890:v1	0.00801380724399998	0	0.00801380724399998	0.0254	0.0334138072439999	0.239835203018925	0	CLIC5	0.00268513979811618	0.00111484800392863
MICALL2:Q8IY33:OID30889:v1	0.00534539964165423	0	0.00534539964165423	0.0279	0.0332453996416542	0.160786144828194	0	MICALL2	0.000961924550685029	0
CGA:P01215:OID21069:v1	0	0.00186380989057133	0.00186380989057133	0.0313	0.0331638098905713	0	0.0562001138204939	CGA	0.000484876149170852	-0.00109301251194542
INPP5J:Q15735:OID30975:v1	0	0.00214113684928305	0.00214113684928305	0.031	0.033141136849283	0	0.0646066204373244	INPP5J	0	0.000608307111521828
RABEPK:Q7Z6M1:OID21163:v1	0.0218536067918505	0	0.0218536067918505	0.0112	0.0330536067918505	0.661156494341749	0	RABEPK	0	0.00638306882649736
NAA10:P41227:OID30188:v1	0	0.00137390782550106	0.00137390782550106	0.0314	0.032773907825501	0	0.0419207813976959	NAA10	0	0
TPR:P12270:OID30143:v1	0.00202779278695442	0	0.00202779278695442	0.0301	0.0321277927869544	0.0631164674274734	0	TPR	0	0
CEBPA:P49715:OID30458:v1	0	0.00170595269991704	0.00170595269991704	0.0304	0.032105952699917	0	0.0531350904258154	CEBPA	0	0.000425508741662949
SELENOP:P49908:OID30745:v1	0.00718920644647065	0	0.00718920644647065	0.0248	0.0319892064464706	0.22473850542372	0	SELENOP	8.00462612180663e-05	3.4868670414963e-05
IL11:P20809:OID20455:v1	0	0.00398408343504543	0.00398408343504543	0.028	0.0319840834350454	0	0.124564564844775	IL11	0	0
IL20RB:Q6UXL0:OID30461:v1	0.00913596188508953	0	0.00913596188508953	0.0224	0.0315359618850895	0.289699801083571	0	IL20RB	0.00672877153306156	0
CAPN3:P20807:OID31384:v1	0	0.00361347164276657	0.00361347164276657	0.0278	0.0314134716427665	0	0.115029363320899	CAPN3	1.01988535579268e-06	0
SIL1:Q9H173:OID30207:v1	0.00270403819426071	0.019875498120637	0.0225795363148977	0.0087	0.0312795363148977	0.0864475153032508	0.635415369350305	SIL1	0.000550426011581757	0.00309797882067071
STX16:O14662:OID21170:v1	0.00294687606402864	0	0.00294687606402864	0.0283	0.0312468760640286	0.0943094617839601	0	STX16	0	0
RALB:P11234:OID30567:v1	0.00620238572132213	0	0.00620238572132213	0.025	0.0312023857213221	0.198779214407433	0	RALB	0.00396757258833141	0
SUMF1:Q8NBK3:OID30486:v1	0.00601994392686552	0	0.00601994392686552	0.0251	0.0311199439268655	0.193443276794228	0	SUMF1	0.000105115756615952	0
ERI1:Q8IV48:OID31317:v1	0.00260510906950793	0.00400638191208463	0.00661149098159256	0.0244	0.0310114909815925	0.0840046378632438	0.129190238368825	ERI1	0	0.000593944869389168
CSF2RA:P15509:OID20915:v1	0	0.00507432358026704	0.00507432358026704	0.0259	0.030974323580267	0	0.163823547820743	CSF2RA	0	0.00368536331455607
STAU1:O95793:OID31210:v1	0	0.0139379195873643	0.0139379195873643	0.0167	0.0306379195873643	0	0.454923825608335	STAU1	0	0.00658346084821902
HADH:Q16836:OID30132:v1	0.00178907870510418	0.00550789474965261	0.0072969734547568	0.0233	0.0305969734547568	0.0584724076631196	0.180014365074279	HADH	0	0.00127491783828386
MYLPF:Q96A32:OID30917:v1	0	0.00141857575399965	0.00141857575399965	0.0291	0.0305185757539996	0	0.046482370784087	MYLPF	0	0.00104984416523704
ERC2:O15083:OID30880:v1	0.00253387486393462	0	0.00253387486393462	0.0278	0.0303338748639346	0.0835328448904254	0	ERC2	0.000599940942266495	0
ESR1:P03372:OID30434:v1	0	0.00304090287824631	0.00304090287824631	0.0271	0.0301409028782463	0	0.100889574891966	ESR1	0	0
HDAC8:Q9BY41:OID30436:v1	0	0.00393206522734618	0.00393206522734618	0.0262	0.0301320652273461	0	0.130494381904419	HDAC8	0	0.000451931170806802
KLK3:P07288:OID30364:v1	0.00309555078669054	0	0.00309555078669054	0.027	0.0300955507866905	0.102857422634694	0	KLK3	0.0013093362450886	0.000191458039229592
USP47:Q96K76:OID30119:v1	0	0.00424664008648864	0.00424664008648864	0.0258	0.0300466400864886	0	0.14133494042145	USP47	0	0
VCPKMT:Q9H867:OID31179:v1	0.00435146953687452	0.0012643291055793	0.00561579864245383	0.0244	0.0300157986424538	0.144972638866249	0.042122121108284	VCPKMT	0.000183666086717542	0.000522614682599354
TPM3:P06753:OID30058:v1	0	0.00159769073846382	0.00159769073846382	0.028	0.0295976907384638	0	0.0539802497627809	TPM3	0	0.000160169256371736
GKN1:Q9NS71:OID20885:v1	0	0.00787258959472665	0.00787258959472665	0.0217	0.0295725895947266	0	0.266212384597204	GKN1	1.5021044683053e-05	0.0064543434193616
NENF:Q9UMX5:OID31354:v1	0	0.00705602680746855	0.00705602680746855	0.0223	0.0293560268074685	0	0.240360415724699	NENF	0	0.00550882144755638
DCC:P43146:OID30953:v1	0.0292343700964502	0	0.0292343700964502	0	0.0292343700964502	0	0	DCC	0	0.0175881272716654
SSH3:Q8TE77:OID31216:v1	0	0.00246793030150592	0.00246793030150592	0.0267	0.0291679303015059	0	0.0846110874510184	SSH3	4.00785892388358e-05	0.000359099902227453
RBP1:P09455:OID30913:v1	0.00569364970417253	0.00291798667189786	0.00861163637607039	0.0201	0.0287116363760703	0.198304604781003	0.101630803402408	RBP1	0.000904394828779033	0.00314283906827431
YOD1:Q5VVQ6:OID30181:v1	0.00695777318342727	0.00204194546381161	0.00899971864723889	0.0197	0.0286997186472388	0.242433498005621	0.071148623054814	YOD1	0	0.000171334282619363
THSD1:Q9NS62:OID30476:v1	0.0150322212497869	0.0125652542338083	0.0275974754835952	8e-04	0.0283974754835952	0.529350619863051	0.4424778618461	THSD1	0.00398440598729714	0.00817538711530955
TIMP2:P16035:OID30318:v1	0.00699144060423009	0.00833668709812262	0.0153281277023527	0.0129	0.0282281277023527	0.247676384277069	0.295332626592439	TIMP2	0	0.0045839940460456
NEB:P20929:OID30105:v1	0	0.00160522184921094	0.00160522184921094	0.0266	0.0282052218492109	0	0.056912222062733	NEB	0	0.000449624201668124
CEACAM3:P40198:OID21245:v1	0	0.00559804722078092	0.00559804722078092	0.0224	0.0279980472207809	0	0.199944202416585	CEACAM3	0	0.0093973608089437
SLIT2:O94813:OID20862:v1	0.00422597206096122	0	0.00422597206096122	0.0237	0.0279259720609612	0.15132766199637	0	SLIT2	5.05112143601316e-05	0.000341864734211395
NEDD9:Q14511:OID30503:v1	0	0.00423722008345175	0.00423722008345175	0.0236	0.0278372200834517	0	0.152214196343931	NEDD9	0	0.00210198882726493
NUBP1:P53384:OID31412:v1	0	0.00283169534349777	0.00283169534349777	0.025	0.0278316953434977	0	0.101743544852338	NUBP1	0	0.00580120514832802
CNPY2:Q9Y2B0:OID20069:v1	0	0.0102018788441276	0.0102018788441276	0.0176	0.0278018788441276	0	0.366949259124713	CNPY2	0	0.00369485310124746
GNPDA1:P46926:OID30197:v1	0.010384802211267	0.0119248178498142	0.0223096200610813	0.0054	0.0277096200610813	0.37477245044773	0.430349381316957	GNPDA1	0	0
RAB44:Q7Z6P3:OID31346:v1	0.0253791905187776	0.00217463896871066	0.0275538294874883	0	0.0275538294874883	0	0	RAB44	0.000893688986969543	3.89554387234148e-05
CARHSP1:Q9Y2V2:OID20859:v1	0.00629468907698285	0	0.00629468907698285	0.0212	0.0274946890769828	0.228941998920527	0	CARHSP1	0.000571229827989746	0.000300246838158695
TNFAIP8:O95379:OID20433:v1	0.00431539180747958	0	0.00431539180747958	0.023	0.0273153918074795	0.157983888274226	0	TNFAIP8	0.00110996716685928	0
MPRIP:Q6WCQ1:OID31420:v1	0	0.00209208500119358	0.00209208500119358	0.0252	0.0272920850011935	0	0.0766553746663945	MPRIP	0	0.000461986385396708
DDI2:Q5TDH0:OID30602:v1	0.00162293526642579	0.00195288532477812	0.00357582059120391	0.0237	0.0272758205912039	0.0595008777462469	0.0715976745135177	DDI2	0	0.00110652218468432
RNF43:Q68DV7:OID31291:v1	0.00964543411673067	0.00356213725010604	0.0132075713668367	0.0138	0.0270075713668367	0.357138151584209	0.131894023410045	RNF43	0	0.00176961353811897
RELB:Q01201:OID30463:v1	0	0.00516116841688191	0.00516116841688191	0.0217	0.0268611684168819	0	0.192142364650012	RELB	0	0.00330631607275646
ARTN:Q5T4W7:OID20446:v1	0	0.0021264001114411	0.0021264001114411	0.0246	0.0267264001114411	0	0.0795617854471479	ARTN	0	0.00158494877193182
PTK7:Q13308:OID20880:v1	0.00171233674481043	0	0.00171233674481043	0.0249	0.0266123367448104	0.0643437200284318	0	PTK7	2.07133552805916e-06	0
SCRIB:Q14160:OID31455:v1	0	0.00132726303609402	0.00132726303609402	0.025	0.026327263036094	0	0.0504140150943294	SCRIB	0	0
ABCA2:Q9BZC7:OID30146:v1	0.00187714514371459	0	0.00187714514371459	0.0244	0.0262771451437146	0.0714364187375813	0	ABCA2	0	0.000236806919938738
EIF1AX:P47813:OID31125:v1	0	0.00426431751150433	0.00426431751150433	0.022	0.0262643175115043	0	0.162361634169114	EIF1AX	0	0.00255680489149599
PRDX2:P32119:OID30668:v1	0.0225008506674376	0.00175758435981479	0.0242584350272524	0.002	0.0262584350272524	0.856899912126713	0.0669340864370126	PRDX2	0.00332644745114937	0
C2CD2L:O14523:OID20864:v1	0.00153011729303413	0.00184514161056648	0.00337525890360062	0.0226	0.0259752589036006	0.0589067196100992	0.071034580152374	C2CD2L	0	0
LSM8:O95777:OID31269:v1	0	0.0143054208684141	0.0143054208684141	0.0112	0.0255054208684141	0	0.56087766370207	LSM8	0	0.00956780813732295
NFX1:Q12986:OID30158:v1	0	0.00144412236848935	0.00144412236848935	0.024	0.0254441223684893	0	0.05675661937068	NFX1	0	0
RFC4:P35249:OID31376:v1	0	0.00696202906191657	0.00696202906191657	0.0184	0.0253620290619165	0	0.274505996539949	RFC4	0	0.00280464067602708
FCER1A:P12319:OID30992:v1	0.0206701743328932	0	0.0206701743328932	0.0046	0.0252701743328932	0.817967223359739	0	FCER1A	0.0135079796589389	0
MAGED1:Q9Y5V3:OID21181:v1	0.00160994699666906	0.00467216461409436	0.00628211161076342	0.0183	0.0245821116107634	0.065492624155369	0.190063599420345	MAGED1	0	0.00438286352195979
BNIP2:Q12982:OID30292:v1	0	0.00146816060917321	0.00146816060917321	0.0228	0.0242681606091732	0	0.0604973995688104	BNIP2	0	0.000224308202541702
C9orf40:Q8IXQ3:OID31489:v1	0	0.00575260013967092	0.00575260013967092	0.0185	0.0242526001396709	0	0.237195191713121	C9orf40	0	0.000994869252987094
CA2:P00918:OID21149:v1	0.00657500103933476	0	0.00657500103933476	0.0176	0.0241750010393347	0.271975212271415	0	CA2	0	0.000262991759850181
SNX18:Q96RF0:OID31476:v1	0.00299593606850846	0	0.00299593606850846	0.021	0.0239959360685084	0.124851810738079	0	SNX18	4.47542192908428e-05	0
PKN3:Q6P5Z2:OID31311:v1	0.0139999805378267	0.00322511618958237	0.0172250967274091	0.0063	0.0235250967274091	0.595108309226008	0.137092579339951	PKN3	0	0.00175647067092039
KIAA2013:Q8IYS2:OID31392:v1	0	0.00165187739535255	0.00165187739535255	0.0217	0.0233518773953525	0	0.0707385263885168	KIAA2013	0	0
STX3:Q13277:OID31090:v1	0	0.0216140524678212	0.0216140524678212	0.0015	0.0231140524678212	0	0.935104413123217	STX3	0	0.00902699168184729
LTA4H:P09960:OID21452:v1	0.00785144520480914	0	0.00785144520480914	0.0152	0.0230514452048091	0.340605334505062	0	LTA4H	0	0
MYL6B:P14649:OID30936:v1	0	0.0051266662205315	0.0051266662205315	0.0179	0.0230266662205315	0	0.22264040184681	MYL6B	0	0.00172993647999676
ST8SIA1:Q92185:OID30442:v1	0	0.00229689259770757	0.00229689259770757	0.0207	0.0229968925977075	0	0.0998783895671426	ST8SIA1	-0.000120495577491668	0.000296321963195501
CACNB1:Q02641:OID30820:v1	0	0.00397868632172098	0.00397868632172098	0.0189	0.0228786863217209	0	0.173903617793982	CACNB1	0	0.00473016117842578
MMUT:P22033:OID30159:v1	0.00513453038131739	0	0.00513453038131739	0.0174	0.0225345303813174	0.227851670056291	0	MMUT	0.00289885170873923	0.000773369055588899
GTF2IRD1:Q9UHL9:OID31264:v1	0	0.00686822725201314	0.00686822725201314	0.0156	0.0224682272520131	0	0.305686210797861	GTF2IRD1	0	0.00195206516429191
PALM3:A6NDB9:OID30182:v1	0	0.00634561483708227	0.00634561483708227	0.0161	0.0224456148370822	0	0.282710671244287	PALM3	0	0.00608799736024714
NCLN:Q969V3:OID20448:v1	0	0.00282520982479614	0.00282520982479614	0.0193	0.0221252098247961	0	0.127691888446177	NCLN	0	0.000345930202461554
NOS2:P35228:OID30087:v1	0.00546548725986912	0	0.00546548725986912	0.0165	0.0219654872598691	0.248821580655511	0	NOS2	0	0.00334607367874761
ATP6V1F:Q16864:OID20843:v1	0	0.00184455906798901	0.00184455906798901	0.02	0.021844559067989	0	0.0844402060141386	ATP6V1F	0	0
MAP1LC3B2:A6NCE7:OID30074:v1	0	0.00458644693301229	0.00458644693301229	0.0171	0.0216864469330122	0	0.211489090268196	MAP1LC3B2	0	0.000502565896054958
C1QBP:Q07021:OID31007:v1	0	0.00252500096973676	0.00252500096973676	0.0185	0.0210250009697367	0	0.120095165435246	C1QBP	0	0.000406746143492182
PDIA3:P30101:OID30573:v1	0.00238793063777338	0	0.00238793063777338	0.0186	0.0209879306377733	0.113776373620926	0	PDIA3	0.000631470664775873	0
RANBP1:P43487:OID30258:v1	0.00166519719890857	0.0017195477951997	0.00338474499410828	0.0176	0.0209847449941082	0.0793527488361712	0.0819427539235044	RANBP1	0	0
MTHFD2:P13995:OID31078:v1	0.0209265833186658	0	0.0209265833186658	0	0.0209265833186658	0	0	MTHFD2	0.014502108367874	0.00122540903899229
RIPK4:P57078:OID30138:v1	0	0.0036121293062812	0.0036121293062812	0.0173	0.0209121293062812	0	0.172728910259571	RIPK4	0	0.0025278635734775
SCRIB:Q14160:OID30558:v1	0	0.00131048890374633	0.00131048890374633	0.0195	0.0208104889037463	0	0.0629725188008638	SCRIB	0	0
TSC1:Q92574:OID30478:v1	0	0.00378172138965586	0.00378172138965586	0.017	0.0207817213896558	0	0.181973442851477	TSC1	0	0
DGCR6:Q14129:OID30859:v1	0.0100969995778772	0.00165066546057963	0.0117476650384568	0.0087	0.0204476650384568	0.493797191947704	0.08072635469503	DGCR6	0.00446381168020656	0.00115339901061333
WASF3:Q9UPY6:OID20882:v1	0.0130400269819287	0	0.0130400269819287	0.0073	0.0203400269819287	0.641101754364153	0	WASF3	0.00652156318649896	0.000140085687956192
IGHMBP2:P38935:OID30123:v1	0.00318965546842581	0.00169353885606433	0.00488319432449014	0.0153	0.0201831943244901	0.158035215692072	0.0839083659819597	IGHMBP2	2.06374483943466e-05	0.000657247611423336
DLL4:Q9NR61:OID30255:v1	0	0.00567283740704712	0.00567283740704712	0.0145	0.0201728374070471	0	0.281211675511021	DLL4	0	0.000908752447670259
DCUN1D1:Q96GG9:OID30830:v1	0	0.00291396854048365	0.00291396854048365	0.017	0.0199139685404836	0	0.146327867022576	DCUN1D1	0	0.00214748891547681
RPL14:P50914:OID30284:v1	0.00238588858268307	0.00222310344079233	0.00460899202347541	0.0153	0.0199089920234754	0.119839747781795	0.111663284518422	RPL14	6.54386036090682e-06	0
USP28:Q96RU2:OID31084:v1	0.00516222067057236	0	0.00516222067057236	0.0146	0.0197622206705723	0.261216629275846	0	USP28	0.00113556722317987	0
SPINT3:P49223:OID31509:v1	0.00529043613114377	0	0.00529043613114377	0.0144	0.0196904361311437	0.268680495236773	0	SPINT3	0	0.000866385260019698
DEFB103A_DEFB103B:P81534:OID30534:v1	0	0.00233772476154155	0.00233772476154155	0.0172	0.0195377247615415	0	0.119651842273015	DEFB103A_DEFB103B	0	0.00060987569267202
ART5:Q96L15:OID30828:v1	0.0195012896960452	0	0.0195012896960452	0	0.0195012896960452	0	0	ART5	0.00640378233432022	0.000725502274866391
TSPAN15:O95858:OID30095:v1	0.00165956805833329	0	0.00165956805833329	0.0178	0.0194595680583332	0.0852828826086201	0	TSPAN15	0	0.000330871592626698
SEMA6C:Q9H3T2:OID30531:v1	0.00475022727270656	0	0.00475022727270656	0.0144	0.0191502272727065	0.248050699611107	0	SEMA6C	0	0
OMP:P47874:OID30835:v1	0.0182936516766739	0	0.0182936516766739	7e-04	0.0189936516766739	0.963145580854277	0	OMP	0.0108435886437165	0
TIGIT:Q495A1:OID31320:v1	0.00424120818217093	0.00154234964887708	0.00578355783104802	0.0132	0.018983557831048	0.223414821390031	0.081246606279174	TIGIT	0.000343701568130069	0.000729824564269211
H2AP:O75409:OID31232:v1	0	0.00546570117097697	0.00546570117097697	0.0134	0.0188657011709769	0	0.289716301633432	H2AP	0	0.00336601717409631
MANEAL:Q5VSG8:OID31244:v1	0	0.00236249440265021	0.00236249440265021	0.0165	0.0188624944026502	0	0.125248249368242	MANEAL	-2.10990298088824e-05	0.0010996878395624
MAPK13:O15264:OID31205:v1	0.00173010845720285	0	0.00173010845720285	0.0161	0.0178301084572028	0.0970329743846254	0	MAPK13	0	0
PCARE:A6NGG8:OID30838:v1	0	0.0135344648521304	0.0135344648521304	0.0042	0.0177344648521304	0	0.763173006063644	PCARE	0	0.00542787957332768
CGB3_CGB5_CGB8:P0DN86:OID30671:v1	0.00193531259231907	0.00177046475535527	0.00370577734767435	0.0138	0.0175057773476743	0.110552793736759	0.101136026135422	CGB3_CGB5_CGB8	0.000234349845021221	0.000699524354917073
MDM1:Q8TC05:OID30945:v1	0.0174016170827824	0	0.0174016170827824	0	0.0174016170827824	0	0	MDM1	0.0174508338811981	0.000423735332206353
SHD:Q96IW2:OID30098:v1	0	0.00880182306967159	0.00880182306967159	0.0083	0.0171018230696715	0	0.514671624996563	SHD	0	0.00506665814622133
PADI2:Q9Y2J8:OID20467:v1	0.00726450187120975	0	0.00726450187120975	0.0098	0.0170645018712097	0.425708404853352	0	PADI2	2.46593998278272e-05	7.62415187570676e-05
ATP6V1D:Q9Y5K8:OID21341:v1	0	0.00235584392428914	0.00235584392428914	0.0142	0.0165558439242891	0	0.142296818879336	ATP6V1D	0	0.000210584069168655
GLT8D2:Q9H1C3:OID20825:v1	0.0165031832393596	0	0.0165031832393596	0	0.0165031832393596	0	0	GLT8D2	0.00145145354295917	0
TMCO5A:Q8N6Q1:OID30940:v1	0	0.00144615640183451	0.00144615640183451	0.015	0.0164461564018345	0	0.0879327890663375	TMCO5A	0	0.000258322615167254
DOCK9:Q9BZ29:OID30836:v1	0	0.0153821333573151	0.0153821333573151	0.001	0.0163821333573151	0	0.938957889171774	DOCK9	0	0.00938181949357237
PARD3:Q8TEW0:OID31301:v1	0.00291745560003911	0	0.00291745560003911	0.0132	0.0161174556000391	0.181012169193258	0	PARD3	7.3236703303613e-05	0
RPA2:P15927:OID30453:v1	0.00545773638812326	0	0.00545773638812326	0.0106	0.0160577363881232	0.33988205162964	0	RPA2	0.00300587442481241	0.000317808125690234
TIGAR:Q9NQ88:OID20894:v1	0.00161045764151773	0.00190179177482215	0.00351224941633988	0.0125	0.0160122494163398	0.100576602302629	0.118771056169125	TIGAR	0	4.98569433516238e-05
C1QTNF6:Q9BXI9:OID31049:v1	0.00246104002789635	0	0.00246104002789635	0.0131	0.0155610400278963	0.158153955229498	0	C1QTNF6	0.00176951167159127	0.000148930188130858
GUCY2C:P25092:OID31318:v1	0	0.00704922710619022	0.00704922710619022	0.0085	0.0155492271061902	0	0.453349035167406	GUCY2C	0	0.00186910080353157
GLYR1:Q49A26:OID31364:v1	0	0.00443626113615172	0.00443626113615172	0.0111	0.0155362611361517	0	0.285542389978814	GLYR1	0	0
SPRR1B:P22528:OID31296:v1	0	0.00163329536205743	0.00163329536205743	0.0139	0.0155332953620574	0	0.105148027124174	SPRR1B	0	8.2143385206952e-05
CDH23:Q9H251:OID31074:v1	0.0111260256299366	0	0.0111260256299366	0.0042	0.0153260256299366	0.72595635023629	0	CDH23	0	0.00882055934676219
SCP2:P22307:OID21161:v1	0	0.00144100771088301	0.00144100771088301	0.0137	0.015141007710883	0	0.0951725102053313	SCP2	6.8726542904846e-06	0.000970596322241643
IL13:P35225:OID20430:v1	0	0.00589882830300852	0.00589882830300852	0.009	0.0148988283030085	0	0.395925651537132	IL13	0	0.00552459134632478
TGFB2:P61812:OID31417:v1	0.00845161893605557	0	0.00845161893605557	0.0059	0.0143516189360555	0.588896554020297	0	TGFB2	0.00626060992321687	0.000302603478115918
SHH:Q15465:OID30516:v1	0.00173647948061147	0	0.00173647948061147	0.0125	0.0142364794806114	0.121973939061013	0	SHH	0.00188930502860723	0
IMPG1:Q17R60:OID30814:v1	0	0.00391940947728666	0.00391940947728666	0.0098	0.0137194094772866	0	0.2856835408095	IMPG1	0	0.00131597825285573
CCDC134:Q9H6E4:OID31413:v1	0.00235857485514415	0.0015890762299021	0.00394765108504625	0.0092	0.0131476510850462	0.179391348301501	0.120863888128996	CCDC134	0.000743937032743061	0.00226203589822381
ATF2:P15336:OID20798:v1	0	0.0107526813000839	0.0107526813000839	0.0023	0.0130526813000839	0	0.823790993810198	ATF2	0	0.00522928355845924
RBPMS:Q93062:OID30507:v1	0	0.00276602740053794	0.00276602740053794	0.01	0.0127660274005379	0	0.216670959081709	RBPMS	0	0.00303128130661082
BCL7B:Q9BQE9:OID31421:v1	0	0.00124794027135917	0.00124794027135917	0.0114	0.0126479402713591	0	0.0986674703220328	BCL7B	0	0.0001235221516607
CLEC2L:P0C7M8:OID30884:v1	0	0.00229590705620617	0.00229590705620617	0.0097	0.0119959070562061	0	0.191390867355742	CLEC2L	0	0.00311702776644139
NPR1:P16066:OID30116:v1	0	0.00173589496559711	0.00173589496559711	0.0101	0.0118358949655971	0	0.146663600060896	NPR1	0	0
ITIH1:P19827:OID30722:v1	0.00951002277874006	0.00213075076257245	0.0116407735413125	0	0.0116407735413125	0	0	ITIH1	0.00487469235131191	0
ATP6V1G2:O95670:OID30167:v1	0.0114930314633864	0	0.0114930314633864	0	0.0114930314633864	0	0	ATP6V1G2	0.00657621660449848	0.000264986888271214
CLSPN:Q9HAW4:OID20831:v1	0	0.00668546265039461	0.00668546265039461	0.0048	0.0114854626503946	0	0.582080396227218	CLSPN	0	0.000746503950606421
IL10RA:Q13651:OID20420:v1	0.0105772853316405	0	0.0105772853316405	8e-04	0.0113772853316405	0.929684456644927	0	IL10RA	0.000658799855538003	0
KIR3DL2:P43630:OID31191:v1	0.0113426134088429	0	0.0113426134088429	0	0.0113426134088429	0	0	KIR3DL2	0.000848842579613732	2.7549518739478e-07
FEN1:P39748:OID21192:v1	0	0.00144311876222698	0.00144311876222698	0.0098	0.0112431187622269	0	0.128355734093583	FEN1	0	0
VTCN1:Q7Z7D3:OID21164:v1	0.00599377270584592	0.00315998614438257	0.0091537588502285	0.0016	0.0107537588502285	0.557365363062662	0.293849451935165	VTCN1	0.00133263171117048	0.0026373073451132
ADGRV1:Q8WXG9:OID30877:v1	0	0.0107370242102195	0.0107370242102195	0	0.0107370242102195	0	0	ADGRV1	0	0.00630622488638097
TEF:Q10587:OID30103:v1	0.0023965081126118	0	0.0023965081126118	0.0083	0.0106965081126118	0.224045836957407	0	TEF	0	0.000393694031483384
UROS:P10746:OID30964:v1	0.00838880285645173	0.00211471600619641	0.0105035188626481	0	0.0105035188626481	0	0	UROS	0	0.00051834394057293
PRUNE2:Q8WUY3:OID31270:v1	0	0.00417910775196022	0.00417910775196022	0.0061	0.0102791077519602	0	0.40656327891526	PRUNE2	0	0.000377186698425329
ANXA5:P08758:OID20810:v1	0.00940386962201662	0	0.00940386962201662	7e-04	0.0101038696220166	0.930719612763541	0	ANXA5	0.00551725207128973	0
PNPT1:Q8TCS8:OID20445:v1	0	0.00462506872287844	0.00462506872287844	0.0052	0.00982506872287844	0	0.470741615486984	PNPT1	0	0.00411241782241934
AIDA:Q96BJ3:OID30956:v1	0	0.00374519146175921	0.00374519146175921	0.006	0.00974519146175921	0	0.384311737378952	AIDA	0	0.002808536117782
EIF5:P55010:OID30156:v1	0.00211793552061877	0	0.00211793552061877	0.0076	0.00971793552061877	0.217940890441709	0	EIF5	0.00141090125177933	0.000989380338680722
TPBGL:P0DKB5:OID30928:v1	0	0.0018976514320829	0.0018976514320829	0.0078	0.00969765143208291	0	0.19568154675109	TPBGL	0	0.00156965366104875
DNAJB8:Q8NHS0:OID20093:v1	0	0.00602172506918562	0.00602172506918562	0.0033	0.00932172506918562	0	0.645988271966027	DNAJB8	0	0.0016779677960083
CLTA:P09496:OID20118:v1	0	0.00699875836464186	0.00699875836464186	0.0023	0.00929875836464186	0	0.752655149235229	CLTA	0	0.0018452755963268
CLASP1:Q7Z460:OID31192:v1	0	0.00217894975330731	0.00217894975330731	0.0071	0.00927894975330732	0	0.234827196098423	CLASP1	0	0
ACADM:P11310:OID31277:v1	0.00904043081907376	0	0.00904043081907376	0	0.00904043081907376	0	0	ACADM	0.00288755606312889	0.000502107663584883
SLC4A1:P02730:OID30369:v1	0.00191573140594705	0.00122443014170781	0.00314016154765486	0.0059	0.00904016154765486	0.211913403963895	0.135443391719636	SLC4A1	0	0
CIT:O14578:OID30970:v1	0.00390940055658263	0.00163593922666585	0.00554533978324849	0.0029	0.00844533978324849	0.462906248525016	0.193709106874631	CIT	0.000601487126178638	0
FAM171A2:A8MVW0:OID31005:v1	0	0.00261486308232533	0.00261486308232533	0.0057	0.00831486308232533	0	0.31448059414035	FAM171A2	0	0.00136603327497351
IL1A:P01583:OID20488:v1	0	0.00810278021215737	0.00810278021215737	0	0.00810278021215737	0	0	IL1A	0	0.00252634977509495
ACSL1:P33121:OID30080:v1	0	0.00257156033337514	0.00257156033337514	0.0053	0.00787156033337514	0	0.326690036595643	ACSL1	0	0.000485890897185715
HEBP1:Q9NRV9:OID20063:v1	0.00785236486424935	0	0.00785236486424935	0	0.00785236486424935	0	0	HEBP1	0.00263688871020432	0
INSL3:P51460:OID31129:v1	0	0.00206233477926864	0.00206233477926864	0.0056	0.00766233477926864	0	0.269152267380503	INSL3	0	0.000292920748705674
LYAR:Q9NX58:OID21264:v1	0.00149687223913668	0	0.00149687223913668	0.0061	0.00759687223913668	0.197037964048581	0	LYAR	0	0
THAP12:O43422:OID31238:v1	0	0.00445283778614527	0.00445283778614527	0.0031	0.00755283778614527	0	0.589558244493671	THAP12	0	6.81524625038488e-05
ITPRIP:Q8IWB1:OID30860:v1	0	0.00160905296124698	0.00160905296124698	0.0058	0.00740905296124698	0	0.217173904635738	ITPRIP	0	5.36563456772485e-05
MMP15:P51511:OID30299:v1	0	0.00398721618515774	0.00398721618515774	0.003	0.00698721618515774	0	0.57064445689077	MMP15	0	0.000498539938607543
GSAP:A4D1B5:OID21173:v1	0	0.00214385816173524	0.00214385816173524	0.0046	0.00674385816173524	0	0.31789787245223	GSAP	0	0.000316341751130247
LHB:P01229:OID21248:v1	0.00160759590219561	0.00504186118763227	0.00664945708982789	0	0.00664945708982789	0	0	LHB	0.000365602721738956	0.000285902308019594
OSTN:P61366:OID30909:v1	0.00663909674640064	0	0.00663909674640064	0	0.00663909674640064	0	0	OSTN	0.0004983669944126	-1.8175826098314e-05
TPPP3:Q9BW30:OID20842:v1	0.00201547965689022	0	0.00201547965689022	0.0041	0.00611547965689022	0.329570167831301	0	TPPP3	0.000665693920075916	0
CDAN1:Q8IWY9:OID31076:v1	0	0.00133651941603264	0.00133651941603264	0.0047	0.00603651941603264	0	0.221405635254469	CDAN1	0	9.54743677546566e-05
PCNA:P12004:OID31161:v1	0	0.00139765451473734	0.00139765451473734	0.0042	0.00559765451473734	0	0.249685740886229	PCNA	0	1.49039015108607e-05
ITIH5:Q86UX2:OID31430:v1	0.0053423191019143	0	0.0053423191019143	0	0.0053423191019143	0	0	ITIH5	0.00373485530174053	0
ENPEP:Q07075:OID30135:v1	0.00476624189752983	0	0.00476624189752983	4e-04	0.00516624189752983	0.922574279731025	0	ENPEP	7.36886850886096e-05	0
RALY:Q9UKM9:OID31382:v1	0.00268090201550096	0.00209519326260167	0.00477609527810263	0	0.00477609527810263	0	0	RALY	0	0.00147237311905671
SHPK:Q9UHJ6:OID31292:v1	0.00449813167198898	0	0.00449813167198898	0	0.00449813167198898	0	0	SHPK	0.00156033433771009	0
KIF1C:O43896:OID30163:v1	0.00390367267093633	0	0.00390367267093633	0	0.00390367267093633	0	0	KIF1C	0.000112632962612599	0
MORF4L2:Q15014:OID31160:v1	0	0.00363894553379424	0.00363894553379424	2e-04	0.00383894553379424	0	0.947902360624968	MORF4L2	0	0.00201339774697725
CEBPB:P17676:OID20052:v1	0	0.0036780148379404	0.0036780148379404	0	0.0036780148379404	0	0	CEBPB	0	8.92459666859909e-05
CDK1:P06493:OID31164:v1	0	0.00359082159906894	0.00359082159906894	0	0.00359082159906894	0	0	CDK1	0	0.00216402852681259
IL31:Q6EBC2:OID30487:v1	0	0.00322927286457388	0.00322927286457388	0	0.00322927286457388	0	0	IL31	0	0.000573672731679621
CENPF:P49454:OID31329:v1	0.00308035410464695	0	0.00308035410464695	0	0.00308035410464695	0	0	CENPF	0	0
CD82:P27701:OID31256:v1	0	0.00302066178400474	0.00302066178400474	0	0.00302066178400474	0	0	CD82	0	0.00142356434113461
ANKRD54:Q6NXT1:OID21162:v1	0.00233827576692109	0	0.00233827576692109	4e-04	0.00273827576692109	0.853922674687451	0	ANKRD54	0.000499818952040364	0
NRTN:Q99748:OID20465:v1	0.00169644859113254	0	0.00169644859113254	0.001	0.00269644859113254	0.629141826293826	0	NRTN	0.000121326499352342	0
FH:P07954:OID30839:v1	0	0.00267977735734368	0.00267977735734368	0	0.00267977735734368	0	0	FH	0	0.000887549649969101
CLNS1A:P54105:OID30929:v1	0	0.00245989532507425	0.00245989532507425	0	0.00245989532507425	0	0	CLNS1A	0	8.9460934183224e-05
SERPINB5:P36952:OID20064:v1	0.00146416625875493	0	0.00146416625875493	9e-04	0.00236416625875493	0.619316113379446	0	SERPINB5	0	0.000731064306098963
ENOX2:Q16206:OID30152:v1	0	0.00226709049167862	0.00226709049167862	0	0.00226709049167862	0	0	ENOX2	0	0
RCOR1:Q9UKL0:OID20073:v1	0	0.00218460003568296	0.00218460003568296	0	0.00218460003568296	0	0	RCOR1	0	0
DOC2B:Q14184:OID30927:v1	0.00206990107095826	0	0.00206990107095826	0	0.00206990107095826	0	0	DOC2B	0	0
DEFB118:Q96PH6:OID30858:v1	0	0.00191084959052265	0.00191084959052265	0	0.00191084959052265	0	0	DEFB118	0	0
TSPAN7:P41732:OID30810:v1	0	0.00187142742938555	0.00187142742938555	0	0.00187142742938555	0	0	TSPAN7	0	0
GAGE2A:Q6NT46:OID31199:v1	0.00183134235066035	0	0.00183134235066035	0	0.00183134235066035	0	0	GAGE2A	0	0
CEP152:O94986:OID31249:v1	0.00168439776690945	0	0.00168439776690945	0	0.00168439776690945	0	0	CEP152	0.000304620981537112	0
CEND1:Q8N111:OID30821:v1	0	0.00162083215278691	0.00162083215278691	0	0.00162083215278691	0	0	CEND1	0	0.000122167894031132
TXK:P42681:OID31262:v1	0	0.00158210982506112	0.00158210982506112	0	0.00158210982506112	0	0	TXK	0	0.000385254877902592
TET2:Q6N021:OID31266:v1	0	0.00153810662785085	0.00153810662785085	0	0.00153810662785085	0	0	TET2	0	0.00127299120158218
SCARB1:Q8WTV0:OID20805:v1	0	0.00147448566179145	0.00147448566179145	0	0.00147448566179145	0	0	SCARB1	0	0.000407387735248493
RNF168:Q8IYW5:OID30506:v1	0	0.0013569129116779	0.0013569129116779	0	0.0013569129116779	0	0	RNF168	0	4.98995082726738e-06
AKR1C4:P17516:OID20062:v1	0.00135505021110549	0	0.00135505021110549	0	0.00135505021110549	0	0	AKR1C4	4.77025173742298e-05	0
